image_id,split,y_true,y_pred,p,kappa
1015929339,cal,1,0,0.488753080368042,0.511246919631958
1494928875,cal,1,0,0.47632336616516113,0.5236766338348389
93540989,cal,0,0,0.4628150463104248,0.5371849536895752
1802559688,cal,0,0,0.4462015926837921,0.5537984371185303
660790023,cal,0,0,0.4963816702365875,0.5036183595657349
1114729288,cal,0,1,0.5249578356742859,0.5249578356742859
1742465484,cal,0,1,0.5468734502792358,0.5468734502792358
138126676,cal,1,1,0.5136481523513794,0.5136481523513794
511030638,cal,1,0,0.49254438281059265,0.507455587387085
2118457620,cal,1,1,0.5303951501846313,0.5303951501846313
87510051,cal,1,1,0.5022479295730591,0.5022479295730591
612451325,cal,1,0,0.49596598744392395,0.5040340423583984
1930741343,cal,1,0,0.4966473877429962,0.5033526420593262
304734585,cal,0,0,0.4833349585533142,0.5166650414466858
959874006,cal,0,0,0.4982556402683258,0.5017443895339966
846765464,cal,1,1,0.5950599908828735,0.5950599908828735
1179164048,cal,1,1,0.6110031604766846,0.6110031604766846
148322351,cal,0,1,0.5965882539749146,0.5965882539749146
625365082,cal,0,1,0.6055821776390076,0.6055821776390076
205845801,cal,0,1,0.563157320022583,0.563157320022583
1593154763,cal,0,1,0.5710114240646362,0.5710114240646362
40744983,cal,1,1,0.5763605237007141,0.5763605237007141
404195349,cal,1,1,0.5655141472816467,0.5655141472816467
1791966175,cal,0,1,0.5521761178970337,0.5521761178970337
2082667980,cal,0,1,0.5609562993049622,0.5609562993049622
1407408297,cal,1,1,0.5479066967964172,0.5479066967964172
1750199545,cal,1,1,0.5476611256599426,0.5476611256599426
1772713075,cal,1,1,0.5576602220535278,0.5576602220535278
546297810,cal,0,0,0.312663733959198,0.687336266040802
1210957311,cal,0,0,0.34195172786712646,0.6580482721328735
1363901308,cal,0,0,0.30689722299575806,0.6931027770042419
1531044870,cal,0,0,0.29834628105163574,0.7016537189483643
1552071751,cal,1,1,0.500196099281311,0.500196099281311
1696848234,cal,1,0,0.4985549747943878,0.5014450550079346
673430031,cal,0,1,0.5045322179794312,0.5045322179794312
1017899985,cal,0,1,0.5093029737472534,0.5093029737472534
178922776,test,0,1,0.5648592114448547,0.5648592114448547
1232323036,test,0,1,0.5743263363838196,0.5743263363838196
84759171,test,0,1,0.5727171897888184,0.5727171897888184
391411113,test,0,1,0.5710481405258179,0.5710481405258179
959243308,cal,0,0,0.49278396368026733,0.5072160363197327
2085309885,cal,0,0,0.4973643124103546,0.5026357173919678
109806777,cal,0,0,0.49579209089279175,0.5042079091072083
1810597773,cal,0,1,0.5103511214256287,0.5103511214256287
511740930,cal,0,1,0.5159329175949097,0.5159329175949097
1253788368,cal,0,0,0.48687663674354553,0.5131233930587769
56457662,cal,0,1,0.5022233724594116,0.5022233724594116
290080941,cal,0,1,0.5082117915153503,0.5082117915153503
423485163,test,0,1,0.5024241209030151,0.5024241209030151
1020108109,test,0,0,0.47546014189720154,0.5245398283004761
1427975247,test,0,0,0.48438844084739685,0.5156115293502808
1496684058,test,0,0,0.4786699116230011,0.5213301181793213
1799477497,test,0,0,0.4737420976161957,0.5262578725814819
2117982587,test,0,0,0.49575871229171753,0.5042412877082825
1171644752,test,0,0,0.4764258563518524,0.5235741138458252
1291668532,test,0,0,0.4729079604148865,0.5270920395851135
1388250402,test,0,0,0.4843396544456482,0.5156603455543518
1583554996,test,0,0,0.4810507893562317,0.5189492106437683
1007365058,test,0,0,0.4938289523124695,0.5061710476875305
1409724875,test,0,1,0.5183097720146179,0.5183097720146179
2146729780,test,0,1,0.5443665981292725,0.5443665981292725
638383617,test,0,1,0.5265316963195801,0.5265316963195801
1930036681,test,0,0,0.45548978447914124,0.5445102453231812
646160754,cal,0,1,0.5678679347038269,0.5678679347038269
1417451830,cal,0,1,0.5707014203071594,0.5707014203071594
1241750525,cal,0,1,0.5951188206672668,0.5951188206672668
1651091526,cal,0,1,0.5724788308143616,0.5724788308143616
1818960890,cal,0,1,0.5806242227554321,0.5806242227554321
72877667,cal,1,1,0.5130960941314697,0.5130960941314697
144499996,cal,1,0,0.25153249502182007,0.7484675049781799
941813033,cal,1,0,0.24609653651714325,0.7539034485816956
1810981641,cal,1,1,0.5019127130508423,0.5019127130508423
359519747,cal,0,1,0.5160459280014038,0.5160459280014038
847152258,cal,0,0,0.2615852653980255,0.7384147644042969
966680811,cal,0,0,0.25720441341400146,0.7427955865859985
1009133917,cal,0,0,0.4886317551136017,0.5113682746887207
184009996,cal,0,1,0.5274233818054199,0.5274233818054199
191725688,cal,0,1,0.5573211312294006,0.5573211312294006
1066181600,cal,0,1,0.5328953862190247,0.5328953862190247
1303873979,cal,0,1,0.53261399269104,0.53261399269104
1066853524,test,0,1,0.6451435685157776,0.6451435685157776
1502700313,test,0,1,0.5775686502456665,0.5775686502456665
41005936,test,0,1,0.5907127857208252,0.5907127857208252
2126975929,test,0,1,0.6296238303184509,0.6296238303184509
389308620,cal,0,1,0.5429069995880127,0.5429069995880127
904395183,cal,0,1,0.5422228574752808,0.5422228574752808
1155316112,cal,0,0,0.48970502614974976,0.5102949738502502
658863988,cal,1,1,0.5302715301513672,0.5302715301513672
1443104298,cal,1,0,0.48654043674468994,0.5134595632553101
1861682438,cal,1,1,0.5129661560058594,0.5129661560058594
656098349,test,0,1,0.6259012222290039,0.6259012222290039
1143357682,test,0,1,0.6114343404769897,0.6114343404769897
400076739,test,0,1,0.6116804480552673,0.6116804480552673
549322384,test,0,1,0.5983890891075134,0.5983890891075134
1933410639,test,0,1,0.599748432636261,0.599748432636261
543347978,test,0,1,0.5089796781539917,0.5089796781539917
553375133,test,0,1,0.5458335280418396,0.5458335280418396
998909338,test,0,1,0.5686099529266357,0.5686099529266357
1425512792,test,0,1,0.5372539758682251,0.5372539758682251
1809890037,test,0,1,0.5671413540840149,0.5671413540840149
955062669,test,0,1,0.5478963255882263,0.5478963255882263
1057081367,test,0,1,0.5934882760047913,0.5934882760047913
1400240217,test,0,1,0.5714870691299438,0.5714870691299438
1505408999,test,0,1,0.5721070170402527,0.5721070170402527
1843156127,test,0,1,0.5609729886054993,0.5609729886054993
1110237343,cal,0,0,0.46389469504356384,0.5361052751541138
1370359228,cal,0,1,0.5251632928848267,0.5251632928848267
1101857088,cal,0,0,0.4688189923763275,0.5311809778213501
1450900498,cal,0,0,0.4559614956378937,0.5440385341644287
459108978,cal,0,0,0.4888555705547333,0.5111443996429443
1659831787,cal,0,0,0.49534258246421814,0.5046573877334595
1485214312,cal,1,0,0.49870577454566956,0.5012942552566528
1876592005,cal,1,1,0.5123749375343323,0.5123749375343323
203266830,cal,0,0,0.4908289313316345,0.5091710686683655
2010537461,cal,0,0,0.48831483721733093,0.5116851329803467
1299980625,cal,0,0,0.4641297161579132,0.5358703136444092
1636388591,cal,0,0,0.4809276759624481,0.5190722942352295
289969944,cal,0,1,0.5289313793182373,0.5289313793182373
1601283659,cal,0,1,0.5040955543518066,0.5040955543518066
790270949,cal,0,1,0.5314691066741943,0.5314691066741943
1265652476,cal,0,1,0.5094686150550842,0.5094686150550842
1293798902,cal,0,1,0.6203113198280334,0.6203113198280334
1384876691,cal,0,1,0.598832905292511,0.598832905292511
1508095162,cal,1,1,0.5931792259216309,0.5931792259216309
1853998836,cal,1,1,0.6124049425125122,0.6124049425125122
917488770,cal,0,0,0.47600460052490234,0.5239953994750977
1975704724,cal,0,1,0.5097224712371826,0.5097224712371826
1122937933,cal,0,0,0.47922196984291077,0.5207780599594116
1254977184,cal,0,0,0.48451992869377136,0.5154800415039062
1469558197,cal,0,0,0.4996628761291504,0.5003371238708496
633206551,cal,0,0,0.484724760055542,0.515275239944458
2066970933,cal,0,1,0.5191715955734253,0.5191715955734253
863089036,cal,0,0,0.48291048407554626,0.5170894861221313
1107029457,cal,0,1,0.5088944435119629,0.5088944435119629
59119681,cal,0,1,0.5937785506248474,0.5937785506248474
181017034,cal,0,1,0.5844485759735107,0.5844485759735107
1869842826,cal,0,1,0.56912761926651,0.56912761926651
1896490677,cal,0,1,0.5944476127624512,0.5944476127624512
1560406967,cal,0,0,0.48303359746932983,0.5169664025306702
2081820776,cal,0,0,0.4428166151046753,0.5571833848953247
922852964,cal,0,0,0.4381222128868103,0.5618777871131897
1336183611,cal,0,0,0.4735909104347229,0.5264090895652771
348975476,cal,0,1,0.5187931656837463,0.5187931656837463
1055872560,cal,0,1,0.5194709300994873,0.5194709300994873
220239524,cal,0,1,0.5109339356422424,0.5109339356422424
421634416,cal,0,1,0.5310394763946533,0.5310394763946533
706348663,cal,0,0,0.4993792772293091,0.5006207227706909
1092201266,cal,0,1,0.5231602787971497,0.5231602787971497
70273085,cal,1,1,0.5001279711723328,0.5001279711723328
628647895,cal,1,0,0.48215755820274353,0.5178424119949341
1426205490,cal,1,0,0.4609478712081909,0.5390521287918091
15052186,cal,0,0,0.45684608817100525,0.5431538820266724
1564073833,cal,0,0,0.4926944673061371,0.5073055028915405
1830882751,cal,0,0,0.4847263991832733,0.5152735710144043
327475620,cal,0,1,0.6039494276046753,0.6039494276046753
466277614,cal,0,1,0.5870937705039978,0.5870937705039978
948053698,cal,0,1,0.5796698927879333,0.5796698927879333
2133610525,cal,0,1,0.6014318466186523,0.6014318466186523
606104534,cal,0,1,0.5383783578872681,0.5383783578872681
1044781030,cal,0,1,0.5382830500602722,0.5382830500602722
357986204,cal,0,1,0.5197421908378601,0.5197421908378601
696248992,cal,0,1,0.5218570232391357,0.5218570232391357
1233412044,test,0,1,0.5837434530258179,0.5837434530258179
1951471401,test,0,1,0.6005370616912842,0.6005370616912842
138770970,test,1,0,0.4906957149505615,0.5093042850494385
479909242,test,1,1,0.5711425542831421,0.5711425542831421
973215693,test,1,1,0.556077241897583,0.556077241897583
271542761,test,0,1,0.5205538272857666,0.5205538272857666
1340143050,test,0,1,0.5255489349365234,0.5255489349365234
769804210,test,0,1,0.5289009809494019,0.5289009809494019
1342975415,test,0,1,0.5394190549850464,0.5394190549850464
740162894,cal,0,1,0.5368807911872864,0.5368807911872864
790399790,cal,0,1,0.5708845853805542,0.5708845853805542
923146255,cal,0,1,0.5661863088607788,0.5661863088607788
1463294296,cal,0,1,0.5411627888679504,0.5411627888679504
967934139,cal,0,0,0.4877118170261383,0.5122882127761841
1882386212,cal,0,0,0.48583805561065674,0.5141619443893433
2110996506,cal,0,0,0.46479111909866333,0.5352088809013367
797300744,cal,0,1,0.5008382797241211,0.5008382797241211
1053267482,cal,0,0,0.4714670777320862,0.5285329222679138
1093930995,cal,0,0,0.47650453448295593,0.5234954357147217
443076428,test,1,1,0.5422925353050232,0.5422925353050232
546798346,test,1,0,0.48356303572654724,0.5164369344711304
946986440,test,1,0,0.4723431169986725,0.5276569128036499
1528527503,test,1,0,0.49752914905548096,0.502470850944519
156759236,test,0,1,0.5458618998527527,0.5458618998527527
195197717,test,0,1,0.5043025016784668,0.5043025016784668
586194067,test,0,0,0.4864732325077057,0.5135267972946167
1811733398,test,0,0,0.49387678503990173,0.5061231851577759
1326132581,cal,0,1,0.5962388515472412,0.5962388515472412
1753012153,cal,0,1,0.6121785640716553,0.6121785640716553
1200052380,cal,1,1,0.6043016314506531,0.6043016314506531
1210710276,cal,1,1,0.6134635806083679,0.6134635806083679
1471829726,cal,0,0,0.47394508123397827,0.5260549187660217
1727602824,cal,0,1,0.5026060342788696,0.5026060342788696
1291660657,cal,1,1,0.5028291940689087,0.5028291940689087
1345003200,cal,1,0,0.4773798882961273,0.5226200819015503
817922289,cal,1,1,0.602592945098877,0.602592945098877
1779511585,cal,1,1,0.6067666411399841,0.6067666411399841
211908342,cal,0,1,0.602471649646759,0.602471649646759
1365659287,cal,0,1,0.599341094493866,0.599341094493866
343645613,test,0,0,0.49817129969596863,0.501828670501709
1459885185,test,0,0,0.47142887115478516,0.5285711288452148
1808620677,test,0,0,0.4709659516811371,0.5290340185165405
41973201,test,0,0,0.45790860056877136,0.5420913696289062
789692032,test,0,0,0.4908733367919922,0.5091266632080078
1506573524,cal,0,1,0.5446231365203857,0.5446231365203857
2062975866,cal,0,1,0.5609365701675415,0.5609365701675415
568569032,cal,1,1,0.5499056577682495,0.5499056577682495
637984831,cal,1,1,0.5542436242103577,0.5542436242103577
1719494815,cal,0,1,0.5859309434890747,0.5859309434890747
1986860049,cal,0,1,0.6264573931694031,0.6264573931694031
688778787,cal,0,1,0.5829433798789978,0.5829433798789978
1755435853,cal,0,1,0.6359230279922485,0.6359230279922485
243300177,cal,0,1,0.5140085816383362,0.5140085816383362
1721794937,cal,0,1,0.5178321003913879,0.5178321003913879
180203219,cal,0,1,0.5039423704147339,0.5039423704147339
724992685,cal,0,0,0.4910523593425751,0.5089476108551025
298193239,cal,0,1,0.6044407486915588,0.6044407486915588
909799065,cal,0,1,0.5829000473022461,0.5829000473022461
1212520076,cal,0,1,0.5914359092712402,0.5914359092712402
1305183381,cal,0,1,0.5916647911071777,0.5916647911071777
1994169305,cal,0,1,0.6001814007759094,0.6001814007759094
68060005,cal,0,1,0.5832635164260864,0.5832635164260864
136822960,cal,0,1,0.5807013511657715,0.5807013511657715
149250488,cal,0,1,0.5715132355690002,0.5715132355690002
554407647,cal,0,1,0.5722628831863403,0.5722628831863403
1315983,test,1,0,0.47972992062568665,0.5202701091766357
881784800,test,1,1,0.5502933263778687,0.5502933263778687
868243256,test,0,0,0.4971015155315399,0.5028984546661377
1678434706,test,0,1,0.5613237023353577,0.5613237023353577
449699618,cal,0,0,0.4778829514980316,0.522117018699646
1814699447,cal,0,0,0.49361494183540344,0.506385087966919
1656476320,cal,0,0,0.4765230119228363,0.5234769582748413
1708155800,cal,0,0,0.47777122259140015,0.5222287774085999
1531233498,cal,0,1,0.560651957988739,0.560651957988739
1619031562,cal,0,1,0.5844504237174988,0.5844504237174988
515869781,cal,0,1,0.5950409173965454,0.5950409173965454
1789955261,cal,0,1,0.569746196269989,0.569746196269989
23717351,test,0,1,0.544649600982666,0.544649600982666
2127906581,test,0,1,0.5850580930709839,0.5850580930709839
287249327,test,0,1,0.5841166377067566,0.5841166377067566
2083754529,test,0,1,0.5665554404258728,0.5665554404258728
601805646,test,0,1,0.539054274559021,0.539054274559021
731262862,test,0,1,0.5546122789382935,0.5546122789382935
1094123319,test,0,1,0.5679627656936646,0.5679627656936646
1921681144,test,0,1,0.5545143485069275,0.5545143485069275
2142719700,test,0,1,0.5614159107208252,0.5614159107208252
1515385690,cal,0,0,0.47942331433296204,0.5205767154693604
1558598034,cal,0,1,0.5058130025863647,0.5058130025863647
848816860,cal,0,0,0.4842201769351959,0.5157798528671265
889389152,cal,0,0,0.4943055212497711,0.5056945085525513
103474131,test,1,0,0.48969829082489014,0.5103017091751099
379845318,test,1,0,0.4773164689540863,0.5226835012435913
220000814,test,0,0,0.4875595271587372,0.5124404430389404
775105502,test,0,0,0.47904977202415466,0.520950198173523
1235184709,test,0,0,0.334116667509079,0.6658833026885986
1902277943,test,0,0,0.42573538422584534,0.574264645576477
101328387,test,1,0,0.3315741717815399,0.6684257984161377
806486933,test,1,0,0.3059857189655304,0.694014310836792
515694035,cal,0,0,0.4481104910373688,0.5518895387649536
1227757999,cal,0,0,0.4804421365261078,0.5195578336715698
1492862858,cal,0,0,0.4904293715953827,0.5095705986022949
1864202632,cal,0,0,0.4479464888572693,0.5520535111427307
118268412,test,0,1,0.5485029816627502,0.5485029816627502
130352139,test,0,1,0.5988419651985168,0.5988419651985168
1724568261,test,0,1,0.5516034960746765,0.5516034960746765
1222892575,test,1,1,0.5971525311470032,0.5971525311470032
1783553541,test,1,1,0.5755749940872192,0.5755749940872192
1407287998,cal,1,0,0.46688002347946167,0.5331199765205383
1496329060,cal,1,0,0.4699074327945709,0.5300925970077515
171585583,cal,0,0,0.4995606243610382,0.5004394054412842
1273283989,cal,0,0,0.47671857476234436,0.523281455039978
983193151,cal,0,0,0.49133238196372986,0.5086675882339478
1968273439,cal,0,0,0.4797874689102173,0.5202125310897827
860249614,cal,0,0,0.4614422619342804,0.538557767868042
2041638994,cal,0,0,0.48620811104774475,0.5137919187545776
868405364,test,0,1,0.5086554884910583,0.5086554884910583
954403613,test,0,1,0.518907368183136,0.518907368183136
1467828255,test,0,1,0.5314651727676392,0.5314651727676392
2131071928,test,0,1,0.5106070637702942,0.5106070637702942
992813615,test,0,0,0.47781291604042053,0.5221871137619019
1872788488,test,0,1,0.5005728006362915,0.5005728006362915
1041174859,test,0,1,0.5058062672615051,0.5058062672615051
1262427666,test,0,0,0.49126681685447693,0.5087331533432007
919778460,cal,0,1,0.5875574946403503,0.5875574946403503
1123034671,cal,0,1,0.566475510597229,0.566475510597229
1928365774,cal,0,1,0.5843481421470642,0.5843481421470642
1993226913,cal,0,1,0.5825834274291992,0.5825834274291992
976915027,cal,0,0,0.49947625398635864,0.5005237460136414
1328040174,cal,0,1,0.5067926049232483,0.5067926049232483
1572584070,cal,0,1,0.5179207921028137,0.5179207921028137
607601080,cal,0,0,0.4708840847015381,0.5291159152984619
774692579,cal,0,0,0.4677203893661499,0.5322796106338501
1096369661,cal,0,1,0.5161744356155396,0.5161744356155396
1503054224,cal,0,1,0.565021812915802,0.565021812915802
1516293374,cal,0,1,0.5733519196510315,0.5733519196510315
864180423,cal,0,1,0.5811429619789124,0.5811429619789124
932101669,cal,0,1,0.5755842924118042,0.5755842924118042
1928964283,cal,0,1,0.5637078285217285,0.5637078285217285
830859105,cal,0,1,0.599977970123291,0.599977970123291
841292425,cal,0,1,0.5672452449798584,0.5672452449798584
1803733941,cal,0,1,0.6097394824028015,0.6097394824028015
784485984,cal,0,1,0.5965856909751892,0.5965856909751892
1509675264,cal,0,1,0.5731909275054932,0.5731909275054932
1896117045,cal,0,1,0.6121894717216492,0.6121894717216492
72598474,cal,0,1,0.5241418480873108,0.5241418480873108
619131769,cal,0,1,0.544171929359436,0.544171929359436
2101006934,cal,0,1,0.5500168800354004,0.5500168800354004
69762113,cal,0,1,0.5015692710876465,0.5015692710876465
1489845791,cal,0,1,0.5437678098678589,0.5437678098678589
1639653475,cal,0,1,0.5262473225593567,0.5262473225593567
103351335,cal,0,1,0.5921936631202698,0.5921936631202698
952941973,cal,0,1,0.5860347747802734,0.5860347747802734
634038421,cal,0,1,0.5818008184432983,0.5818008184432983
789325613,cal,0,1,0.5956214666366577,0.5956214666366577
5759239,cal,0,0,0.47651565074920654,0.5234843492507935
742853165,cal,0,0,0.4673592746257782,0.5326406955718994
22764607,cal,0,0,0.4928016662597656,0.5071983337402344
1354063032,cal,0,0,0.4781099855899811,0.5218900442123413
488419651,cal,0,1,0.5072041749954224,0.5072041749954224
1112712537,cal,0,0,0.4880518615245819,0.5119481086730957
520291212,cal,1,0,0.4862973690032959,0.5137026309967041
1845152496,cal,1,0,0.49703672528266907,0.5029633045196533
106334473,cal,1,1,0.5978178381919861,0.5978178381919861
864767431,cal,1,1,0.6025307774543762,0.6025307774543762
1169176337,cal,0,1,0.5978453159332275,0.5978453159332275
1632624269,cal,0,1,0.5805196166038513,0.5805196166038513
862645016,cal,1,1,0.6055510640144348,0.6055510640144348
1108620805,cal,1,1,0.620144784450531,0.620144784450531
867371317,cal,0,1,0.6241849064826965,0.6241849064826965
1573804864,cal,0,1,0.5980433225631714,0.5980433225631714
1285721456,cal,0,0,0.48528435826301575,0.5147156715393066
1325244446,cal,0,0,0.4611968398094177,0.5388031601905823
277182720,cal,0,0,0.47382697463035583,0.5261729955673218
1785028572,cal,0,0,0.48395830392837524,0.5160416960716248
1194234131,cal,0,1,0.6001039147377014,0.6001039147377014
2056156795,cal,0,1,0.5682847499847412,0.5682847499847412
1712361839,cal,0,1,0.5516548156738281,0.5516548156738281
1903892156,cal,0,1,0.5931240320205688,0.5931240320205688
1140828704,cal,1,1,0.6058231592178345,0.6058231592178345
1526715267,cal,1,1,0.6139889359474182,0.6139889359474182
1182019416,cal,0,1,0.5803030133247375,0.5803030133247375
1814818723,cal,0,1,0.6131842136383057,0.6131842136383057
1062180130,cal,0,1,0.5716844797134399,0.5716844797134399
1246536972,cal,0,1,0.5370755791664124,0.5370755791664124
1142653703,cal,0,1,0.5541375279426575,0.5541375279426575
2127856607,cal,0,1,0.5251550078392029,0.5251550078392029
387537748,test,0,1,0.5607099533081055,0.5607099533081055
1269166130,test,0,1,0.5668018460273743,0.5668018460273743
1658853259,test,0,1,0.5814684629440308,0.5814684629440308
278418426,test,0,1,0.5757067203521729,0.5757067203521729
1751243960,test,0,1,0.5783604979515076,0.5783604979515076
336280988,cal,0,1,0.5075774788856506,0.5075774788856506
757752429,cal,0,0,0.46870341897010803,0.5312966108322144
995941712,cal,0,1,0.5203897953033447,0.5203897953033447
956115140,cal,0,1,0.5046910643577576,0.5046910643577576
1713085755,cal,0,1,0.5097845196723938,0.5097845196723938
736863172,test,0,1,0.5038986206054688,0.5038986206054688
1938370084,test,0,0,0.4987877309322357,0.5012122392654419
2144487171,test,0,0,0.4936911165714264,0.506308913230896
154971332,test,1,0,0.4981588125228882,0.5018411874771118
358299725,test,1,0,0.48510801792144775,0.5148919820785522
1980950585,test,1,1,0.5049585700035095,0.5049585700035095
2115832382,cal,0,0,0.4472602307796478,0.5527397394180298
2141578423,cal,0,0,0.48724836111068726,0.5127516388893127
825253618,cal,0,0,0.47283366322517395,0.5271663665771484
843286527,cal,0,0,0.47359204292297363,0.5264079570770264
1549357262,cal,0,1,0.5073583126068115,0.5073583126068115
408992286,cal,0,0,0.47863060235977173,0.5213693976402283
558444500,cal,0,1,0.5035890340805054,0.5035890340805054
275678224,cal,0,1,0.5230939984321594,0.5230939984321594
784765862,cal,0,0,0.4917968213558197,0.5082031488418579
540552070,cal,1,1,0.5258126258850098,0.5258126258850098
772004563,cal,1,1,0.526242196559906,0.526242196559906
342908717,cal,0,1,0.5235990285873413,0.5235990285873413
992064135,cal,0,1,0.5187997817993164,0.5187997817993164
1575753195,test,0,1,0.5470698475837708,0.5470698475837708
1954979957,test,0,1,0.5134570598602295,0.5134570598602295
1032617886,test,0,1,0.5069116950035095,0.5069116950035095
1179525192,test,0,1,0.5412264466285706,0.5412264466285706
1110581877,test,0,0,0.488734632730484,0.5112653970718384
1712009110,test,0,0,0.493618369102478,0.506381630897522
411888095,test,0,0,0.4924120306968689,0.5075879693031311
581823025,test,0,0,0.48276644945144653,0.5172335505485535
1316738107,cal,0,0,0.49464747309684753,0.5053524971008301
2052698478,cal,0,1,0.5221105217933655,0.5221105217933655
1010973742,cal,0,0,0.37701255083084106,0.6229874491691589
1575013998,cal,0,1,0.5063331127166748,0.5063331127166748
193173192,cal,0,1,0.5033246874809265,0.5033246874809265
794762603,cal,0,1,0.5097144842147827,0.5097144842147827
962870033,cal,0,1,0.5446420907974243,0.5446420907974243
226275017,cal,0,1,0.5163725018501282,0.5163725018501282
315910919,cal,0,0,0.48990878462791443,0.5100911855697632
1466673274,cal,0,1,0.540442943572998,0.540442943572998
104655445,cal,0,0,0.4820598065853119,0.5179401636123657
1189243598,cal,0,1,0.5043647289276123,0.5043647289276123
746183448,cal,1,0,0.4882330894470215,0.5117669105529785
886468142,cal,1,0,0.49098411202430725,0.5090159177780151
1033350562,cal,0,1,0.6132819652557373,0.6132819652557373
1286202869,cal,0,1,0.6033093929290771,0.6033093929290771
1791307735,cal,0,1,0.5400388836860657,0.5400388836860657
1824458622,cal,0,1,0.5696706771850586,0.5696706771850586
474072883,cal,0,1,0.6028850078582764,0.6028850078582764
559678941,cal,0,1,0.5962828993797302,0.5962828993797302
1325979682,cal,0,1,0.5892087817192078,0.5892087817192078
1370347409,cal,0,1,0.5764421224594116,0.5764421224594116
910371617,cal,0,1,0.5029963850975037,0.5029963850975037
1187249937,cal,0,0,0.49605104327201843,0.5039489269256592
1237091093,cal,0,1,0.5073381662368774,0.5073381662368774
617624047,cal,1,0,0.4690435826778412,0.5309563875198364
1291862847,cal,1,0,0.48821932077407837,0.5117806792259216
1401931091,cal,1,1,0.5078536868095398,0.5078536868095398
47937484,test,1,0,0.4896230101585388,0.5103769898414612
842697038,test,1,0,0.4787422716617584,0.521257758140564
1208487435,test,0,0,0.47935745120048523,0.5206425189971924
2005649604,test,0,0,0.48059213161468506,0.5194078683853149
1639575152,cal,0,1,0.5717217326164246,0.5717217326164246
2066067729,cal,0,1,0.5370221138000488,0.5370221138000488
464658865,cal,0,1,0.5564964413642883,0.5564964413642883
1335858268,cal,0,1,0.5410972833633423,0.5410972833633423
595610279,cal,0,0,0.40786629915237427,0.5921337008476257
1404947354,cal,0,0,0.4811077415943146,0.5188922882080078
1678031864,cal,0,0,0.48108986020088196,0.5189101696014404
1807311485,cal,0,0,0.4725756347179413,0.5274243354797363
1000258681,test,0,0,0.4888470768928528,0.5111529231071472
1941198027,test,0,1,0.5072872638702393,0.5072872638702393
1791468275,test,0,1,0.5026964545249939,0.5026964545249939
2146088745,test,0,1,0.5054596662521362,0.5054596662521362
1966312486,cal,1,1,0.5095071792602539,0.5095071792602539
2128733531,cal,1,1,0.5046091675758362,0.5046091675758362
205505412,cal,0,1,0.50150465965271,0.50150465965271
1906887424,cal,0,1,0.5161575078964233,0.5161575078964233
73984022,test,0,0,0.49065735936164856,0.5093426704406738
1915887601,test,0,0,0.48992764949798584,0.5100723505020142
586271827,test,0,0,0.492227166891098,0.5077728033065796
1784586768,test,0,0,0.4984089732170105,0.5015910267829895
1246738120,cal,0,1,0.5287697911262512,0.5287697911262512
1913746862,cal,0,1,0.5101038217544556,0.5101038217544556
1199282458,cal,0,1,0.5084226727485657,0.5084226727485657
1239473989,cal,0,1,0.5213220119476318,0.5213220119476318
868684707,test,1,0,0.47525525093078613,0.5247447490692139
2004688289,test,1,0,0.4736708104610443,0.5263291597366333
748315577,test,0,1,0.5033782124519348,0.5033782124519348
1781384451,test,0,0,0.4755398631095886,0.5244601368904114
338259503,cal,0,0,0.4517946243286133,0.5482053756713867
643847865,cal,0,0,0.49145349860191345,0.5085464715957642
874102519,cal,0,0,0.4719761610031128,0.5280238389968872
190417216,cal,0,1,0.5075768828392029,0.5075768828392029
250439251,cal,0,0,0.4711824357509613,0.5288175344467163
997158008,cal,0,0,0.24055889248847961,0.7594411373138428
1241002681,cal,0,0,0.2723281681537628,0.7276718616485596
880825414,cal,0,0,0.2534264326095581,0.7465735673904419
1181984139,cal,0,0,0.23657545447349548,0.7634245157241821
1787311744,cal,0,0,0.21790584921836853,0.7820941209793091
207672397,cal,0,0,0.49887898564338684,0.5011210441589355
1006450626,cal,0,1,0.5031315088272095,0.5031315088272095
174365614,cal,0,0,0.4754284620285034,0.5245715379714966
1601625513,cal,0,1,0.5045568943023682,0.5045568943023682
1108951329,cal,0,1,0.5131705403327942,0.5131705403327942
1241280959,cal,0,0,0.49227482080459595,0.507725179195404
188701577,cal,0,1,0.5290535092353821,0.5290535092353821
1391813485,cal,0,1,0.5322985649108887,0.5322985649108887
1062114974,cal,0,0,0.49412721395492554,0.5058727860450745
1200193094,cal,0,0,0.4612342119216919,0.5387657880783081
534840521,cal,0,1,0.5054575204849243,0.5054575204849243
1116123523,cal,0,0,0.492791086435318,0.5072089433670044
508503777,cal,0,1,0.5168563723564148,0.5168563723564148
1124929413,cal,0,0,0.4937521517276764,0.506247878074646
378174925,cal,0,1,0.521663248538971,0.521663248538971
2107195089,cal,0,0,0.49124178290367126,0.5087581872940063
1244464570,cal,0,1,0.503447413444519,0.503447413444519
1770660459,cal,0,1,0.5006741285324097,0.5006741285324097
464295685,cal,0,0,0.48718857765197754,0.5128114223480225
811177642,cal,0,0,0.4901999235153198,0.5098000764846802
526651834,test,0,0,0.49310654401779175,0.5068934559822083
1761920973,test,0,0,0.45694583654403687,0.5430541634559631
1150992866,test,0,0,0.48763084411621094,0.5123691558837891
1776752654,test,0,0,0.4608383774757385,0.5391616225242615
870178999,test,0,0,0.48571518063545227,0.5142848491668701
1326046361,test,0,1,0.5161617994308472,0.5161617994308472
1466594707,test,0,0,0.47878554463386536,0.521214485168457
1720189689,test,0,1,0.5090802311897278,0.5090802311897278
658649988,cal,0,1,0.5300129652023315,0.5300129652023315
1001522704,cal,0,1,0.5423760414123535,0.5423760414123535
466530830,cal,0,1,0.5309268236160278,0.5309268236160278
556288222,cal,0,1,0.5382048487663269,0.5382048487663269
1992451079,cal,0,0,0.49084651470184326,0.5091534852981567
2054226760,cal,0,0,0.48408767580986023,0.5159122943878174
171896962,cal,0,0,0.47319671511650085,0.5268032550811768
1272289506,cal,0,0,0.4869254231452942,0.5130745768547058
1415960369,cal,0,1,0.504869818687439,0.504869818687439
2077829372,cal,0,1,0.5328062772750854,0.5328062772750854
524666826,cal,0,1,0.5291357636451721,0.5291357636451721
1186596365,cal,0,1,0.5038884282112122,0.5038884282112122
214152150,cal,1,1,0.5851823091506958,0.5851823091506958
271149031,cal,1,1,0.6053880453109741,0.6053880453109741
1462675198,cal,1,1,0.5917249917984009,0.5917249917984009
80956868,cal,0,1,0.6069980263710022,0.6069980263710022
1419727380,cal,0,1,0.6077307462692261,0.6077307462692261
1653378538,cal,0,1,0.6061508059501648,0.6061508059501648
113844654,test,1,0,0.49256983399391174,0.5074301958084106
1025754895,test,1,1,0.52067631483078,0.52067631483078
362461919,test,0,1,0.5003886818885803,0.5003886818885803
1953725903,test,0,1,0.5114993453025818,0.5114993453025818
1860610374,cal,0,1,0.5110077857971191,0.5110077857971191
2103414182,cal,0,1,0.5229153037071228,0.5229153037071228
532902636,cal,1,1,0.5332059264183044,0.5332059264183044
1375679600,cal,1,1,0.5092475414276123,0.5092475414276123
117785722,cal,0,0,0.48740944266319275,0.5125905275344849
1965648578,cal,0,0,0.49524351954460144,0.5047564506530762
355280901,cal,0,0,0.4494282007217407,0.5505717992782593
1127004414,cal,0,0,0.4789440929889679,0.5210559368133545
1408928421,cal,0,0,0.49797096848487854,0.5020290613174438
704863191,cal,0,1,0.5685368180274963,0.5685368180274963
1486009170,cal,0,1,0.5721437335014343,0.5721437335014343
1509848268,cal,0,1,0.5984916687011719,0.5984916687011719
1562088756,cal,0,1,0.5629891157150269,0.5629891157150269
362455273,cal,0,1,0.5395439863204956,0.5395439863204956
1125714059,cal,0,1,0.5668318271636963,0.5668318271636963
1734961199,cal,0,1,0.5690827369689941,0.5690827369689941
1915048032,cal,0,1,0.5673989057540894,0.5673989057540894
103475001,cal,0,1,0.5192602872848511,0.5192602872848511
1679574298,cal,0,1,0.537604570388794,0.537604570388794
1860487522,cal,0,0,0.49402251839637756,0.5059775114059448
666453100,cal,0,1,0.5069032907485962,0.5069032907485962
1362566981,cal,0,1,0.500206708908081,0.500206708908081
378631618,test,0,1,0.5908077359199524,0.5908077359199524
1224867167,test,0,1,0.6013777256011963,0.6013777256011963
1258576007,test,0,1,0.6057782173156738,0.6057782173156738
1527823220,test,0,1,0.5862373113632202,0.5862373113632202
994956286,cal,0,1,0.5575221180915833,0.5575221180915833
2125803437,cal,0,1,0.5581148266792297,0.5581148266792297
803718055,cal,0,1,0.5640170574188232,0.5640170574188232
887219547,cal,0,1,0.5617651343345642,0.5617651343345642
205627635,cal,1,1,0.5907695293426514,0.5907695293426514
963850010,cal,1,1,0.5682167410850525,0.5682167410850525
1044602053,cal,1,1,0.5675284266471863,0.5675284266471863
2001671229,cal,1,1,0.5689549446105957,0.5689549446105957
628970650,cal,0,1,0.5672469139099121,0.5672469139099121
1203942199,cal,0,1,0.5660132765769958,0.5660132765769958
1993017748,cal,0,1,0.5711597204208374,0.5711597204208374
492541558,test,0,1,0.6014233827590942,0.6014233827590942
1722469056,test,0,1,0.6133604645729065,0.6133604645729065
952275239,test,1,1,0.6058183908462524,0.6058183908462524
967529354,test,1,1,0.5863016843795776,0.5863016843795776
764330454,cal,0,0,0.4444124698638916,0.5555875301361084
1835933879,cal,0,0,0.49358272552490234,0.5064172744750977
139545988,cal,0,0,0.4410364329814911,0.5589635372161865
2135856179,cal,0,0,0.4984671473503113,0.5015328526496887
933943818,cal,0,1,0.5173733234405518,0.5173733234405518
1493517012,cal,0,1,0.5263028740882874,0.5263028740882874
1746607478,cal,0,1,0.5035437345504761,0.5035437345504761
28291040,cal,0,1,0.5300747752189636,0.5300747752189636
377006805,cal,0,0,0.4982646405696869,0.5017353296279907
2067927752,cal,0,1,0.5112845301628113,0.5112845301628113
179583196,cal,0,1,0.6361960172653198,0.6361960172653198
524259466,cal,0,1,0.6200464367866516,0.6200464367866516
1195802538,cal,0,1,0.6041815876960754,0.6041815876960754
722524110,cal,1,1,0.6323493123054504,0.6323493123054504
1160602979,cal,1,1,0.6230072975158691,0.6230072975158691
1377686446,cal,1,1,0.6340310573577881,0.6340310573577881
1783809310,cal,1,1,0.6333757042884827,0.6333757042884827
2077047690,cal,1,1,0.6491328477859497,0.6491328477859497
681263006,cal,0,1,0.5272204875946045,0.5272204875946045
1466586081,cal,0,1,0.5237652659416199,0.5237652659416199
2077096030,cal,0,1,0.525789737701416,0.525789737701416
522056250,cal,0,1,0.5111103057861328,0.5111103057861328
722617383,cal,0,1,0.5240487456321716,0.5240487456321716
1210501807,cal,0,1,0.5232934355735779,0.5232934355735779
381441252,cal,0,0,0.48551759123802185,0.5144823789596558
2020448477,cal,0,1,0.5125641226768494,0.5125641226768494
2137383100,cal,0,1,0.5016570687294006,0.5016570687294006
578044758,cal,0,0,0.4947339594364166,0.5052660703659058
1852096732,cal,0,0,0.48206445574760437,0.5179355144500732
2063352927,cal,0,1,0.5073079466819763,0.5073079466819763
82348578,cal,0,1,0.5090347528457642,0.5090347528457642
224314574,cal,0,0,0.4943576157093048,0.5056424140930176
181664967,cal,0,0,0.48926904797554016,0.5107309818267822
1073949460,cal,0,0,0.4852764904499054,0.514723539352417
104106029,test,1,0,0.4779699742794037,0.5220299959182739
1833201492,test,1,0,0.4754215478897095,0.5245784521102905
1379629401,test,0,0,0.4633869230747223,0.5366131067276001
1806517797,test,0,0,0.48032742738723755,0.5196725726127625
759841388,test,0,1,0.5998320579528809,0.5998320579528809
1847945723,test,0,1,0.5847508907318115,0.5847508907318115
989557296,test,0,1,0.5903207063674927,0.5903207063674927
1367798899,test,0,1,0.5998809337615967,0.5998809337615967
123379628,cal,0,1,0.5637629628181458,0.5637629628181458
852500980,cal,0,1,0.5603834986686707,0.5603834986686707
1732476003,cal,0,1,0.5866991281509399,0.5866991281509399
110956095,cal,0,1,0.5873215198516846,0.5873215198516846
480897123,cal,0,1,0.5706049799919128,0.5706049799919128
1633335405,cal,0,1,0.5585390329360962,0.5585390329360962
130190871,cal,0,1,0.5813180208206177,0.5813180208206177
352680042,cal,0,1,0.5801109075546265,0.5801109075546265
2040883828,cal,0,1,0.5894993543624878,0.5894993543624878
2059405189,cal,0,1,0.5981871485710144,0.5981871485710144
1387341840,test,0,1,0.5090793371200562,0.5090793371200562
1477048944,test,0,0,0.4936785101890564,0.5063214898109436
84211757,test,0,0,0.4939938187599182,0.5060061812400818
1214281311,test,0,1,0.5048508644104004,0.5048508644104004
923710334,cal,0,1,0.5863829851150513,0.5863829851150513
1317720893,cal,0,1,0.5728077292442322,0.5728077292442322
2139386820,cal,0,1,0.5599721074104309,0.5599721074104309
1048808899,cal,0,1,0.5710615515708923,0.5710615515708923
1484472267,cal,0,1,0.5887057185173035,0.5887057185173035
1941673282,cal,0,1,0.6038150191307068,0.6038150191307068
440823821,cal,0,1,0.5311279892921448,0.5311279892921448
1253753336,cal,0,1,0.5108197927474976,0.5108197927474976
611570646,cal,0,1,0.5158162117004395,0.5158162117004395
2119411435,cal,0,1,0.5273754596710205,0.5273754596710205
30083867,cal,0,1,0.5457763671875,0.5457763671875
37078152,cal,0,1,0.5422378182411194,0.5422378182411194
415344632,cal,0,1,0.5529719591140747,0.5529719591140747
1117598300,cal,0,1,0.5889710187911987,0.5889710187911987
1400272687,cal,0,1,0.5661423206329346,0.5661423206329346
164539395,cal,0,1,0.5363234877586365,0.5363234877586365
239892347,cal,0,1,0.5579527020454407,0.5579527020454407
936704061,cal,0,1,0.5622954368591309,0.5622954368591309
1426461905,cal,0,1,0.5505233407020569,0.5505233407020569
1797802796,cal,0,1,0.5107046365737915,0.5107046365737915
315584075,cal,0,0,0.49576878547668457,0.5042312145233154
1794889634,cal,0,0,0.470935583114624,0.529064416885376
259240292,cal,0,0,0.46995076537132263,0.530049204826355
1574351340,cal,0,0,0.4658481776714325,0.5341517925262451
1211304263,test,1,1,0.5127918124198914,0.5127918124198914
1811195939,test,1,1,0.5352488160133362,0.5352488160133362
276588619,test,1,0,0.48803412914276123,0.5119658708572388
1005049159,test,1,0,0.4989321529865265,0.5010678768157959
768637023,cal,0,1,0.632526695728302,0.632526695728302
2052522478,cal,0,1,0.603243887424469,0.603243887424469
1286577906,cal,1,1,0.6273168921470642,0.6273168921470642
1578809395,cal,1,1,0.6135804653167725,0.6135804653167725
315576142,test,0,1,0.5384989976882935,0.5384989976882935
1322281666,test,0,1,0.5148623585700989,0.5148623585700989
227076294,test,0,1,0.5203177332878113,0.5203177332878113
1849917464,test,0,1,0.523871898651123,0.523871898651123
315341090,cal,1,1,0.5978763103485107,0.5978763103485107
601498834,cal,1,1,0.5884963274002075,0.5884963274002075
264631518,cal,0,1,0.586243212223053,0.586243212223053
2023443332,cal,0,1,0.5828063488006592,0.5828063488006592
961670960,cal,0,0,0.4562632143497467,0.5437368154525757
1107269971,cal,0,0,0.46877747774124146,0.5312225222587585
1266318565,cal,0,0,0.4946262538433075,0.5053737163543701
1310877876,cal,0,0,0.4401867985725403,0.5598132014274597
1372388752,cal,0,0,0.4851821959018707,0.5148178339004517
203587100,cal,0,0,0.4568900763988495,0.5431098937988281
313119290,cal,0,0,0.4618605673313141,0.5381394624710083
325575241,cal,0,0,0.46870890259742737,0.531291127204895
1371526669,cal,0,0,0.4564707279205322,0.5435292720794678
216853547,cal,0,1,0.5165789723396301,0.5165789723396301
547454265,cal,0,1,0.5383561253547668,0.5383561253547668
749369835,cal,0,1,0.5586459636688232,0.5586459636688232
1864062112,cal,0,1,0.5131475925445557,0.5131475925445557
2110844536,cal,0,1,0.5467002987861633,0.5467002987861633
976033798,cal,0,1,0.5536122918128967,0.5536122918128967
2126737931,cal,0,1,0.5497406721115112,0.5497406721115112
330002506,cal,0,1,0.5610487461090088,0.5610487461090088
1897656664,cal,0,1,0.5522840023040771,0.5522840023040771
1599369679,cal,0,1,0.5890477895736694,0.5890477895736694
1663923560,cal,0,1,0.5542075634002686,0.5542075634002686
775433534,cal,0,1,0.5841810703277588,0.5841810703277588
860225967,cal,0,1,0.5667065382003784,0.5667065382003784
829384139,test,0,0,0.4982873797416687,0.5017126202583313
1448211575,test,0,0,0.4967387318611145,0.5032612681388855
1102662741,test,0,0,0.4974675476551056,0.5025324821472168
1195139857,test,0,0,0.49235889315605164,0.507641077041626
1476300051,cal,0,1,0.5599414110183716,0.5599414110183716
1744629858,cal,0,1,0.5562331676483154,0.5562331676483154
1482441750,cal,0,1,0.5702531337738037,0.5702531337738037
1629488952,cal,0,1,0.5697607398033142,0.5697607398033142
426034550,cal,0,1,0.5442376136779785,0.5442376136779785
484985442,cal,0,1,0.5045264363288879,0.5045264363288879
49117820,cal,0,1,0.5046261548995972,0.5046261548995972
1661976328,cal,0,1,0.5170899033546448,0.5170899033546448
1976237692,cal,0,0,0.4991495907306671,0.5008504390716553
1276043722,cal,0,1,0.5281795859336853,0.5281795859336853
1415227502,cal,0,1,0.5326454043388367,0.5326454043388367
1890188273,cal,0,1,0.5433693528175354,0.5433693528175354
1564176103,cal,0,1,0.5215346813201904,0.5215346813201904
1639756273,cal,0,1,0.5509814620018005,0.5509814620018005
206066171,cal,0,1,0.589607298374176,0.589607298374176
1417130972,cal,0,1,0.613717794418335,0.613717794418335
1666937702,cal,0,1,0.5822861194610596,0.5822861194610596
2033839669,cal,0,1,0.605502188205719,0.605502188205719
630716277,test,0,1,0.5149199962615967,0.5149199962615967
1054975674,test,0,1,0.5745218396186829,0.5745218396186829
1738299024,test,0,1,0.5420140027999878,0.5420140027999878
1960928413,test,0,1,0.57248455286026,0.57248455286026
326545084,test,1,1,0.5769504308700562,0.5769504308700562
1397044306,test,1,1,0.5510832667350769,0.5510832667350769
1665900560,test,1,0,0.4905095398426056,0.5094904899597168
1735151780,test,1,1,0.527265727519989,0.527265727519989
1543357971,test,0,1,0.5982893705368042,0.5982893705368042
2032239217,test,0,1,0.5720535516738892,0.5720535516738892
664281938,test,0,1,0.5942016243934631,0.5942016243934631
1249916879,test,0,1,0.5573440194129944,0.5573440194129944
1430524856,test,0,1,0.592657208442688,0.592657208442688
267470974,cal,0,1,0.5369579792022705,0.5369579792022705
1318235669,cal,0,0,0.4928237795829773,0.5071762204170227
514858133,cal,0,1,0.5182181000709534,0.5182181000709534
1835709085,cal,0,1,0.508203387260437,0.508203387260437
241976093,cal,0,1,0.5910691618919373,0.5910691618919373
1885876761,cal,0,1,0.58143150806427,0.58143150806427
555536867,cal,0,1,0.5927301049232483,0.5927301049232483
1693122241,cal,0,1,0.5899942517280579,0.5899942517280579
272892999,cal,0,1,0.5177589654922485,0.5177589654922485
1243549312,cal,0,1,0.5459631681442261,0.5459631681442261
136943557,cal,1,1,0.5171014070510864,0.5171014070510864
1486547358,cal,1,1,0.5437042117118835,0.5437042117118835
80439387,cal,1,1,0.5809319019317627,0.5809319019317627
118033445,cal,1,1,0.608883798122406,0.608883798122406
574680389,cal,1,1,0.5572332143783569,0.5572332143783569
769246865,cal,1,1,0.5651422142982483,0.5651422142982483
1574523465,cal,1,1,0.5846522450447083,0.5846522450447083
1443628707,cal,1,1,0.5896843075752258,0.5896843075752258
1951497635,cal,1,1,0.5860402584075928,0.5860402584075928
1993344288,cal,1,1,0.5986166000366211,0.5986166000366211
976447556,cal,0,1,0.5750054717063904,0.5750054717063904
1958585399,cal,0,1,0.5696752071380615,0.5696752071380615
1052935997,cal,0,1,0.5536605715751648,0.5536605715751648
2006648462,cal,0,1,0.5692591667175293,0.5692591667175293
257586469,cal,0,1,0.5026014447212219,0.5026014447212219
1349305532,cal,0,1,0.510219931602478,0.510219931602478
510224486,cal,1,1,0.5102433562278748,0.5102433562278748
1250831238,cal,1,1,0.516499936580658,0.516499936580658
207962021,test,0,0,0.4809028208255768,0.5190972089767456
431716928,test,0,0,0.46982094645500183,0.5301790237426758
664449220,test,0,0,0.4721965789794922,0.5278034210205078
1218141329,test,0,0,0.455241322517395,0.544758677482605
1616368391,cal,0,1,0.5181497931480408,0.5181497931480408
1689702825,cal,0,0,0.4895816147327423,0.5104184150695801
1146194497,cal,0,0,0.49121716618537903,0.5087828636169434
1722493925,cal,0,0,0.4999237060546875,0.5000762939453125
107508852,cal,0,1,0.5615600347518921,0.5615600347518921
1396092400,cal,0,1,0.5574987530708313,0.5574987530708313
82298336,cal,0,1,0.5440692901611328,0.5440692901611328
486130927,cal,0,1,0.5638699531555176,0.5638699531555176
339465728,cal,1,1,0.590545117855072,0.590545117855072
1521874581,cal,1,1,0.5664467215538025,0.5664467215538025
867829468,cal,0,1,0.5974384546279907,0.5974384546279907
1188922527,cal,0,1,0.5853013396263123,0.5853013396263123
493098039,cal,0,1,0.5622259378433228,0.5622259378433228
1683943706,cal,0,1,0.5466157793998718,0.5466157793998718
661414769,cal,1,1,0.5564785003662109,0.5564785003662109
1976934628,cal,1,1,0.5422675013542175,0.5422675013542175
204137417,test,0,0,0.4831905961036682,0.5168094038963318
774802763,test,0,0,0.47693729400634766,0.5230627059936523
824921304,test,0,1,0.5275267958641052,0.5275267958641052
1058787417,test,0,1,0.5142915844917297,0.5142915844917297
1414815131,test,0,0,0.4670097231864929,0.5329902768135071
551835451,test,1,1,0.5043784379959106,0.5043784379959106
1357145662,test,1,1,0.5189154148101807,0.5189154148101807
1443034984,test,1,1,0.5063759088516235,0.5063759088516235
1734377716,test,1,1,0.5141065716743469,0.5141065716743469
248230930,cal,0,1,0.5373599529266357,0.5373599529266357
1492259831,cal,0,0,0.4971867799758911,0.5028132200241089
110990278,cal,0,1,0.522884726524353,0.522884726524353
286249073,cal,0,0,0.4642767012119293,0.5357233285903931
1380876446,cal,0,1,0.5216922760009766,0.5216922760009766
1979015518,cal,0,1,0.5199791193008423,0.5199791193008423
1119025972,cal,0,1,0.511551558971405,0.511551558971405
1561681040,cal,0,1,0.5294370651245117,0.5294370651245117
478078862,cal,0,0,0.48274922370910645,0.5172507762908936
901377807,cal,0,0,0.4502922594547272,0.5497077703475952
1931252969,cal,0,0,0.485154926776886,0.514845073223114
1110981332,cal,0,1,0.5183258056640625,0.5183258056640625
1497865694,cal,0,1,0.5259732007980347,0.5259732007980347
1687791726,cal,0,1,0.5032232403755188,0.5032232403755188
7507588,cal,0,1,0.5935379266738892,0.5935379266738892
873121503,cal,0,1,0.5879621505737305,0.5879621505737305
1523920260,cal,0,1,0.5940134525299072,0.5940134525299072
889709594,cal,0,1,0.5873636603355408,0.5873636603355408
1274451565,cal,0,1,0.5871557593345642,0.5871557593345642
2097880600,cal,0,1,0.592300295829773,0.592300295829773
10953494,test,0,1,0.5593944787979126,0.5593944787979126
369680565,test,0,1,0.5681033134460449,0.5681033134460449
484003007,test,0,1,0.5796549320220947,0.5796549320220947
1410279512,test,0,1,0.5633669495582581,0.5633669495582581
1597800568,test,0,1,0.5689850449562073,0.5689850449562073
622065454,test,0,1,0.5750292539596558,0.5750292539596558
1094276002,test,0,1,0.5934703350067139,0.5934703350067139
1243789556,test,0,1,0.5737936496734619,0.5737936496734619
1987463518,test,0,1,0.5671685934066772,0.5671685934066772
2023818113,test,0,1,0.5698797106742859,0.5698797106742859
2084172644,test,0,1,0.5661596059799194,0.5661596059799194
1072440727,cal,0,0,0.47976595163345337,0.5202340483665466
1096061219,cal,0,0,0.491244912147522,0.508755087852478
1289703450,cal,0,0,0.47177740931510925,0.5282225608825684
2085109401,cal,0,0,0.4982316792011261,0.5017683506011963
50612039,cal,1,1,0.5022948980331421,0.5022948980331421
1493447666,cal,1,1,0.5081287026405334,0.5081287026405334
298706304,cal,0,0,0.4957699477672577,0.5042300224304199
1472461348,cal,0,1,0.5103162527084351,0.5103162527084351
386844732,cal,0,0,0.4695042371749878,0.5304957628250122
863566493,cal,0,0,0.4982674717903137,0.5017325282096863
591292730,cal,0,1,0.5007036328315735,0.5007036328315735
1659000615,cal,0,0,0.4735631048679352,0.5264369249343872
627630154,test,0,0,0.4979833960533142,0.5020166039466858
1081609620,test,0,0,0.48542067408561707,0.5145792961120605
550086089,test,0,0,0.49128231406211853,0.5087176561355591
1190011431,test,0,1,0.5003169775009155,0.5003169775009155
1400981554,test,0,0,0.48625147342681885,0.5137485265731812
561642105,cal,0,1,0.6116241812705994,0.6116241812705994
1441201554,cal,0,1,0.6192569732666016,0.6192569732666016
91451887,cal,0,1,0.5712983012199402,0.5712983012199402
648111096,cal,0,1,0.5953152775764465,0.5953152775764465
1268421604,cal,0,1,0.6172475814819336,0.6172475814819336
689002947,cal,0,1,0.5247403383255005,0.5247403383255005
1910415017,cal,0,0,0.4907875657081604,0.5092124342918396
2006811500,cal,0,0,0.48902514576911926,0.5109748840332031
7128461,cal,0,0,0.4886351525783539,0.5113648176193237
620099873,cal,0,0,0.4751709997653961,0.5248290300369263
1471715401,cal,0,0,0.4893620014190674,0.5106379985809326
132336027,cal,0,0,0.46018150448799133,0.539818525314331
746614485,cal,0,0,0.45895135402679443,0.5410486459732056
243260741,cal,0,0,0.45900407433509827,0.5409959554672241
669994265,cal,0,0,0.4657473862171173,0.5342526435852051
393941516,cal,1,0,0.48694413900375366,0.5130558609962463
1269931914,cal,1,0,0.4904305040836334,0.509569525718689
1810160484,cal,0,1,0.5009172558784485,0.5009172558784485
1989911546,cal,0,1,0.5143846273422241,0.5143846273422241
1079075675,cal,1,1,0.6221410036087036,0.6221410036087036
1210853706,cal,1,1,0.6462700366973877,0.6462700366973877
824970090,cal,0,1,0.6351800560951233,0.6351800560951233
1959221773,cal,0,1,0.6128156781196594,0.6128156781196594
898706277,cal,0,1,0.5197575688362122,0.5197575688362122
1219347914,cal,0,1,0.5788719058036804,0.5788719058036804
1251291484,cal,0,1,0.5716092586517334,0.5716092586517334
2129134142,cal,0,1,0.5290874242782593,0.5290874242782593
623402213,cal,0,1,0.5238370895385742,0.5238370895385742
701610347,cal,0,1,0.5063605308532715,0.5063605308532715
867232469,cal,0,1,0.5523654818534851,0.5523654818534851
1734611757,cal,0,1,0.5869969725608826,0.5869969725608826
241923898,cal,0,1,0.5580227375030518,0.5580227375030518
1502769097,cal,0,1,0.5288646817207336,0.5288646817207336
727084874,cal,0,1,0.5129850506782532,0.5129850506782532
1455119374,cal,0,1,0.5413799285888672,0.5413799285888672
217862680,cal,1,0,0.47923892736434937,0.5207610726356506
1273448871,cal,1,1,0.5217089056968689,0.5217089056968689
45152422,cal,0,1,0.5327049493789673,0.5327049493789673
280093131,cal,0,0,0.48238858580589294,0.5176113843917847
1614127836,cal,0,1,0.5154212117195129,0.5154212117195129
656813169,cal,0,1,0.5138356685638428,0.5138356685638428
2014985744,cal,0,1,0.5664284825325012,0.5664284825325012
82158900,cal,1,1,0.5553142428398132,0.5553142428398132
788154021,cal,1,1,0.5061390995979309,0.5061390995979309
302410713,cal,0,1,0.5867859721183777,0.5867859721183777
1097144372,cal,0,1,0.5789791941642761,0.5789791941642761
1956792834,cal,0,1,0.5865508913993835,0.5865508913993835
535510754,cal,1,1,0.5806861519813538,0.5806861519813538
1688484514,cal,1,1,0.5996266007423401,0.5996266007423401
1795894161,cal,1,1,0.5939631462097168,0.5939631462097168
492253488,cal,0,1,0.5218825340270996,0.5218825340270996
809414158,cal,0,0,0.4944113492965698,0.5055886507034302
300312794,cal,0,1,0.5269434452056885,0.5269434452056885
317368420,cal,0,0,0.4984477162361145,0.5015522837638855
457995605,cal,0,1,0.5009227395057678,0.5009227395057678
1001699464,cal,0,0,0.48461151123046875,0.5153884887695312
671951419,cal,0,1,0.5152711272239685,0.5152711272239685
801524001,cal,0,0,0.48442625999450684,0.5155737400054932
540904744,cal,0,1,0.541181206703186,0.541181206703186
952083886,cal,0,1,0.5371692776679993,0.5371692776679993
259271782,cal,0,1,0.5352728962898254,0.5352728962898254
2003278701,cal,0,1,0.5347051024436951,0.5347051024436951
211546914,test,0,1,0.52774578332901,0.52774578332901
1701040503,test,0,0,0.49240148067474365,0.5075985193252563
191052794,test,0,0,0.47837215662002563,0.5216278433799744
509693257,test,0,0,0.4636174142360687,0.5363825559616089
259787163,cal,0,0,0.46562039852142334,0.5343796014785767
833221708,cal,0,1,0.503576397895813,0.503576397895813
95562320,cal,0,0,0.48282191157341003,0.5171780586242676
1277786440,cal,0,0,0.47425413131713867,0.5257458686828613
707817461,test,0,1,0.5005044341087341,0.5005044341087341
1875559039,test,0,1,0.5417371392250061,0.5417371392250061
557462406,test,0,1,0.5457990169525146,0.5457990169525146
767014351,test,0,1,0.539614200592041,0.539614200592041
1531462531,test,0,1,0.5049653649330139,0.5049653649330139
128584566,cal,0,1,0.5103608965873718,0.5103608965873718
1630386151,cal,0,1,0.5075743198394775,0.5075743198394775
442979413,cal,0,0,0.4824075400829315,0.5175924301147461
939566032,cal,0,0,0.48848721385002136,0.5115127563476562
67880264,cal,0,0,0.45284757018089294,0.5471524000167847
288634769,cal,0,0,0.47597143054008484,0.5240285396575928
707636191,cal,1,0,0.46185410022735596,0.538145899772644
1031262868,cal,1,0,0.45200398564338684,0.5479960441589355
97569529,cal,1,1,0.6137330532073975,0.6137330532073975
797829458,cal,1,1,0.6279916167259216,0.6279916167259216
95636018,cal,0,1,0.625670850276947,0.625670850276947
1431788631,cal,0,1,0.6063863635063171,0.6063863635063171
2075516041,cal,0,1,0.6216554045677185,0.6216554045677185
1034296873,test,0,1,0.535179853439331,0.535179853439331
1605938380,test,0,0,0.4954139292240143,0.5045861005783081
816590703,test,0,1,0.504014253616333,0.504014253616333
2057905771,test,0,1,0.5319552421569824,0.5319552421569824
285575012,cal,0,1,0.5771796703338623,0.5771796703338623
292920728,cal,0,1,0.5838996171951294,0.5838996171951294
1115910968,cal,0,1,0.5784738659858704,0.5784738659858704
2095653120,cal,0,1,0.5794565081596375,0.5794565081596375
586180156,cal,0,0,0.4725743234157562,0.5274256467819214
1219990914,cal,0,0,0.4975442588329315,0.5024557113647461
229221970,cal,0,0,0.4907183349132538,0.5092816352844238
710541395,cal,0,0,0.4877169132232666,0.5122830867767334
679805864,test,0,0,0.4937798082828522,0.5062202215194702
1567247023,test,0,0,0.47684383392333984,0.5231561660766602
217523049,test,0,0,0.4570464789867401,0.5429534912109375
1883423341,test,0,0,0.46818941831588745,0.5318105816841125
1073955022,cal,0,1,0.5520409941673279,0.5520409941673279
1910315765,cal,0,1,0.5642759203910828,0.5642759203910828
506825270,cal,0,1,0.5584819912910461,0.5584819912910461
1479062392,cal,0,1,0.5550731420516968,0.5550731420516968
1737335395,cal,0,1,0.5343509316444397,0.5343509316444397
2137046936,cal,0,1,0.5410519242286682,0.5410519242286682
1834266675,cal,0,1,0.5377365350723267,0.5377365350723267
1876669801,cal,0,1,0.5487552881240845,0.5487552881240845
1083986090,cal,1,1,0.5910972952842712,0.5910972952842712
1591969886,cal,1,1,0.6041778326034546,0.6041778326034546
741083021,cal,0,1,0.5969720482826233,0.5969720482826233
2144966784,cal,0,1,0.5698725581169128,0.5698725581169128
696533913,test,1,1,0.5000731945037842,0.5000731945037842
2118622197,test,1,0,0.46134376525878906,0.5386562347412109
1445404176,test,0,0,0.47941991686820984,0.5205800533294678
2041063196,test,0,0,0.49846550822257996,0.5015344619750977
616007076,cal,0,1,0.5853776335716248,0.5853776335716248
1983324546,cal,0,1,0.5761622786521912,0.5761622786521912
2028731091,cal,0,1,0.5846384763717651,0.5846384763717651
640646030,cal,0,1,0.5846462845802307,0.5846462845802307
883313268,cal,0,1,0.594602644443512,0.594602644443512
1235332714,cal,0,1,0.5737117528915405,0.5737117528915405
1902382270,cal,0,1,0.6003756523132324,0.6003756523132324
535342389,cal,0,1,0.5944197177886963,0.5944197177886963
914149952,cal,0,1,0.5979517102241516,0.5979517102241516
430821356,cal,1,1,0.5256185531616211,0.5256185531616211
535447654,cal,1,1,0.5820117592811584,0.5820117592811584
661138076,cal,1,1,0.5533401370048523,0.5533401370048523
1437494548,cal,1,1,0.5391337871551514,0.5391337871551514
1591825462,cal,1,1,0.5619013905525208,0.5619013905525208
1672730588,cal,1,1,0.5813130140304565,0.5813130140304565
636675542,cal,0,1,0.5165054798126221,0.5165054798126221
755630015,cal,0,1,0.5474982857704163,0.5474982857704163
1040562141,cal,0,0,0.4925580322742462,0.5074419975280762
1209901076,cal,0,1,0.5416789650917053,0.5416789650917053
1398788168,cal,0,1,0.5313205718994141,0.5313205718994141
706605280,cal,0,1,0.5858922600746155,0.5858922600746155
1566804080,cal,0,1,0.5577672719955444,0.5577672719955444
1642644015,cal,0,1,0.5222821831703186,0.5222821831703186
466875118,cal,0,1,0.5586913228034973,0.5586913228034973
1278794856,cal,0,1,0.5829750299453735,0.5829750299453735
688382750,cal,0,1,0.5576038360595703,0.5576038360595703
2059423319,cal,0,1,0.5798172950744629,0.5798172950744629
2082205119,cal,0,1,0.5503206253051758,0.5503206253051758
555605729,cal,0,1,0.5657867789268494,0.5657867789268494
831632670,cal,0,1,0.5765970349311829,0.5765970349311829
1599619293,cal,0,1,0.5626786351203918,0.5626786351203918
723770990,test,1,1,0.5071246027946472,0.5071246027946472
1122616669,test,1,1,0.527355432510376,0.527355432510376
955420307,test,0,0,0.49970394372940063,0.5002960562705994
1130924881,test,0,1,0.5125163197517395,0.5125163197517395
328824226,cal,1,1,0.6207422614097595,0.6207422614097595
1357251091,cal,1,1,0.6404701471328735,0.6404701471328735
2097414343,cal,1,1,0.5769724249839783,0.5769724249839783
287047055,cal,0,1,0.6038386225700378,0.6038386225700378
347470721,cal,0,1,0.5897906422615051,0.5897906422615051
529418807,cal,0,1,0.5550028085708618,0.5550028085708618
344416210,cal,0,1,0.511056661605835,0.511056661605835
1288317807,cal,0,0,0.4928211271762848,0.5071789026260376
454351283,cal,0,1,0.5245006084442139,0.5245006084442139
1514971107,cal,0,1,0.503749668598175,0.503749668598175
1519134045,cal,0,0,0.49714764952659607,0.5028523206710815
1228179457,cal,0,1,0.5746185183525085,0.5746185183525085
1905890918,cal,0,1,0.5688716173171997,0.5688716173171997
1325050677,cal,0,1,0.5880897641181946,0.5880897641181946
1705701961,cal,0,1,0.5664684176445007,0.5664684176445007
320336418,cal,0,1,0.5187181234359741,0.5187181234359741
1433042535,cal,0,0,0.4924451410770416,0.5075548887252808
107630010,cal,0,0,0.4948095977306366,0.505190372467041
1920703922,cal,0,1,0.5103660225868225,0.5103660225868225
1343302322,cal,0,0,0.48884958028793335,0.5111504197120667
1707159754,cal,0,0,0.4791466295719147,0.5208534002304077
924461771,cal,0,1,0.5013265609741211,0.5013265609741211
1643227638,cal,0,0,0.47003841400146484,0.5299615859985352
280270364,cal,1,1,0.5007776618003845,0.5007776618003845
2098195688,cal,1,1,0.5050503015518188,0.5050503015518188
845757559,cal,0,0,0.4989772439002991,0.5010227560997009
990395766,cal,0,0,0.4932098686695099,0.5067901611328125
1883278293,test,1,1,0.6090401411056519,0.6090401411056519
2078596365,test,1,1,0.5828021764755249,0.5828021764755249
500626122,test,0,1,0.5824081897735596,0.5824081897735596
2058086862,test,0,1,0.6015750765800476,0.6015750765800476
1251587957,cal,0,1,0.5217399597167969,0.5217399597167969
1853798412,cal,0,1,0.5089741945266724,0.5089741945266724
513350167,cal,0,1,0.523790717124939,0.523790717124939
1514230000,cal,0,1,0.5039107203483582,0.5039107203483582
201433517,cal,0,0,0.4937320351600647,0.5062679648399353
2055597134,cal,0,1,0.5119219422340393,0.5119219422340393
222488805,cal,0,0,0.49442678689956665,0.5055732131004333
701411335,cal,0,1,0.5034379363059998,0.5034379363059998
759551274,test,0,0,0.4961449205875397,0.5038551092147827
1941732449,test,0,0,0.48572874069213867,0.5142712593078613
583393818,test,0,0,0.48195943236351013,0.5180405378341675
1865665912,test,0,0,0.4898133873939514,0.5101866126060486
1605416080,test,1,0,0.49480071663856506,0.5051993131637573
1991006826,test,1,0,0.4880017638206482,0.5119982361793518
1600889469,test,1,1,0.5041336417198181,0.5041336417198181
1649994162,test,1,1,0.5099157691001892,0.5099157691001892
10291229,test,0,1,0.5724666118621826,0.5724666118621826
159695636,test,0,1,0.5989232063293457,0.5989232063293457
528128777,test,0,1,0.5963186621665955,0.5963186621665955
1279779406,test,0,1,0.605502724647522,0.605502724647522
964900795,test,0,1,0.6018545031547546,0.6018545031547546
1283964415,test,0,1,0.5807116627693176,0.5807116627693176
1364513753,test,0,1,0.5973221063613892,0.5973221063613892
1834961516,test,0,1,0.5780525803565979,0.5780525803565979
75408744,cal,1,1,0.5802209973335266,0.5802209973335266
446858992,cal,1,1,0.5941120386123657,0.5941120386123657
413493245,cal,0,1,0.5931827425956726,0.5931827425956726
653372914,cal,0,1,0.5768269300460815,0.5768269300460815
617161510,cal,0,1,0.5260645151138306,0.5260645151138306
2031181045,cal,0,0,0.49250471591949463,0.5074952840805054
1022236139,cal,0,1,0.5215714573860168,0.5215714573860168
1904125163,cal,0,1,0.5152475237846375,0.5152475237846375
1747099388,cal,0,1,0.6061995625495911,0.6061995625495911
1809633019,cal,0,1,0.6138309836387634,0.6138309836387634
303425797,cal,0,1,0.6024960279464722,0.6024960279464722
2122440964,cal,0,1,0.5995210409164429,0.5995210409164429
214786160,cal,0,0,0.4386868178844452,0.5613131523132324
608334393,cal,0,0,0.48535454273223877,0.5146454572677612
1260754654,cal,0,0,0.4686267375946045,0.5313732624053955
1746453325,cal,0,1,0.5147945880889893,0.5147945880889893
887216037,test,0,0,0.4605756402015686,0.5394243597984314
1621630079,test,0,0,0.4983305335044861,0.5016694664955139
631067871,test,0,0,0.4922388195991516,0.5077611804008484
1008298882,test,0,0,0.45354634523391724,0.5464536547660828
1283960739,cal,0,0,0.4571831226348877,0.5428168773651123
2104119585,cal,0,0,0.4574563801288605,0.5425436496734619
2141891903,cal,0,0,0.4658748507499695,0.5341251492500305
15601792,cal,0,0,0.45199403166770935,0.5480059385299683
166075845,cal,0,0,0.4541912078857422,0.5458087921142578
1752210506,cal,0,0,0.4696773290634155,0.5303226709365845
694634843,cal,0,1,0.5233248472213745,0.5233248472213745
1687362173,cal,0,1,0.505351722240448,0.505351722240448
235258199,cal,0,1,0.5280788540840149,0.5280788540840149
777292807,cal,0,1,0.5221139192581177,0.5221139192581177
1934811550,cal,0,1,0.5313664078712463,0.5313664078712463
850278267,cal,0,0,0.4888118803501129,0.5111881494522095
1029651794,cal,0,0,0.48798611760139465,0.5120139122009277
44242194,cal,0,0,0.4963097870349884,0.503690242767334
268102386,cal,0,0,0.4960036277770996,0.5039963722229004
1037180887,cal,0,0,0.48989102244377136,0.5101089477539062
1395871915,cal,0,0,0.47570836544036865,0.5242916345596313
2004378780,cal,0,0,0.46299508213996887,0.5370049476623535
1445641441,cal,0,0,0.4843873679637909,0.5156126022338867
1513159643,cal,0,0,0.47058579325675964,0.529414176940918
1073809101,test,1,1,0.6082586050033569,0.6082586050033569
1447284141,test,1,1,0.6343048214912415,0.6343048214912415
10821501,test,0,1,0.6193975210189819,0.6193975210189819
824098560,test,0,1,0.564950168132782,0.564950168132782
737473351,test,0,0,0.2803090810775757,0.7196909189224243
1130378570,test,0,1,0.5006606578826904,0.5006606578826904
1239892858,test,0,0,0.24985668063163757,0.75014328956604
1459962285,test,0,1,0.5188971161842346,0.5188971161842346
201804680,test,0,0,0.48260676860809326,0.5173932313919067
374294131,test,0,0,0.2471243441104889,0.7528756856918335
560438695,test,0,1,0.5149841904640198,0.5149841904640198
778649155,test,0,0,0.2617476284503937,0.7382524013519287
1813704205,test,0,1,0.5229107141494751,0.5229107141494751
175249091,cal,0,1,0.5823057293891907,0.5823057293891907
1001056754,cal,0,1,0.5435380935668945,0.5435380935668945
1946322830,cal,0,1,0.5989342927932739,0.5989342927932739
743870049,cal,0,1,0.5673776268959045,0.5673776268959045
1478535110,cal,0,1,0.5951568484306335,0.5951568484306335
2035581660,cal,0,1,0.5346076488494873,0.5346076488494873
424804074,cal,0,1,0.5999167561531067,0.5999167561531067
810720141,cal,0,1,0.6083044409751892,0.6083044409751892
402240844,cal,0,1,0.6156829595565796,0.6156829595565796
479150609,cal,0,1,0.6074832677841187,0.6074832677841187
745335170,cal,0,1,0.5107299089431763,0.5107299089431763
831923385,cal,0,0,0.49811917543411255,0.5018808245658875
9727251,cal,0,0,0.49095290899276733,0.5090470910072327
109365742,cal,0,1,0.5040092468261719,0.5040092468261719
2027901668,cal,0,0,0.4933871626853943,0.5066128373146057
970275761,cal,0,0,0.47342434525489807,0.5265756845474243
1115067895,cal,0,0,0.4831804633140564,0.5168195366859436
457954020,cal,0,0,0.49535539746284485,0.5046446323394775
667462801,cal,0,0,0.4493322968482971,0.5506677031517029
559701661,cal,0,1,0.5668985247612,0.5668985247612
1242437557,cal,0,1,0.525627851486206,0.525627851486206
48724951,cal,0,1,0.566023051738739,0.566023051738739
1117906044,cal,0,1,0.5347110629081726,0.5347110629081726
1078526517,test,0,0,0.47324225306510925,0.5267577171325684
2097452710,test,0,0,0.4676628112792969,0.5323371887207031
996535556,test,0,0,0.48819467425346375,0.5118052959442139
2063842635,test,0,0,0.4751838147640228,0.5248161554336548
319251738,cal,0,1,0.5048877000808716,0.5048877000808716
970413498,cal,0,1,0.5001873970031738,0.5001873970031738
930394729,cal,1,0,0.49933984875679016,0.5006601810455322
2080921929,cal,1,1,0.5222703218460083,0.5222703218460083
2036082255,cal,0,1,0.5279520153999329,0.5279520153999329
2103926765,cal,0,1,0.5282723307609558,0.5282723307609558
28725790,cal,0,1,0.5231335759162903,0.5231335759162903
96724617,cal,0,1,0.5616382360458374,0.5616382360458374
1669928794,test,0,1,0.5440462827682495,0.5440462827682495
1730491594,test,0,1,0.5340966582298279,0.5340966582298279
1751699829,test,0,1,0.5430008769035339,0.5430008769035339
1998651946,test,0,1,0.5548607110977173,0.5548607110977173
1372582414,cal,0,1,0.5316401124000549,0.5316401124000549
1401678684,cal,0,0,0.47310811281204224,0.5268918871879578
1913181518,cal,0,0,0.4849381744861603,0.5150618553161621
2106902101,cal,0,1,0.5376824140548706,0.5376824140548706
664784028,cal,0,0,0.49836480617523193,0.5016351938247681
1960474755,cal,0,1,0.5098387002944946,0.5098387002944946
54803002,cal,0,1,0.5263118743896484,0.5263118743896484
2032786857,cal,0,1,0.5451124906539917,0.5451124906539917
373429997,cal,0,1,0.5402037501335144,0.5402037501335144
1671552955,cal,0,1,0.5178166031837463,0.5178166031837463
874270697,cal,0,1,0.5259661674499512,0.5259661674499512
1537160192,cal,0,1,0.5252370238304138,0.5252370238304138
1840913148,cal,0,0,0.4937790036201477,0.5062209963798523
133676138,cal,1,1,0.5288540124893188,0.5288540124893188
222018484,cal,1,0,0.49057191610336304,0.509428083896637
635020381,cal,1,1,0.5444355607032776,0.5444355607032776
259207785,cal,0,1,0.5342391729354858,0.5342391729354858
813944059,cal,0,1,0.5588738322257996,0.5588738322257996
840102831,cal,0,1,0.5588507652282715,0.5588507652282715
1198948736,cal,0,1,0.546360194683075,0.546360194683075
927775324,cal,1,1,0.5575904846191406,0.5575904846191406
1303889904,cal,1,1,0.5456358194351196,0.5456358194351196
1905432390,cal,1,1,0.5501331090927124,0.5501331090927124
1943507092,cal,1,1,0.5683101415634155,0.5683101415634155
2091972299,cal,1,1,0.5216814279556274,0.5216814279556274
665484685,cal,0,0,0.4888422191143036,0.511157751083374
1264142079,cal,0,0,0.43631255626678467,0.5636874437332153
595572447,cal,0,0,0.3849760591983795,0.6150239706039429
1295377474,cal,0,0,0.33474916219711304,0.665250837802887
252921728,cal,0,1,0.5754337906837463,0.5754337906837463
1141715608,cal,0,1,0.5981009006500244,0.5981009006500244
14899266,cal,0,1,0.5852494239807129,0.5852494239807129
202436708,cal,0,1,0.5592778325080872,0.5592778325080872
757145644,cal,0,1,0.5279818773269653,0.5279818773269653
1088054136,cal,0,1,0.5140404105186462,0.5140404105186462
1670323224,cal,0,1,0.506968080997467,0.506968080997467
1076635885,cal,0,1,0.5046660304069519,0.5046660304069519
1714231069,cal,0,1,0.5306695103645325,0.5306695103645325
886887110,cal,0,0,0.46877002716064453,0.5312299728393555
1350881772,cal,0,1,0.5003721714019775,0.5003721714019775
1684671535,cal,0,0,0.46843403577804565,0.5315659642219543
1901554662,cal,0,1,0.5102534890174866,0.5102534890174866
876048138,cal,0,1,0.5890387296676636,0.5890387296676636
1648647452,cal,0,1,0.6044182181358337,0.6044182181358337
670746083,cal,0,1,0.6037527918815613,0.6037527918815613
2002934355,cal,0,1,0.5993536114692688,0.5993536114692688
672679242,cal,0,1,0.5112508535385132,0.5112508535385132
1760122860,cal,0,1,0.5368239283561707,0.5368239283561707
463765233,cal,0,1,0.5307366251945496,0.5307366251945496
505318254,cal,0,1,0.5354164838790894,0.5354164838790894
1877182840,test,0,1,0.5235444903373718,0.5235444903373718
1911105562,test,0,1,0.5359371900558472,0.5359371900558472
2074246354,test,0,1,0.5415135622024536,0.5415135622024536
1334424344,test,0,1,0.5233346819877625,0.5233346819877625
1862241602,test,0,1,0.5574714541435242,0.5574714541435242
204344558,cal,0,1,0.5805509090423584,0.5805509090423584
455499527,cal,0,1,0.6161315441131592,0.6161315441131592
1113615401,cal,0,1,0.5859431624412537,0.5859431624412537
360831144,cal,0,1,0.5404161214828491,0.5404161214828491
1159508983,cal,0,1,0.5913181900978088,0.5913181900978088
201175209,cal,0,1,0.507145881652832,0.507145881652832
2068155246,cal,0,0,0.48413270711898804,0.515867292881012
702939938,cal,0,0,0.47355327010154724,0.5264467000961304
1868100252,cal,0,0,0.49930882453918457,0.5006911754608154
1166268521,cal,0,1,0.5441564917564392,0.5441564917564392
1442719644,cal,0,1,0.5866894125938416,0.5866894125938416
1871879312,cal,0,1,0.5830212831497192,0.5830212831497192
244197870,cal,0,1,0.5753673315048218,0.5753673315048218
1816434725,cal,0,1,0.5409781336784363,0.5409781336784363
396388681,cal,0,1,0.5299895405769348,0.5299895405769348
1338067641,cal,0,1,0.5398963093757629,0.5398963093757629
111129013,cal,0,1,0.5316649079322815,0.5316649079322815
886941418,cal,0,1,0.5346569418907166,0.5346569418907166
145001582,cal,0,1,0.6195237636566162,0.6195237636566162
574822734,cal,0,1,0.6141600608825684,0.6141600608825684
626675731,cal,0,1,0.6053970456123352,0.6053970456123352
1286236507,cal,0,1,0.6328744888305664,0.6328744888305664
1448083236,cal,0,1,0.6227346658706665,0.6227346658706665
1872017363,cal,0,1,0.6061730980873108,0.6061730980873108
1900493580,cal,0,1,0.6272332668304443,0.6272332668304443
92178534,test,1,1,0.5945817828178406,0.5945817828178406
223961676,test,1,1,0.5722551345825195,0.5722551345825195
831818705,test,1,1,0.6016682386398315,0.6016682386398315
1966744305,test,1,1,0.6035239100456238,0.6035239100456238
359201345,test,0,1,0.5409005284309387,0.5409005284309387
361318294,test,0,1,0.5838429927825928,0.5838429927825928
1724437013,test,0,1,0.5878404378890991,0.5878404378890991
1487891187,cal,0,1,0.5898318290710449,0.5898318290710449
2140865729,cal,0,1,0.614242434501648,0.614242434501648
138455989,cal,0,1,0.6076206564903259,0.6076206564903259
1233807307,cal,0,1,0.5832729935646057,0.5832729935646057
1812321561,cal,0,0,0.495195209980011,0.504804790019989
1927786025,cal,0,1,0.5329753160476685,0.5329753160476685
486201358,cal,1,0,0.4850066900253296,0.5149933099746704
689773969,cal,1,1,0.5205333232879639,0.5205333232879639
477809345,cal,0,1,0.5467950701713562,0.5467950701713562
609972791,cal,0,1,0.5072422623634338,0.5072422623634338
1834902084,cal,0,1,0.5344266891479492,0.5344266891479492
246477392,cal,0,1,0.5650410652160645,0.5650410652160645
655646528,cal,0,1,0.5331474542617798,0.5331474542617798
1985385468,cal,0,1,0.5181288123130798,0.5181288123130798
786833677,cal,0,1,0.5371063351631165,0.5371063351631165
1223020843,cal,0,1,0.5446632504463196,0.5446632504463196
607464221,cal,0,1,0.5367547869682312,0.5367547869682312
642673551,cal,0,1,0.5277940630912781,0.5277940630912781
129318047,cal,0,0,0.45812422037124634,0.5418757796287537
1867533522,cal,0,0,0.4892865717411041,0.5107134580612183
573968007,cal,0,0,0.4664405584335327,0.5335594415664673
1091797505,cal,0,0,0.4546237289905548,0.5453763008117676
1172288631,cal,0,1,0.5042364001274109,0.5042364001274109
1592907799,cal,0,0,0.2724846303462982,0.7275153398513794
424435710,cal,0,0,0.4892689883708954,0.5107309818267822
1959388660,cal,0,0,0.4946841299533844,0.505315899848938
1022612387,cal,0,1,0.5632359385490417,0.5632359385490417
1186620468,cal,0,1,0.5901616811752319,0.5901616811752319
297468044,cal,0,1,0.5667364001274109,0.5667364001274109
1450341622,cal,0,1,0.5609427094459534,0.5609427094459534
105854305,cal,0,1,0.5184147953987122,0.5184147953987122
491723183,cal,0,1,0.504162073135376,0.504162073135376
611832456,cal,0,0,0.4894551932811737,0.5105447769165039
1119767431,cal,0,1,0.5144349336624146,0.5144349336624146
1035670377,cal,1,1,0.61337810754776,0.61337810754776
2030512448,cal,1,1,0.6052490472793579,0.6052490472793579
78481059,cal,0,1,0.5947865843772888,0.5947865843772888
152709648,cal,0,1,0.6088048815727234,0.6088048815727234
387085539,cal,0,0,0.48332956433296204,0.5166704654693604
1395515879,cal,0,0,0.4905799329280853,0.5094200372695923
134268382,cal,0,0,0.45781558752059937,0.5421844124794006
2094985808,cal,0,0,0.4861332178115845,0.5138667821884155
594424963,test,0,1,0.5115078687667847,0.5115078687667847
1547445822,test,0,1,0.5123321413993835,0.5123321413993835
137304452,test,1,0,0.4984588623046875,0.5015411376953125
290560973,test,1,1,0.5108680129051208,0.5108680129051208
1465911767,test,1,1,0.5289696455001831,0.5289696455001831
1399884645,cal,0,0,0.49987754225730896,0.5001224279403687
1729144727,cal,0,0,0.4919491708278656,0.508050799369812
369301726,cal,0,0,0.4885789752006531,0.5114210247993469
1717582973,cal,0,0,0.4925697147846222,0.5074303150177002
503925480,cal,0,1,0.5980700254440308,0.5980700254440308
581194428,cal,0,1,0.6068763136863708,0.6068763136863708
5165373,cal,0,1,0.5972787737846375,0.5972787737846375
344547359,cal,0,1,0.5816978812217712,0.5816978812217712
1374799779,cal,0,0,0.4940066933631897,0.5059933066368103
2033192024,cal,0,0,0.48721709847450256,0.5127829313278198
838516813,cal,0,0,0.4957728087902069,0.5042271614074707
1726114514,cal,0,1,0.5069040060043335,0.5069040060043335
1601052416,cal,1,1,0.5585048198699951,0.5585048198699951
2018290962,cal,1,1,0.5675758123397827,0.5675758123397827
143880770,cal,1,1,0.5705832839012146,0.5705832839012146
518092159,cal,1,1,0.5541641712188721,0.5541641712188721
14034474,cal,0,0,0.4991131126880646,0.5008869171142578
1173228486,cal,0,1,0.5263143181800842,0.5263143181800842
1534947921,cal,0,1,0.504598081111908,0.504598081111908
1827721771,cal,0,1,0.5013430714607239,0.5013430714607239
2064285477,cal,0,0,0.4909348785877228,0.5090651512145996
275252810,cal,0,0,0.4807874262332916,0.5192126035690308
1526540449,cal,0,1,0.5131493806838989,0.5131493806838989
1362357046,cal,0,0,0.4781588315963745,0.5218411684036255
2026141593,cal,0,0,0.49908649921417236,0.5009135007858276
339686327,cal,0,1,0.5317813158035278,0.5317813158035278
1496993647,cal,0,1,0.5129724144935608,0.5129724144935608
744682381,cal,0,1,0.5170907974243164,0.5170907974243164
1003914213,cal,0,1,0.5224063396453857,0.5224063396453857
3498342,cal,0,1,0.5718994736671448,0.5718994736671448
252904455,cal,0,1,0.5536729693412781,0.5536729693412781
813297563,cal,0,1,0.5736676454544067,0.5736676454544067
1837025993,cal,0,1,0.5613389015197754,0.5613389015197754
678445924,cal,0,1,0.514319896697998,0.514319896697998
1178591557,cal,0,1,0.5038189888000488,0.5038189888000488
724698681,cal,0,1,0.5246976017951965,0.5246976017951965
2019481464,cal,0,1,0.5016044974327087,0.5016044974327087
33926735,cal,0,1,0.5082014799118042,0.5082014799118042
1378177128,cal,0,0,0.49576807022094727,0.5042319297790527
180769465,cal,0,0,0.49300265312194824,0.5069973468780518
1488016054,cal,0,0,0.4938797652721405,0.5061202049255371
313927350,test,0,1,0.5139381885528564,0.5139381885528564
595310253,test,0,0,0.49986448884010315,0.5001355409622192
608417396,test,0,0,0.4750608801841736,0.5249391198158264
794383912,test,1,1,0.5141403079032898,0.5141403079032898
1123213658,test,1,1,0.5151876211166382,0.5151876211166382
1692238575,test,1,1,0.5175291299819946,0.5175291299819946
926424534,cal,0,1,0.5579515695571899,0.5579515695571899
1508772384,cal,0,1,0.5275363326072693,0.5275363326072693
491618791,cal,1,1,0.5301992297172546,0.5301992297172546
1365275826,cal,1,1,0.5385560393333435,0.5385560393333435
1911839160,cal,1,1,0.5007648468017578,0.5007648468017578
620558313,cal,0,1,0.5376487970352173,0.5376487970352173
670461054,cal,0,1,0.5133542418479919,0.5133542418479919
1794668604,cal,0,0,0.49901989102363586,0.5009801387786865
266264627,cal,0,1,0.5079512000083923,0.5079512000083923
1586935311,cal,0,1,0.5026260018348694,0.5026260018348694
1509591156,cal,0,0,0.49260851740837097,0.5073914527893066
2049814926,cal,0,0,0.48216918110847473,0.5178308486938477
436392686,cal,0,0,0.49959489703178406,0.5004050731658936
1271090754,cal,0,0,0.477718710899353,0.522281289100647
585149909,cal,0,1,0.5243710279464722,0.5243710279464722
1277919451,cal,0,1,0.528276801109314,0.528276801109314
1372524723,cal,0,1,0.5013167262077332,0.5013167262077332
1878708390,cal,0,1,0.5343694090843201,0.5343694090843201
74335221,cal,0,1,0.5324943661689758,0.5324943661689758
305792930,cal,0,0,0.4859265983104706,0.514073371887207
817501520,cal,0,1,0.5029005408287048,0.5029005408287048
1102975680,cal,0,1,0.5490650534629822,0.5490650534629822
1459349508,cal,0,0,0.48602941632270813,0.5139706134796143
1616354823,cal,0,0,0.48806673288345337,0.5119332671165466
1782582544,cal,0,0,0.44528821110725403,0.5547118186950684
1382571410,cal,0,0,0.4972561001777649,0.5027438998222351
1775636256,cal,0,0,0.4776509404182434,0.5223490595817566
1177095033,test,0,0,0.4636859893798828,0.5363140106201172
1329313466,test,0,0,0.4790409505367279,0.5209590196609497
12938384,test,0,0,0.4628417193889618,0.5371582508087158
570576833,test,0,0,0.4714158773422241,0.5285841226577759
1885418316,test,0,0,0.4521256983280182,0.5478743314743042
388941584,cal,1,1,0.6005880832672119,0.6005880832672119
1011443606,cal,1,1,0.5825235247612,0.5825235247612
225374518,cal,0,1,0.595840573310852,0.595840573310852
1749356308,cal,0,1,0.5920631885528564,0.5920631885528564
1871826452,test,0,1,0.5739500522613525,0.5739500522613525
1976944182,test,0,1,0.6046718955039978,0.6046718955039978
1551487118,test,1,1,0.5779218673706055,0.5779218673706055
1875165728,test,1,1,0.6113389134407043,0.6113389134407043
152598033,test,0,0,0.49500101804733276,0.5049989819526672
397083775,test,0,1,0.5105897188186646,0.5105897188186646
599296035,test,0,1,0.511623740196228,0.511623740196228
1613835210,test,0,1,0.5055010914802551,0.5055010914802551
183965089,cal,0,1,0.5669468641281128,0.5669468641281128
1287758827,cal,0,1,0.5354134440422058,0.5354134440422058
1753001774,cal,0,1,0.5375797152519226,0.5375797152519226
1166525744,cal,0,0,0.47782549262046814,0.5221744775772095
1598342590,cal,0,1,0.5158167481422424,0.5158167481422424
847753279,cal,0,1,0.5903408527374268,0.5903408527374268
1276305353,cal,0,1,0.5802330374717712,0.5802330374717712
1473161816,cal,0,1,0.5914355516433716,0.5914355516433716
1574207013,cal,0,1,0.5892052054405212,0.5892052054405212
204698447,cal,0,1,0.5827183127403259,0.5827183127403259
1585363752,cal,0,1,0.6002469062805176,0.6002469062805176
306898548,cal,0,1,0.5799700021743774,0.5799700021743774
1567223089,cal,0,1,0.5968610644340515,0.5968610644340515
955265900,test,1,1,0.5658990740776062,0.5658990740776062
1187264788,test,1,1,0.5768337845802307,0.5768337845802307
753950059,test,0,1,0.5616352558135986,0.5616352558135986
1739266315,test,0,1,0.588506281375885,0.588506281375885
148526504,cal,1,1,0.5287883877754211,0.5287883877754211
1515079583,cal,1,1,0.5445578098297119,0.5445578098297119
547408127,cal,1,1,0.5505926609039307,0.5505926609039307
563798715,cal,1,1,0.522788941860199,0.522788941860199
1571104710,cal,1,1,0.5195595026016235,0.5195595026016235
593362896,test,1,1,0.5815171599388123,0.5815171599388123
2121776190,test,1,1,0.5905209183692932,0.5905209183692932
439281249,test,0,1,0.5823654532432556,0.5823654532432556
1037894119,test,0,1,0.57535719871521,0.57535719871521
186292785,cal,0,1,0.5670903325080872,0.5670903325080872
1051138937,cal,0,1,0.5615960359573364,0.5615960359573364
1085103101,cal,0,1,0.5532245635986328,0.5532245635986328
60199560,cal,0,1,0.5712257623672485,0.5712257623672485
1997395994,cal,0,1,0.5981804132461548,0.5981804132461548
808834812,cal,0,1,0.5554559826850891,0.5554559826850891
1019558095,cal,0,1,0.5469177961349487,0.5469177961349487
110864951,cal,1,1,0.5609270334243774,0.5609270334243774
1860449038,cal,1,1,0.5578035116195679,0.5578035116195679
1333498701,test,0,1,0.5663254261016846,0.5663254261016846
1689570124,test,0,1,0.567173957824707,0.567173957824707
1851508787,test,0,1,0.5489040613174438,0.5489040613174438
1873035999,test,0,1,0.5420578122138977,0.5420578122138977
338738080,test,0,1,0.5523436665534973,0.5523436665534973
609656124,test,0,1,0.5463283061981201,0.5463283061981201
718737288,test,0,1,0.5570334196090698,0.5570334196090698
698225576,cal,1,0,0.49882763624191284,0.5011723637580872
1257751186,cal,1,1,0.5186865925788879,0.5186865925788879
1527847943,cal,0,1,0.5218174457550049,0.5218174457550049
1936877746,cal,0,1,0.5250310301780701,0.5250310301780701
1956444381,cal,0,1,0.5012490749359131,0.5012490749359131
322658415,test,0,1,0.5494845509529114,0.5494845509529114
1588494881,test,0,1,0.543238639831543,0.543238639831543
214612177,test,0,1,0.5643178820610046,0.5643178820610046
924616801,test,0,1,0.552193820476532,0.552193820476532
680671011,test,0,0,0.45697858929634094,0.5430214405059814
1431999374,test,0,0,0.496621698141098,0.5033782720565796
316287790,test,0,0,0.48929110169410706,0.5107089281082153
1191236300,test,0,0,0.47931528091430664,0.5206847190856934
92340710,cal,1,1,0.5642529129981995,0.5642529129981995
1728621122,cal,1,1,0.5458456873893738,0.5458456873893738
192979800,cal,0,1,0.5534361004829407,0.5534361004829407
1189717470,cal,0,1,0.5305314660072327,0.5305314660072327
1796974047,test,0,1,0.5042732357978821,0.5042732357978821
2076836745,test,0,1,0.5123375654220581,0.5123375654220581
15650024,test,1,0,0.49891582131385803,0.5010842084884644
704671866,test,1,1,0.515204668045044,0.515204668045044
733554143,cal,0,1,0.5213942527770996,0.5213942527770996
1847042022,cal,0,1,0.515812337398529,0.515812337398529
193144438,cal,0,1,0.5122209787368774,0.5122209787368774
1922945066,cal,0,1,0.515653669834137,0.515653669834137
44080490,test,0,1,0.5200180411338806,0.5200180411338806
1885254741,test,0,1,0.505154550075531,0.505154550075531
102029826,test,0,0,0.4982311427593231,0.5017688274383545
1569320326,test,0,1,0.5142245292663574,0.5142245292663574
859534445,cal,0,0,0.4781222939491272,0.5218777060508728
2140064257,cal,0,0,0.49183517694473267,0.5081648230552673
1119018255,cal,0,0,0.47907987236976624,0.5209201574325562
1994849039,cal,0,0,0.4739828407764435,0.5260171890258789
1479380439,cal,0,0,0.49752146005630493,0.5024785399436951
1673664144,cal,0,1,0.51050865650177,0.51050865650177
746602554,cal,1,0,0.49832263588905334,0.501677393913269
1569572305,cal,1,0,0.49515435099601746,0.5048456192016602
553153298,cal,0,1,0.5903066992759705,0.5903066992759705
885821684,cal,0,1,0.557874321937561,0.557874321937561
552348947,cal,0,1,0.5610849857330322,0.5610849857330322
1579968147,cal,0,1,0.5627230405807495,0.5627230405807495
783217455,cal,0,1,0.5695278644561768,0.5695278644561768
2047650891,cal,0,1,0.5820478796958923,0.5820478796958923
524320770,cal,1,1,0.5784198641777039,0.5784198641777039
598556705,cal,1,1,0.5880070924758911,0.5880070924758911
1055909846,cal,0,0,0.44840508699417114,0.5515949130058289
1202953822,cal,0,1,0.5078723430633545,0.5078723430633545
391305690,cal,0,0,0.4703671634197235,0.5296328067779541
1146828280,cal,0,0,0.4960489273071289,0.5039510726928711
128680709,cal,1,1,0.5055032968521118,0.5055032968521118
1455286854,cal,1,1,0.5414591431617737,0.5414591431617737
281481756,cal,0,1,0.5378847122192383,0.5378847122192383
1973464999,cal,0,1,0.5377517342567444,0.5377517342567444
472350355,test,0,1,0.5707100033760071,0.5707100033760071
662651712,test,0,1,0.551628053188324,0.551628053188324
143323097,test,0,1,0.5798048377037048,0.5798048377037048
2007986818,test,0,1,0.5569959878921509,0.5569959878921509
277961500,cal,0,0,0.46978601813316345,0.5302139520645142
1668951041,cal,0,0,0.47885221242904663,0.5211477875709534
2064475297,cal,0,0,0.4649267792701721,0.5350732207298279
686945232,cal,1,0,0.4678717851638794,0.5321282148361206
1799557089,cal,1,0,0.48032495379447937,0.5196750164031982
588749877,test,0,0,0.4950125813484192,0.5049874186515808
655622980,test,0,1,0.559893786907196,0.559893786907196
992026543,test,0,1,0.5171819925308228,0.5171819925308228
184285326,test,0,0,0.48064935207366943,0.5193506479263306
2145025823,test,0,1,0.5536380410194397,0.5536380410194397
179426017,cal,1,0,0.4916721284389496,0.508327841758728
1110771633,cal,1,0,0.4740673303604126,0.5259326696395874
74185386,cal,0,0,0.48203375935554504,0.5179662704467773
1059076576,cal,0,0,0.48446834087371826,0.5155316591262817
605495801,cal,0,0,0.4820657968521118,0.5179342031478882
1872926418,cal,0,0,0.46761515736579895,0.5323848724365234
2097502774,cal,0,0,0.4603580832481384,0.5396419167518616
2136654868,cal,0,1,0.5018290877342224,0.5018290877342224
1124077424,cal,0,1,0.5791979432106018,0.5791979432106018
1411976167,cal,0,1,0.6092365980148315,0.6092365980148315
1247328841,cal,0,1,0.6090958118438721,0.6090958118438721
1895030235,cal,0,1,0.5851964354515076,0.5851964354515076
338960374,cal,0,1,0.517903208732605,0.517903208732605
1177513630,cal,0,1,0.5142815113067627,0.5142815113067627
1829375230,cal,0,1,0.5308692455291748,0.5308692455291748
6087671,cal,0,1,0.5343578457832336,0.5343578457832336
659229770,cal,0,1,0.5398206114768982,0.5398206114768982
2040838954,cal,0,1,0.544169008731842,0.544169008731842
835627634,cal,1,1,0.6088352203369141,0.6088352203369141
1446857204,cal,1,1,0.5858615636825562,0.5858615636825562
1829307844,cal,1,1,0.6181695461273193,0.6181695461273193
695088168,cal,1,1,0.5999032258987427,0.5999032258987427
1121953497,cal,1,1,0.6090002655982971,0.6090002655982971
326189972,test,1,0,0.4549906551837921,0.5450093746185303
1565871400,test,1,0,0.49124905467033386,0.5087509155273438
145892963,test,0,0,0.48566949367523193,0.5143305063247681
299110190,test,0,0,0.49090614914894104,0.5090938806533813
529550565,cal,0,1,0.6073025465011597,0.6073025465011597
885291158,cal,0,1,0.5740607380867004,0.5740607380867004
327987157,cal,0,1,0.5994694828987122,0.5994694828987122
1201447849,cal,0,1,0.6140322685241699,0.6140322685241699
791386471,cal,0,1,0.5711566805839539,0.5711566805839539
1154514801,cal,0,1,0.589221179485321,0.589221179485321
1411110675,cal,0,1,0.5585076212882996,0.5585076212882996
1682132086,cal,0,1,0.5059024095535278,0.5059024095535278
421934802,cal,0,1,0.5777343511581421,0.5777343511581421
489171827,cal,0,1,0.6013613343238831,0.6013613343238831
1676941230,cal,0,1,0.5615012049674988,0.5615012049674988
2104347335,cal,0,1,0.5158917307853699,0.5158917307853699
647469951,cal,0,1,0.5903078317642212,0.5903078317642212
1298949065,cal,0,1,0.6225636601448059,0.6225636601448059
299395250,cal,1,1,0.5878891348838806,0.5878891348838806
1842411585,cal,1,1,0.6214146614074707,0.6214146614074707
253848986,cal,0,1,0.6061588525772095,0.6061588525772095
598967166,cal,0,1,0.6278432011604309,0.6278432011604309
855731364,cal,0,1,0.6150267124176025,0.6150267124176025
179359143,cal,1,1,0.619327962398529,0.619327962398529
1578051516,cal,1,1,0.5919680595397949,0.5919680595397949
460805209,test,0,1,0.5332984924316406,0.5332984924316406
1959185782,test,0,1,0.5202226638793945,0.5202226638793945
1902406999,test,0,1,0.5139223337173462,0.5139223337173462
1990588115,test,0,1,0.523802638053894,0.523802638053894
601660898,cal,0,0,0.4569443464279175,0.5430556535720825
1993763544,cal,0,0,0.4888151288032532,0.5111848711967468
121786153,cal,1,0,0.4278664290904999,0.5721335411071777
1056979650,cal,1,0,0.3373561501502991,0.6626438498497009
90541377,cal,0,1,0.5105665922164917,0.5105665922164917
833482507,cal,0,1,0.5092186331748962,0.5092186331748962
38777905,cal,0,0,0.4857247471809387,0.5142752528190613
2087973731,cal,0,0,0.466377854347229,0.533622145652771
1184983535,test,0,1,0.6071615219116211,0.6071615219116211
1265915668,test,0,1,0.5860722661018372,0.5860722661018372
59707762,test,1,1,0.5838332772254944,0.5838332772254944
113924536,test,1,1,0.6089476943016052,0.6089476943016052
2035737047,cal,0,1,0.6024189591407776,0.6024189591407776
2076003064,cal,0,1,0.5875200033187866,0.5875200033187866
1350250333,cal,0,1,0.6002012491226196,0.6002012491226196
2096111098,cal,0,1,0.6132692694664001,0.6132692694664001
99090205,cal,0,1,0.5094290375709534,0.5094290375709534
236986445,cal,0,0,0.4937973618507385,0.5062026381492615
32846968,cal,0,0,0.4979482889175415,0.5020517110824585
1043995477,cal,0,0,0.48911312222480774,0.5108869075775146
308050556,test,0,1,0.5642812848091125,0.5642812848091125
1100054532,test,0,1,0.5713708996772766,0.5713708996772766
1439599704,test,0,1,0.5559746623039246,0.5559746623039246
2119517857,test,0,1,0.5556430220603943,0.5556430220603943
49490376,cal,1,1,0.5456054210662842,0.5456054210662842
1167589484,cal,1,1,0.5224069356918335,0.5224069356918335
392885079,cal,0,1,0.5420215725898743,0.5420215725898743
2115174128,cal,0,1,0.5179650187492371,0.5179650187492371
870728999,cal,0,1,0.5605816841125488,0.5605816841125488
1981112667,cal,0,1,0.5540416836738586,0.5540416836738586
1088475095,cal,0,1,0.5568946003913879,0.5568946003913879
1696962174,cal,0,1,0.5563647747039795,0.5563647747039795
253816525,test,0,0,0.486115038394928,0.513884961605072
1296339367,test,0,1,0.5108963251113892,0.5108963251113892
1616048509,test,0,1,0.5359807014465332,0.5359807014465332
2086977500,test,0,1,0.5563982129096985,0.5563982129096985
66175334,test,0,0,0.49610278010368347,0.5038971900939941
911473614,test,0,1,0.5683562159538269,0.5683562159538269
988108350,test,0,1,0.5272836089134216,0.5272836089134216
1093588337,test,0,1,0.527330756187439,0.527330756187439
49811752,test,0,1,0.5445993542671204,0.5445993542671204
899940683,test,0,1,0.6056381464004517,0.6056381464004517
1570353235,test,0,1,0.6008813977241516,0.6008813977241516
1588958298,test,0,1,0.5535838603973389,0.5535838603973389
825734015,test,0,1,0.5507457852363586,0.5507457852363586
1006899114,test,0,1,0.5316349267959595,0.5316349267959595
1635370726,test,0,1,0.5869303941726685,0.5869303941726685
1694035392,test,0,1,0.5938491821289062,0.5938491821289062
1379953783,cal,1,1,0.5586912035942078,0.5586912035942078
1852487790,cal,1,1,0.6208622455596924,0.6208622455596924
269531671,cal,0,1,0.6159067749977112,0.6159067749977112
874591297,cal,0,1,0.5752124786376953,0.5752124786376953
1534421462,cal,0,1,0.6170676946640015,0.6170676946640015
426211855,test,1,1,0.5176806449890137,0.5176806449890137
1244637426,test,1,0,0.48183730244636536,0.518162727355957
1202199626,test,1,1,0.5038127303123474,0.5038127303123474
2053801264,test,1,0,0.46966618299484253,0.5303338170051575
2074659390,test,1,1,0.5056177973747253,0.5056177973747253
310915997,test,0,1,0.584212601184845,0.584212601184845
905372093,test,0,1,0.554277777671814,0.554277777671814
392491679,test,0,1,0.5888185501098633,0.5888185501098633
608121659,test,0,1,0.5805723071098328,0.5805723071098328
1920555251,test,0,1,0.5670092105865479,0.5670092105865479
61262346,test,0,0,0.4436381459236145,0.5563618540763855
554569218,test,0,0,0.4416444003582001,0.5583555698394775
2070666145,test,0,0,0.46652939915657043,0.533470630645752
1079214641,test,0,0,0.4486534297466278,0.5513465404510498
1128305626,test,0,0,0.46883201599121094,0.5311679840087891
489902702,cal,0,1,0.5521350502967834,0.5521350502967834
886839680,cal,0,1,0.5352872610092163,0.5352872610092163
260534388,cal,0,1,0.5349329113960266,0.5349329113960266
1351898776,cal,0,1,0.526631772518158,0.526631772518158
1106672067,cal,0,1,0.5890129208564758,0.5890129208564758
1586459953,cal,0,1,0.5624387264251709,0.5624387264251709
265886525,cal,1,1,0.5877442359924316,0.5877442359924316
280815844,cal,1,1,0.5690745711326599,0.5690745711326599
192592097,cal,0,0,0.46326136589050293,0.5367386341094971
2142549514,cal,0,0,0.4872428774833679,0.5127571225166321
646317866,cal,0,0,0.49420079588890076,0.5057991743087769
1757795508,cal,0,0,0.4946569502353668,0.5053430795669556
548573704,test,0,1,0.5402663350105286,0.5402663350105286
729737300,test,0,0,0.4633893668651581,0.5366106033325195
1217878895,test,0,1,0.5266686081886292,0.5266686081886292
1974763683,test,0,0,0.47264811396598816,0.5273518562316895
126229056,test,0,0,0.46119198203086853,0.5388079881668091
461819734,test,0,1,0.515546441078186,0.515546441078186
787531805,test,0,1,0.5131531357765198,0.5131531357765198
905812377,test,0,1,0.554599940776825,0.554599940776825
1729595318,test,0,0,0.46391841769218445,0.5360815525054932
587761328,cal,0,1,0.5791294574737549,0.5791294574737549
2005732036,cal,0,1,0.551121711730957,0.551121711730957
2030666441,cal,0,1,0.5801205039024353,0.5801205039024353
997154416,cal,1,1,0.5653983354568481,0.5653983354568481
1412519672,cal,1,1,0.5490381121635437,0.5490381121635437
1430595870,cal,1,1,0.5629401206970215,0.5629401206970215
75221056,test,0,1,0.5206326246261597,0.5206326246261597
2089330328,test,0,1,0.5188271403312683,0.5188271403312683
387797023,test,0,0,0.4951261878013611,0.5048738121986389
1236473996,test,0,1,0.5201254487037659,0.5201254487037659
619613463,cal,0,0,0.4523237943649292,0.5476762056350708
1586041689,cal,0,1,0.5009101033210754,0.5009101033210754
234757861,cal,0,0,0.4869072735309601,0.5130927562713623
313596175,cal,0,0,0.4532184600830078,0.5467815399169922
273778497,cal,1,0,0.476521372795105,0.523478627204895
1296915427,cal,1,0,0.4937423765659332,0.5062576532363892
387296674,cal,1,0,0.46953168511390686,0.5304683446884155
1218600690,cal,1,0,0.4757808446884155,0.5242191553115845
146122358,cal,0,1,0.5747334957122803,0.5747334957122803
1525221365,cal,0,1,0.5680888891220093,0.5680888891220093
1772982529,cal,0,1,0.5636877417564392,0.5636877417564392
508516338,cal,1,1,0.5993706583976746,0.5993706583976746
982586326,cal,1,1,0.5797544121742249,0.5797544121742249
1676218123,cal,1,1,0.5715598464012146,0.5715598464012146
1885177519,cal,1,1,0.5747403502464294,0.5747403502464294
1021033093,cal,0,0,0.4762365221977234,0.5237634778022766
1793682145,cal,0,0,0.498211532831192,0.5017884969711304
225916444,cal,0,1,0.502403199672699,0.502403199672699
595684403,cal,0,0,0.49992620944976807,0.5000737905502319
56674518,cal,1,1,0.5140973925590515,0.5140973925590515
301699851,cal,1,1,0.5358695983886719,0.5358695983886719
699686579,cal,0,1,0.5105435252189636,0.5105435252189636
843894821,cal,0,1,0.502238929271698,0.502238929271698
888294382,cal,0,1,0.5147557258605957,0.5147557258605957
975797108,cal,0,1,0.5185083150863647,0.5185083150863647
951724066,cal,0,0,0.47849756479263306,0.5215024352073669
2122738750,cal,0,0,0.4819222688674927,0.5180777311325073
422540349,cal,0,0,0.47229573130607605,0.5277042388916016
1465973325,cal,0,0,0.4797475337982178,0.5202524662017822
846698410,cal,0,1,0.5991110801696777,0.5991110801696777
915814273,cal,0,1,0.5975516438484192,0.5975516438484192
1603167882,cal,0,1,0.5749777555465698,0.5749777555465698
168218857,cal,0,1,0.6044663190841675,0.6044663190841675
1605109246,cal,0,1,0.59144526720047,0.59144526720047
1891106080,cal,0,1,0.570279598236084,0.570279598236084
1816157569,cal,0,1,0.5706061124801636,0.5706061124801636
2009478519,cal,0,1,0.5485836863517761,0.5485836863517761
396123736,cal,0,1,0.5460004210472107,0.5460004210472107
1690604268,cal,0,1,0.5671703219413757,0.5671703219413757
865628367,cal,0,0,0.4599718451499939,0.5400281548500061
1017979209,cal,0,0,0.4895979166030884,0.5104020833969116
995249870,cal,0,0,0.483991414308548,0.5160086154937744
1380471561,cal,0,0,0.4652588665485382,0.5347411632537842
1182644547,cal,0,1,0.5246975421905518,0.5246975421905518
1597571513,cal,0,1,0.5305215120315552,0.5305215120315552
75384629,cal,0,1,0.5494184494018555,0.5494184494018555
518289069,cal,0,1,0.5347555875778198,0.5347555875778198
801449807,cal,0,1,0.5646407604217529,0.5646407604217529
2135516947,cal,0,1,0.587958812713623,0.587958812713623
1325542017,cal,0,1,0.5866620540618896,0.5866620540618896
1346992719,cal,0,1,0.5594891905784607,0.5594891905784607
947606069,cal,0,1,0.5254719257354736,0.5254719257354736
2085835358,cal,0,1,0.5029997229576111,0.5029997229576111
328180261,cal,0,1,0.5271943807601929,0.5271943807601929
1310053741,cal,0,1,0.5097852945327759,0.5097852945327759
635220925,cal,0,1,0.5885933041572571,0.5885933041572571
1187189886,cal,0,1,0.5612478256225586,0.5612478256225586
1263932275,cal,0,1,0.5803936123847961,0.5803936123847961
1427088815,cal,0,1,0.5631558895111084,0.5631558895111084
124092597,test,0,0,0.44884711503982544,0.5511528849601746
1181622448,test,0,0,0.48042264580726624,0.5195773839950562
1189625864,test,0,0,0.4815349280834198,0.5184650421142578
2129496589,test,0,0,0.44852015376091003,0.5514798164367676
685995033,test,0,0,0.47280946373939514,0.5271905660629272
874318412,test,0,0,0.47752201557159424,0.5224779844284058
188337978,test,1,0,0.48658204078674316,0.5134179592132568
927526010,test,1,0,0.48442748188972473,0.5155725479125977
949620032,cal,0,1,0.6199774742126465,0.6199774742126465
1368188584,cal,0,1,0.6075431108474731,0.6075431108474731
1852339387,cal,0,1,0.6321823000907898,0.6321823000907898
523676145,cal,0,1,0.6176119446754456,0.6176119446754456
814804304,cal,0,1,0.6358263492584229,0.6358263492584229
1828141547,cal,0,1,0.6109592318534851,0.6109592318534851
1176590836,cal,0,0,0.28867655992507935,0.7113234400749207
1870384828,cal,0,0,0.36847156286239624,0.6315284371376038
96888113,cal,0,0,0.3256625831127167,0.6743373870849609
1842731913,cal,0,0,0.3254201412200928,0.6745798587799072
504454134,cal,0,0,0.4876348078250885,0.5123652219772339
612594227,cal,0,0,0.4520377814769745,0.5479621887207031
96093036,cal,0,0,0.4676256775856018,0.5323743224143982
1497498490,cal,0,0,0.4525529444217682,0.5474470853805542
2031545354,cal,0,0,0.45855143666267395,0.5414485931396484
2067578122,cal,0,0,0.4893299639225006,0.5106700658798218
140273369,cal,0,0,0.481746643781662,0.5182533264160156
623000178,cal,0,0,0.46148791909217834,0.538512110710144
700766003,cal,0,1,0.5631858110427856,0.5631858110427856
1215648391,cal,0,1,0.54330974817276,0.54330974817276
274932520,cal,0,1,0.5644444823265076,0.5644444823265076
1774959518,cal,0,1,0.5662606358528137,0.5662606358528137
462341584,test,0,1,0.5741975903511047,0.5741975903511047
722091814,test,0,1,0.5821614861488342,0.5821614861488342
308715341,test,1,1,0.5826908349990845,0.5826908349990845
510499671,test,1,1,0.5724406838417053,0.5724406838417053
756285394,cal,1,1,0.5626422166824341,0.5626422166824341
852768375,cal,1,1,0.5611056685447693,0.5611056685447693
1142276048,cal,0,1,0.548536479473114,0.548536479473114
2018134938,cal,0,1,0.5615198016166687,0.5615198016166687
337690923,cal,0,1,0.615125298500061,0.615125298500061
1703939825,cal,0,1,0.605147659778595,0.605147659778595
873526466,cal,1,1,0.6107224822044373,0.6107224822044373
1701015956,cal,1,1,0.6254472732543945,0.6254472732543945
1187989963,cal,0,1,0.5352357029914856,0.5352357029914856
1714645435,cal,0,1,0.5232796669006348,0.5232796669006348
1143268489,cal,0,1,0.5125656723976135,0.5125656723976135
2063992241,cal,0,1,0.5135962963104248,0.5135962963104248
862867450,cal,1,1,0.5561448335647583,0.5561448335647583
1774858262,cal,1,1,0.5696898102760315,0.5696898102760315
403704207,cal,0,1,0.5520307421684265,0.5520307421684265
932877061,cal,0,1,0.5880388617515564,0.5880388617515564
1843448086,cal,0,1,0.5609789490699768,0.5609789490699768
139510756,cal,1,0,0.4000960886478424,0.59990394115448
2046041590,cal,1,0,0.32444897294044495,0.6755510568618774
1307302354,cal,0,0,0.44410213828086853,0.5558978319168091
1745552167,cal,0,0,0.3388241231441498,0.6611758470535278
1251934061,cal,1,1,0.5412098169326782,0.5412098169326782
2038474899,cal,1,1,0.5856518745422363,0.5856518745422363
1196131818,cal,0,1,0.5631145238876343,0.5631145238876343
1218498032,cal,0,1,0.541368305683136,0.541368305683136
435059304,cal,0,1,0.6187084913253784,0.6187084913253784
461844280,cal,0,1,0.6220864057540894,0.6220864057540894
1107260032,cal,0,1,0.610723078250885,0.610723078250885
1303672310,cal,0,1,0.618816077709198,0.618816077709198
1063880453,cal,0,1,0.6152058243751526,0.6152058243751526
1289166870,cal,0,1,0.624765157699585,0.624765157699585
1866644569,cal,0,1,0.6092234253883362,0.6092234253883362
1906779331,cal,0,1,0.5801886916160583,0.5801886916160583
2120682904,cal,0,1,0.5912355780601501,0.5912355780601501
460300289,cal,0,1,0.5828458070755005,0.5828458070755005
2030699807,cal,0,1,0.5700190663337708,0.5700190663337708
191017388,cal,1,1,0.5162010788917542,0.5162010788917542
1477806711,cal,1,1,0.5207318663597107,0.5207318663597107
356913490,cal,0,1,0.5247220993041992,0.5247220993041992
720618687,cal,0,1,0.515867292881012,0.515867292881012
797909992,cal,0,1,0.6207684874534607,0.6207684874534607
1091523271,cal,0,1,0.6232057213783264,0.6232057213783264
1387942812,cal,0,1,0.6036958694458008,0.6036958694458008
106715028,cal,0,1,0.6179229617118835,0.6179229617118835
1152775833,cal,0,1,0.6123033165931702,0.6123033165931702
605216144,cal,0,1,0.5835811495780945,0.5835811495780945
2029655147,cal,0,1,0.5235072374343872,0.5235072374343872
1101984697,cal,1,1,0.6019814610481262,0.6019814610481262
1652670336,cal,1,1,0.5183070302009583,0.5183070302009583
1709210926,cal,1,1,0.5531492829322815,0.5531492829322815
542514284,cal,0,1,0.5073192119598389,0.5073192119598389
1626019483,cal,0,0,0.4908907413482666,0.5091092586517334
105053351,cal,0,1,0.5036832690238953,0.5036832690238953
1979457696,cal,0,1,0.5158584713935852,0.5158584713935852
425949185,cal,0,1,0.5907377004623413,0.5907377004623413
736638707,cal,0,1,0.554594099521637,0.554594099521637
2136175831,cal,0,1,0.5893388390541077,0.5893388390541077
390229349,cal,0,1,0.5660821795463562,0.5660821795463562
786354466,cal,0,1,0.5781519412994385,0.5781519412994385
1775006291,cal,0,1,0.5117505192756653,0.5117505192756653
1805591529,cal,0,0,0.4935108721256256,0.5064891576766968
956473297,cal,0,0,0.49815231561660767,0.5018476843833923
1914428607,cal,0,0,0.4749324917793274,0.5250675082206726
783802580,cal,0,1,0.5982658863067627,0.5982658863067627
1126484447,cal,0,1,0.5786276459693909,0.5786276459693909
368835614,cal,0,1,0.5578563809394836,0.5578563809394836
689260454,cal,0,1,0.6042888164520264,0.6042888164520264
189362032,test,1,1,0.513027548789978,0.513027548789978
1490758028,test,1,0,0.495214581489563,0.504785418510437
1609298443,test,1,0,0.49048420786857605,0.5095157623291016
617525091,test,0,1,0.5305564999580383,0.5305564999580383
792531493,test,0,1,0.5483486652374268,0.5483486652374268
2069718338,test,0,1,0.5204144716262817,0.5204144716262817
335276401,cal,0,0,0.46717727184295654,0.5328227281570435
1814463723,cal,0,0,0.48249122500419617,0.5175087451934814
69501596,cal,0,0,0.48143675923347473,0.5185632705688477
1532206292,cal,0,0,0.47053343057632446,0.5294665694236755
480822125,cal,0,0,0.4983276128768921,0.5016723871231079
1897712237,cal,0,0,0.24228498339653015,0.7577149868011475
982292140,cal,0,0,0.4916899502277374,0.508310079574585
1179403506,cal,0,0,0.24579212069511414,0.7542078495025635
584356062,test,0,1,0.5284368991851807,0.5284368991851807
1949029669,test,0,1,0.5463679432868958,0.5463679432868958
997249696,test,1,1,0.5417097210884094,0.5417097210884094
1232290885,test,1,1,0.5423184037208557,0.5423184037208557
1505346563,cal,0,1,0.6127406358718872,0.6127406358718872
2044750997,cal,0,1,0.6156613230705261,0.6156613230705261
350327724,cal,0,1,0.6138607859611511,0.6138607859611511
2041002079,cal,0,1,0.6116653680801392,0.6116653680801392
769562817,cal,0,1,0.5632562041282654,0.5632562041282654
1298397822,cal,0,1,0.5726472735404968,0.5726472735404968
1932601758,cal,0,1,0.5771825313568115,0.5771825313568115
120336538,cal,0,1,0.584661602973938,0.584661602973938
612139329,cal,0,1,0.5821574926376343,0.5821574926376343
401343752,cal,0,0,0.49390047788619995,0.5060995221138
1581534928,cal,0,1,0.5096421837806702,0.5096421837806702
1616402761,cal,0,0,0.4949028789997101,0.5050971508026123
1796700958,cal,0,0,0.47380074858665466,0.526199221611023
821247789,cal,1,1,0.5377165079116821,0.5377165079116821
1571607440,cal,1,1,0.5192099809646606,0.5192099809646606
849365885,cal,0,1,0.5193859934806824,0.5193859934806824
971402072,cal,0,1,0.5426455140113831,0.5426455140113831
1707739022,cal,0,0,0.46690285205841064,0.5330971479415894
1206514740,cal,0,1,0.5496694445610046,0.5496694445610046
1657715435,cal,0,1,0.5610177516937256,0.5610177516937256
1586516289,cal,0,1,0.5469784140586853,0.5469784140586853
1831960570,cal,0,1,0.5464687347412109,0.5464687347412109
66057800,cal,0,0,0.46641436219215393,0.5335856676101685
182911488,cal,0,1,0.51112300157547,0.51112300157547
800708180,cal,0,0,0.4880944490432739,0.5119055509567261
1136816731,cal,0,1,0.5156295895576477,0.5156295895576477
1722390449,cal,0,0,0.49390390515327454,0.5060961246490479
1835753026,cal,0,0,0.49881500005722046,0.5011849999427795
298148438,cal,0,0,0.48549196124076843,0.5145080089569092
1692195011,cal,0,0,0.4902608394622803,0.5097391605377197
1265291264,test,0,1,0.5447631478309631,0.5447631478309631
2060012885,test,0,1,0.5616397261619568,0.5616397261619568
1767167154,test,0,1,0.5320160388946533,0.5320160388946533
2054592871,test,0,1,0.5438933372497559,0.5438933372497559
717986987,cal,0,1,0.5700702667236328,0.5700702667236328
1943371840,cal,0,1,0.532304048538208,0.532304048538208
474902069,cal,0,1,0.5554739236831665,0.5554739236831665
2052884565,cal,0,1,0.5220268964767456,0.5220268964767456
1495083936,cal,0,1,0.5882770419120789,0.5882770419120789
1839105057,cal,0,1,0.5577920079231262,0.5577920079231262
1385596594,cal,0,1,0.5614515542984009,0.5614515542984009
1937004621,cal,0,1,0.571150541305542,0.571150541305542
323359086,cal,0,1,0.5014542937278748,0.5014542937278748
456842873,cal,0,1,0.5262555480003357,0.5262555480003357
752674870,cal,0,1,0.5186441540718079,0.5186441540718079
318298859,cal,0,1,0.5349679589271545,0.5349679589271545
1911484187,cal,0,0,0.4791529178619385,0.5208470821380615
725569782,cal,0,1,0.518923282623291,0.518923282623291
905190921,cal,0,1,0.5190731287002563,0.5190731287002563
521894250,cal,0,0,0.49808019399642944,0.5019198060035706
2083748759,cal,0,1,0.5150743126869202,0.5150743126869202
266365002,cal,0,1,0.5179163217544556,0.5179163217544556
844242610,cal,0,1,0.5338364243507385,0.5338364243507385
629657795,cal,1,1,0.5223596096038818,0.5223596096038818
746580759,cal,1,1,0.50504469871521,0.50504469871521
1883177465,test,0,0,0.4656052589416504,0.5343947410583496
2055923901,test,0,0,0.4944351315498352,0.5055648684501648
977815410,test,0,0,0.49216338992118835,0.5078365802764893
1695522267,test,0,0,0.4633902907371521,0.5366097092628479
120731939,cal,0,1,0.5808348655700684,0.5808348655700684
1419408137,cal,0,1,0.5911649465560913,0.5911649465560913
1502806748,cal,0,1,0.5734996795654297,0.5734996795654297
1799163350,cal,0,1,0.5787840485572815,0.5787840485572815
876078492,cal,0,0,0.4851539731025696,0.5148460268974304
1711632385,cal,0,0,0.49895504117012024,0.5010449886322021
888578346,cal,1,0,0.497150182723999,0.502849817276001
1205341210,cal,1,0,0.4749842882156372,0.5250157117843628
461371426,test,0,0,0.4891226589679718,0.5108773708343506
805197867,test,0,0,0.46099570393562317,0.5390043258666992
1531249037,test,0,1,0.5121803879737854,0.5121803879737854
2052871692,test,0,0,0.4600079655647278,0.5399920344352722
823926235,cal,0,1,0.5867075324058533,0.5867075324058533
1422501904,cal,0,1,0.5618646740913391,0.5618646740913391
1426419765,cal,0,1,0.561191976070404,0.561191976070404
801646711,cal,0,1,0.5672563910484314,0.5672563910484314
1032546157,cal,0,1,0.5822223424911499,0.5822223424911499
1283729079,cal,0,1,0.5535374283790588,0.5535374283790588
1347177013,cal,0,1,0.5018470287322998,0.5018470287322998
1777320260,cal,0,0,0.49000898003578186,0.5099910497665405
1122284467,cal,0,0,0.48122718930244446,0.5187728404998779
1888992659,cal,0,1,0.5024796724319458,0.5024796724319458
933884803,cal,0,0,0.4728167951107025,0.5271831750869751
973747322,cal,0,0,0.4579513370990753,0.5420486927032471
5493647,cal,0,0,0.4019111692905426,0.5980888605117798
753414609,cal,0,0,0.3667488694190979,0.6332511305809021
1534986855,cal,0,1,0.5074977874755859,0.5074977874755859
1914478403,cal,0,1,0.5176465511322021,0.5176465511322021
653736682,cal,0,1,0.5173642635345459,0.5173642635345459
1507352670,cal,0,1,0.5129550695419312,0.5129550695419312
80120956,cal,0,1,0.5102956891059875,0.5102956891059875
1568302883,cal,0,0,0.4961623549461365,0.5038376450538635
696819971,cal,0,1,0.5046947002410889,0.5046947002410889
1080940233,cal,0,1,0.5098955631256104,0.5098955631256104
2095257976,cal,0,1,0.5002199411392212,0.5002199411392212
531788513,cal,0,1,0.5441174507141113,0.5441174507141113
1098127224,cal,0,1,0.5699324011802673,0.5699324011802673
2102629008,cal,0,1,0.5872219204902649,0.5872219204902649
800192258,cal,0,1,0.5992464423179626,0.5992464423179626
1500467183,cal,0,1,0.5761629939079285,0.5761629939079285
48770318,cal,0,1,0.504240095615387,0.504240095615387
1140335211,cal,0,1,0.5255746841430664,0.5255746841430664
1146254601,cal,0,1,0.5191288590431213,0.5191288590431213
1245263616,cal,0,1,0.5081607103347778,0.5081607103347778
227024146,cal,0,1,0.5466258525848389,0.5466258525848389
1729620912,cal,0,1,0.5052807331085205,0.5052807331085205
362657282,cal,1,0,0.49753904342651367,0.5024609565734863
400686323,cal,1,1,0.5406227111816406,0.5406227111816406
1120823288,cal,0,1,0.5003833174705505,0.5003833174705505
1292328625,cal,0,0,0.4547821581363678,0.5452178716659546
770872001,cal,0,1,0.5033233761787415,0.5033233761787415
1172943074,cal,0,0,0.48175516724586487,0.5182448625564575
546730595,test,0,0,0.49285411834716797,0.507145881652832
1486707844,test,0,1,0.5005528330802917,0.5005528330802917
1523531274,test,0,0,0.48907360434532166,0.510926365852356
1728437514,test,0,0,0.491722047328949,0.508277952671051
1905498554,test,0,0,0.4942260682582855,0.5057739019393921
912650380,cal,1,1,0.5034302473068237,0.5034302473068237
1011558583,cal,1,0,0.49865904450416565,0.5013409852981567
712521570,cal,0,1,0.5060665607452393,0.5060665607452393
1938942288,cal,0,1,0.5048567056655884,0.5048567056655884
1754029880,cal,0,1,0.5561995506286621,0.5561995506286621
1963233298,cal,0,1,0.5478499531745911,0.5478499531745911
364619727,cal,0,1,0.5568709969520569,0.5568709969520569
595514966,cal,0,1,0.5513035655021667,0.5513035655021667
952488699,cal,0,1,0.5890712738037109,0.5890712738037109
1409572943,cal,0,1,0.5812677145004272,0.5812677145004272
252767825,cal,0,1,0.586858868598938,0.586858868598938
711611444,cal,0,1,0.5889223217964172,0.5889223217964172
1011264686,cal,0,1,0.571049153804779,0.571049153804779
1254972190,cal,0,1,0.5731711983680725,0.5731711983680725
2112845072,cal,0,1,0.5678392052650452,0.5678392052650452
605196176,cal,1,1,0.5705987811088562,0.5705987811088562
2140273006,cal,1,1,0.5582555532455444,0.5582555532455444
135077378,cal,0,0,0.47614794969558716,0.5238520503044128
888687396,cal,0,0,0.4834173619747162,0.5165826082229614
902636252,cal,0,1,0.5030060410499573,0.5030060410499573
1349824585,cal,0,1,0.5137665271759033,0.5137665271759033
1066423834,cal,0,0,0.48158887028694153,0.5184111595153809
1520875360,cal,0,0,0.48518574237823486,0.5148142576217651
1217618732,cal,0,0,0.47238871455192566,0.527611255645752
1741146309,cal,0,0,0.4738260507583618,0.5261739492416382
556861347,test,0,1,0.5647563338279724,0.5647563338279724
1653465150,test,0,1,0.5934578776359558,0.5934578776359558
273659460,test,0,1,0.5522635579109192,0.5522635579109192
892508128,test,0,1,0.5824466943740845,0.5824466943740845
625503891,cal,0,1,0.5183035731315613,0.5183035731315613
1575793904,cal,0,1,0.5373671054840088,0.5373671054840088
459034394,cal,0,1,0.5076726078987122,0.5076726078987122
1438731265,cal,0,1,0.534121572971344,0.534121572971344
1238663835,test,0,1,0.5614484548568726,0.5614484548568726
1757565601,test,0,1,0.5666642189025879,0.5666642189025879
286626449,test,1,1,0.5591480731964111,0.5591480731964111
545110820,test,1,1,0.5505051612854004,0.5505051612854004
515524385,test,0,0,0.49000972509384155,0.5099902749061584
1852774347,test,0,0,0.49336186051368713,0.5066381692886353
639112043,test,0,0,0.4895240366458893,0.5104759931564331
1880234293,test,0,1,0.5122363567352295,0.5122363567352295
926985769,cal,0,1,0.5065897703170776,0.5065897703170776
1012710953,cal,0,0,0.4706721901893616,0.5293278098106384
205109541,cal,0,0,0.4808120131492615,0.5191879868507385
491260527,cal,0,0,0.46769243478775024,0.5323075652122498
658331739,cal,1,0,0.47490596771240234,0.5250940322875977
725607825,cal,1,0,0.4783869981765747,0.5216130018234253
291643068,cal,0,0,0.4627460241317749,0.5372539758682251
913075904,cal,0,0,0.4709325134754181,0.5290675163269043
133952582,cal,0,1,0.5132614374160767,0.5132614374160767
1578609985,cal,0,1,0.5221130847930908,0.5221130847930908
45909651,cal,0,0,0.49305459856987,0.5069453716278076
1372741016,cal,0,0,0.4994145333766937,0.5005854368209839
899655057,cal,0,1,0.52787846326828,0.52787846326828
1032272453,cal,0,1,0.5990804433822632,0.5990804433822632
1193779604,cal,0,1,0.515224814414978,0.515224814414978
1499398402,cal,0,1,0.5551109313964844,0.5551109313964844
259267917,cal,0,1,0.5964296460151672,0.5964296460151672
981059833,cal,0,1,0.5017488598823547,0.5017488598823547
1286912369,cal,0,1,0.5576572418212891,0.5576572418212891
1493449287,cal,0,1,0.5163810849189758,0.5163810849189758
99224278,cal,0,0,0.49916812777519226,0.5008318424224854
409231690,cal,0,0,0.4884873628616333,0.5115126371383667
1415906460,cal,1,0,0.47924748063087463,0.5207525491714478
1945287006,cal,1,0,0.48214492201805115,0.5178550481796265
1539473622,cal,1,0,0.4170464277267456,0.5829535722732544
2035969521,cal,1,0,0.41453817486763,0.5854618549346924
540562039,cal,0,0,0.38226911425590515,0.6177308559417725
1646088879,cal,0,0,0.43853941559791565,0.5614606142044067
1973292874,cal,0,0,0.4365003705024719,0.5634996294975281
1136040489,test,0,0,0.4764464497566223,0.5235535502433777
1171012585,test,0,0,0.4879118502140045,0.5120881795883179
294399216,test,0,0,0.47988200187683105,0.520117998123169
426788003,test,0,1,0.5034080147743225,0.5034080147743225
4493744,cal,1,1,0.5672695636749268,0.5672695636749268
2082874992,cal,1,1,0.5484011769294739,0.5484011769294739
1332780104,cal,0,0,0.42213740944862366,0.5778626203536987
1609743856,cal,0,0,0.39849796891212463,0.6015020608901978
1441852710,cal,0,1,0.5687721967697144,0.5687721967697144
1473788829,cal,0,1,0.5843781232833862,0.5843781232833862
1976023609,cal,0,1,0.5834930539131165,0.5834930539131165
307911284,cal,1,1,0.5661469101905823,0.5661469101905823
1995881282,cal,1,1,0.5693325996398926,0.5693325996398926
1441116589,cal,0,1,0.5259717106819153,0.5259717106819153
1473646762,cal,0,1,0.5217726230621338,0.5217726230621338
409447527,cal,0,1,0.5080599188804626,0.5080599188804626
965915031,cal,0,1,0.5104701519012451,0.5104701519012451
781788826,cal,0,0,0.48815637826919556,0.5118436217308044
826364507,cal,0,0,0.48614048957824707,0.5138595104217529
2142790187,cal,0,0,0.472942054271698,0.527057945728302
21089789,cal,0,0,0.48711979389190674,0.5128802061080933
378139768,cal,0,0,0.4977344870567322,0.5022655129432678
1530019000,cal,0,0,0.470365047454834,0.529634952545166
351961580,cal,0,1,0.5854350924491882,0.5854350924491882
1016061972,cal,0,1,0.5417174100875854,0.5417174100875854
1172976203,cal,1,0,0.40241673588752747,0.5975832939147949
1662724073,cal,1,0,0.44952628016471863,0.550473690032959
255683437,cal,0,1,0.5141334533691406,0.5141334533691406
1062096725,cal,0,1,0.5046282410621643,0.5046282410621643
657631909,cal,0,1,0.5178856253623962,0.5178856253623962
1412197242,cal,0,0,0.4726942479610443,0.5273057222366333
273680290,test,1,1,0.534010112285614,0.534010112285614
1537123013,test,1,1,0.5484302639961243,0.5484302639961243
619193371,test,0,1,0.5352540612220764,0.5352540612220764
1617231319,test,0,1,0.5293600559234619,0.5293600559234619
1243423623,cal,0,1,0.528777003288269,0.528777003288269
1245163290,cal,0,1,0.5149053335189819,0.5149053335189819
1514286589,cal,0,1,0.529050350189209,0.529050350189209
1570221553,cal,0,1,0.5144006609916687,0.5144006609916687
1225820675,cal,1,1,0.5806844234466553,0.5806844234466553
1294508870,cal,1,1,0.5896362066268921,0.5896362066268921
208797370,cal,0,1,0.5896928310394287,0.5896928310394287
231046658,cal,0,1,0.5819234848022461,0.5819234848022461
1213970220,test,0,1,0.5132903456687927,0.5132903456687927
1412136936,test,0,1,0.5197527408599854,0.5197527408599854
404031700,test,0,0,0.4994708001613617,0.5005291700363159
1861631186,test,0,1,0.5181542038917542,0.5181542038917542
159989254,cal,0,0,0.48939231038093567,0.5106077194213867
1082463861,cal,0,0,0.4722604751586914,0.5277395248413086
928749486,cal,0,1,0.5115823745727539,0.5115823745727539
1083275629,cal,0,0,0.4784446358680725,0.5215553641319275
2094660356,cal,0,0,0.495473712682724,0.5045262575149536
1089928750,cal,0,0,0.4826944172382355,0.5173056125640869
1999442367,cal,0,0,0.45260167121887207,0.5473983287811279
209686209,cal,0,0,0.47722795605659485,0.5227720737457275
1744019533,cal,0,0,0.4382062256336212,0.5617938041687012
1479613853,test,0,0,0.4789661765098572,0.5210338234901428
1775335822,test,0,0,0.48455753922462463,0.5154424905776978
653957144,test,0,0,0.4786081910133362,0.5213918089866638
1430186181,test,0,1,0.5099547505378723,0.5099547505378723
159156672,test,1,1,0.6429079174995422,0.6429079174995422
1900759013,test,1,1,0.607428252696991,0.607428252696991
1662249385,test,0,1,0.6170759797096252,0.6170759797096252
1837703816,test,0,1,0.610678493976593,0.610678493976593
899610044,cal,1,1,0.529800534248352,0.529800534248352
1424392657,cal,1,1,0.579809844493866,0.579809844493866
1637569484,cal,0,0,0.4378056228160858,0.5621943473815918
1903244883,cal,0,0,0.3958680331707001,0.6041319370269775
77539981,cal,0,1,0.5913751721382141,0.5913751721382141
1926937099,cal,0,1,0.5903799533843994,0.5903799533843994
471391133,cal,0,1,0.5951691269874573,0.5951691269874573
1548651850,cal,0,1,0.6152117848396301,0.6152117848396301
394703969,cal,0,1,0.532595694065094,0.532595694065094
2046832952,cal,0,0,0.49517586827278137,0.504824161529541
996728773,cal,0,1,0.5202722549438477,0.5202722549438477
1974338536,cal,0,0,0.47917526960372925,0.5208247303962708
435049372,test,0,1,0.5116879940032959,0.5116879940032959
502632371,test,0,1,0.52890545129776,0.52890545129776
1555946791,test,0,1,0.510772705078125,0.510772705078125
1712795063,test,0,1,0.5317259430885315,0.5317259430885315
21894560,cal,1,1,0.5559178590774536,0.5559178590774536
666644749,cal,1,1,0.5606755614280701,0.5606755614280701
10333126,cal,0,1,0.5539041757583618,0.5539041757583618
305185249,cal,0,1,0.5651889443397522,0.5651889443397522
145575893,test,0,1,0.5260400176048279,0.5260400176048279
960131174,test,0,1,0.5475589036941528,0.5475589036941528
909108886,test,0,1,0.5196614265441895,0.5196614265441895
1115039133,test,0,1,0.5426309704780579,0.5426309704780579
780301747,cal,0,0,0.48491787910461426,0.5150821208953857
1796288552,cal,0,1,0.5013167858123779,0.5013167858123779
1835216806,cal,0,0,0.4597722887992859,0.5402277112007141
491006079,cal,1,0,0.4565759003162384,0.543424129486084
1530919387,cal,1,0,0.4850214421749115,0.5149785280227661
2108938784,cal,1,0,0.49795928597450256,0.5020407438278198
945875793,cal,1,1,0.5874519348144531,0.5874519348144531
2012129653,cal,1,1,0.5857226848602295,0.5857226848602295
67397443,cal,0,1,0.5896503925323486,0.5896503925323486
1591343803,cal,0,1,0.5695967674255371,0.5695967674255371
749600043,cal,0,1,0.5686505436897278,0.5686505436897278
951051852,cal,0,1,0.5679557919502258,0.5679557919502258
556676340,cal,0,1,0.587784469127655,0.587784469127655
1635277044,cal,0,1,0.575634241104126,0.575634241104126
427990180,test,0,1,0.5020225048065186,0.5020225048065186
819755391,test,0,0,0.4943399727344513,0.5056600570678711
1210940582,test,0,1,0.5047341585159302,0.5047341585159302
540085215,test,0,0,0.49799439311027527,0.5020055770874023
1322961574,test,0,0,0.3801020681858063,0.6198979616165161
1386428053,test,0,0,0.4482145607471466,0.5517854690551758
450957692,cal,0,1,0.5416090488433838,0.5416090488433838
2039726550,cal,0,1,0.5337830185890198,0.5337830185890198
14013848,cal,0,1,0.5396045446395874,0.5396045446395874
440817743,cal,0,1,0.5132479071617126,0.5132479071617126
587809567,cal,0,1,0.5234541296958923,0.5234541296958923
100110149,test,0,1,0.5804051160812378,0.5804051160812378
1085008843,test,0,1,0.5822215676307678,0.5822215676307678
1609050820,test,0,1,0.5969681143760681,0.5969681143760681
441336539,test,0,1,0.5799435973167419,0.5799435973167419
488794502,test,0,1,0.5775569677352905,0.5775569677352905
634238633,test,0,1,0.5653498768806458,0.5653498768806458
811508524,test,0,1,0.5499587059020996,0.5499587059020996
527984277,cal,0,1,0.5148040652275085,0.5148040652275085
1484093158,cal,0,1,0.5232837796211243,0.5232837796211243
411437501,cal,0,0,0.49319612979888916,0.5068038702011108
1435484080,cal,0,0,0.49546530842781067,0.5045347213745117
2073590151,cal,0,0,0.4783833920955658,0.5216165781021118
141328019,test,0,1,0.5812100172042847,0.5812100172042847
1549529032,test,0,1,0.582866907119751,0.582866907119751
472483214,test,0,1,0.5875850915908813,0.5875850915908813
1633130016,test,0,1,0.5847946405410767,0.5847946405410767
908567962,cal,0,0,0.49735894799232483,0.5026410818099976
2010859447,cal,0,0,0.4763408303260803,0.5236591696739197
498809102,cal,0,1,0.5084723830223083,0.5084723830223083
1695231120,cal,0,1,0.5062454342842102,0.5062454342842102
1921143331,cal,0,0,0.4745224714279175,0.5254775285720825
26938306,cal,0,0,0.47709381580352783,0.5229061841964722
1663849308,cal,0,0,0.4841223657131195,0.5158776044845581
1385831349,cal,0,0,0.47012859582901,0.52987140417099
1895098899,cal,0,0,0.46809056401252747,0.5319094657897949
28793527,cal,1,1,0.5606030225753784,0.5606030225753784
636619258,cal,1,1,0.5595524907112122,0.5595524907112122
639278206,cal,1,1,0.5733670592308044,0.5733670592308044
480274141,cal,0,1,0.5731749534606934,0.5731749534606934
922469938,cal,0,1,0.5711211562156677,0.5711211562156677
1492329387,cal,0,1,0.5559408068656921,0.5559408068656921
23824111,cal,0,1,0.5538876056671143,0.5538876056671143
626210348,cal,0,1,0.5495293140411377,0.5495293140411377
1150145171,cal,1,1,0.5361691117286682,0.5361691117286682
1948930379,cal,1,1,0.5255568027496338,0.5255568027496338
427498700,cal,1,1,0.5014275312423706,0.5014275312423706
889523560,cal,1,1,0.5327152609825134,0.5327152609825134
1043247192,cal,0,0,0.4861488938331604,0.5138511061668396
1791112988,cal,0,1,0.5379197597503662,0.5379197597503662
444773067,cal,1,1,0.5176076889038086,0.5176076889038086
471172267,cal,1,1,0.5738039612770081,0.5738039612770081
1797943468,cal,1,1,0.5635518431663513,0.5635518431663513
1518615423,cal,0,0,0.43699124455451965,0.5630087852478027
1753825870,cal,0,0,0.3955085873603821,0.6044914126396179
590508568,test,0,1,0.5749782919883728,0.5749782919883728
678178612,test,0,1,0.5858198404312134,0.5858198404312134
1828338819,test,0,1,0.5795784592628479,0.5795784592628479
1074591376,test,0,1,0.5687069296836853,0.5687069296836853
1192595133,test,0,1,0.5835506319999695,0.5835506319999695
1498177276,test,0,1,0.562163770198822,0.562163770198822
1523165025,cal,1,1,0.501523494720459,0.501523494720459
1912780715,cal,1,1,0.5525276064872742,0.5525276064872742
312338109,cal,0,0,0.4067932069301605,0.5932067632675171
1499100907,cal,0,0,0.3992867171764374,0.6007132530212402
1168820684,test,1,1,0.5053794384002686,0.5053794384002686
1403402714,test,1,1,0.5099492073059082,0.5099492073059082
1454178942,test,1,1,0.5071722865104675,0.5071722865104675
2136110817,test,1,1,0.5125804543495178,0.5125804543495178
441260138,test,1,1,0.5278909206390381,0.5278909206390381
1264794404,test,1,1,0.5518757700920105,0.5518757700920105
1298613078,test,1,1,0.5113283395767212,0.5113283395767212
118705721,test,1,1,0.5570535659790039,0.5570535659790039
793513266,test,1,1,0.5440453290939331,0.5440453290939331
1016394394,test,1,1,0.5863555073738098,0.5863555073738098
1659000052,test,1,1,0.5774297118186951,0.5774297118186951
454443587,test,0,1,0.518737256526947,0.518737256526947
489296141,test,0,1,0.5267378687858582,0.5267378687858582
1548006175,test,0,1,0.5719160437583923,0.5719160437583923
1772963478,test,0,1,0.5087007284164429,0.5087007284164429
2023872627,test,0,1,0.6009754538536072,0.6009754538536072
83455647,cal,0,0,0.44788020849227905,0.552119791507721
2083502118,cal,0,0,0.4734809100627899,0.5265190601348877
125189600,cal,0,0,0.4340483248233795,0.5659517049789429
825083030,cal,0,0,0.3783745765686035,0.6216254234313965
1106982986,test,0,1,0.5403532981872559,0.5403532981872559
1779420533,test,0,0,0.4852730631828308,0.5147269368171692
675080509,test,1,0,0.40584930777549744,0.5941506624221802
1872087937,test,1,0,0.4042385220527649,0.5957614779472351
654685616,cal,1,0,0.49375131726264954,0.5062487125396729
1619133079,cal,1,0,0.4726598858833313,0.5273401141166687
1466029759,cal,0,0,0.4927738904953003,0.5072261095046997
1671351022,cal,0,0,0.45559731125831604,0.5444027185440063
1805913094,cal,0,0,0.4523395001888275,0.5476604700088501
745018305,cal,0,1,0.5231891870498657,0.5231891870498657
2051369887,cal,0,1,0.5494734048843384,0.5494734048843384
1046044325,cal,0,1,0.5433687567710876,0.5433687567710876
1372575346,cal,0,1,0.565847635269165,0.565847635269165
45438070,cal,0,1,0.5401973724365234,0.5401973724365234
491348325,cal,0,1,0.5331661105155945,0.5331661105155945
1002403616,cal,0,1,0.5255213379859924,0.5255213379859924
30301867,cal,0,1,0.533012866973877,0.533012866973877
1636250377,cal,0,1,0.5426217317581177,0.5426217317581177
287171124,cal,0,0,0.4642745852470398,0.5357254147529602
1529246190,cal,0,1,0.5084642171859741,0.5084642171859741
756777246,cal,0,1,0.503587543964386,0.503587543964386
1918805424,cal,0,1,0.500583291053772,0.500583291053772
1048507518,cal,0,1,0.572503924369812,0.572503924369812
1624743528,cal,0,1,0.5386772751808167,0.5386772751808167
493881250,cal,0,1,0.5591193437576294,0.5591193437576294
1339453486,cal,0,1,0.5676231384277344,0.5676231384277344
183980707,test,0,0,0.3555522859096527,0.6444476842880249
1304625366,test,0,0,0.37972086668014526,0.6202791333198547
1368667448,test,0,1,0.5464887022972107,0.5464887022972107
1563935674,test,0,0,0.42787817120552063,0.5721218585968018
2040244680,test,0,1,0.5454531311988831,0.5454531311988831
78100038,cal,0,1,0.5440669655799866,0.5440669655799866
1682070706,cal,0,1,0.5174322724342346,0.5174322724342346
1214992920,cal,0,1,0.516128659248352,0.516128659248352
1969153755,cal,0,1,0.5345686674118042,0.5345686674118042
1496941352,cal,0,1,0.5646845698356628,0.5646845698356628
2060148227,cal,0,1,0.5989312529563904,0.5989312529563904
858402272,cal,0,1,0.5489440560340881,0.5489440560340881
913379409,cal,0,1,0.5811364650726318,0.5811364650726318
1359159522,cal,0,1,0.5847346186637878,0.5847346186637878
1853135279,cal,0,1,0.5721406936645508,0.5721406936645508
1005518109,test,1,1,0.5260393023490906,0.5260393023490906
1151874227,test,1,1,0.5156627297401428,0.5156627297401428
1374212920,test,1,1,0.5589028596878052,0.5589028596878052
1824000692,test,1,1,0.5371533632278442,0.5371533632278442
235389390,test,1,1,0.52629154920578,0.52629154920578
1275907951,test,1,1,0.5375203490257263,0.5375203490257263
1614341229,test,1,1,0.5535867810249329,0.5535867810249329
1862097486,test,1,1,0.5677909851074219,0.5677909851074219
170990114,test,1,1,0.5714045763015747,0.5714045763015747
554639761,test,1,1,0.5600230097770691,0.5600230097770691
741187440,test,0,1,0.5652933120727539,0.5652933120727539
1807772255,test,0,1,0.553091287612915,0.553091287612915
1131826681,cal,0,1,0.5476210117340088,0.5476210117340088
2133896069,cal,0,1,0.5809280276298523,0.5809280276298523
254947118,cal,0,1,0.5735321640968323,0.5735321640968323
1420312205,cal,0,1,0.5577252507209778,0.5577252507209778
70418214,cal,0,0,0.4516793489456177,0.5483206510543823
415988188,cal,0,1,0.5133477449417114,0.5133477449417114
45696569,cal,0,0,0.46386638283729553,0.5361336469650269
1430159337,cal,0,1,0.5183472037315369,0.5183472037315369
14659818,test,0,1,0.5868093371391296,0.5868093371391296
334453279,test,0,1,0.5663875937461853,0.5663875937461853
423098510,test,0,1,0.5668770670890808,0.5668770670890808
1281702607,test,0,1,0.5858868360519409,0.5858868360519409
1493397645,test,0,0,0.4693637192249298,0.5306363105773926
1565388967,test,0,1,0.5155912637710571,0.5155912637710571
1742670110,test,0,0,0.4879274070262909,0.5120725631713867
1793628684,test,0,1,0.5016557574272156,0.5016557574272156
843393626,cal,0,1,0.5773136019706726,0.5773136019706726
864838445,cal,0,1,0.6009243130683899,0.6009243130683899
1448050955,cal,0,1,0.5961798429489136,0.5961798429489136
937439167,cal,1,1,0.5884473919868469,0.5884473919868469
2017969961,cal,1,1,0.5676690340042114,0.5676690340042114
673495123,test,0,1,0.5925483703613281,0.5925483703613281
1718873443,test,0,1,0.5629761815071106,0.5629761815071106
900121293,test,1,1,0.5611919164657593,0.5611919164657593
1592914930,test,1,1,0.586999237537384,0.586999237537384
1528679795,cal,0,0,0.4878678023815155,0.5121321678161621
1872272033,cal,0,1,0.5174005627632141,0.5174005627632141
642277935,cal,0,0,0.47420763969421387,0.5257923603057861
801199007,cal,0,0,0.4736197888851166,0.526380181312561
977238439,cal,0,0,0.48624899983406067,0.5137510299682617
1491897267,cal,0,0,0.4975301921367645,0.5024697780609131
457935266,cal,0,0,0.47924649715423584,0.5207535028457642
850722750,cal,0,0,0.49420663714408875,0.5057933330535889
464418949,cal,1,1,0.627496063709259,0.627496063709259
1276997182,cal,1,1,0.5758463740348816,0.5758463740348816
1068828001,cal,0,1,0.5748177766799927,0.5748177766799927
1937582150,cal,0,1,0.62232506275177,0.62232506275177
607599877,test,0,1,0.5617520809173584,0.5617520809173584
983674486,test,0,0,0.4910162389278412,0.5089837312698364
156440604,test,0,0,0.40790417790412903,0.5920958518981934
373240050,test,0,0,0.41911664605140686,0.5808833837509155
130528642,cal,0,1,0.5704920887947083,0.5704920887947083
762992750,cal,0,1,0.5545149445533752,0.5545149445533752
142432854,cal,1,0,0.40803563594818115,0.5919643640518188
1127927597,cal,1,0,0.43134909868240356,0.5686509013175964
1162095943,cal,1,0,0.4070224165916443,0.5929775834083557
1412673245,cal,0,1,0.504455029964447,0.504455029964447
2007898858,cal,0,1,0.5369048714637756,0.5369048714637756
1144874552,cal,0,0,0.401379257440567,0.5986207723617554
1499782977,cal,0,0,0.4281294345855713,0.5718705654144287
1746766599,cal,0,0,0.436933696269989,0.563066303730011
1198934670,cal,0,1,0.5088009238243103,0.5088009238243103
1994679894,cal,0,1,0.509768545627594,0.509768545627594
40290964,cal,0,1,0.516224205493927,0.516224205493927
55058317,cal,0,0,0.4987199902534485,0.5012800097465515
375445182,cal,0,1,0.5022578239440918,0.5022578239440918
2122421722,cal,0,1,0.5059857964515686,0.5059857964515686
102489772,cal,0,1,0.5041218996047974,0.5041218996047974
805354093,cal,0,1,0.5144121646881104,0.5144121646881104
949176137,cal,0,1,0.503546416759491,0.503546416759491
857946982,cal,0,1,0.6147093772888184,0.6147093772888184
1598020518,cal,0,1,0.5486875176429749,0.5486875176429749
284607710,cal,1,0,0.455053448677063,0.544946551322937
1167380343,cal,1,0,0.40883758664131165,0.5911624431610107
570368185,test,0,1,0.5529181361198425,0.5529181361198425
1902036174,test,0,1,0.5378894209861755,0.5378894209861755
1815773766,test,0,0,0.4505596160888672,0.5494403839111328
2000474521,test,0,0,0.4303840100765228,0.5696159601211548
1858889947,cal,0,0,0.4538736939430237,0.5461263060569763
1938221641,cal,0,0,0.4386638402938843,0.5613361597061157
397974479,cal,0,1,0.577701985836029,0.577701985836029
501083106,cal,0,1,0.5991905331611633,0.5991905331611633
1557313148,cal,0,1,0.5336987972259521,0.5336987972259521
1000308532,cal,1,1,0.5283527374267578,0.5283527374267578
1116955733,cal,1,1,0.5447965264320374,0.5447965264320374
287829668,cal,0,0,0.4821817874908447,0.5178182125091553
1571982223,cal,0,0,0.4827367961406708,0.5172631740570068
1063739518,cal,0,0,0.4019721746444702,0.5980278253555298
637874264,cal,0,0,0.47427016496658325,0.5257298350334167
1777521547,cal,0,0,0.44127556681632996,0.5587244033813477
630131225,cal,0,0,0.41065582633018494,0.5893441438674927
782208660,cal,0,0,0.4598475992679596,0.5401524305343628
559052859,cal,0,0,0.4956037104129791,0.5043963193893433
980208105,cal,0,0,0.4802722632884979,0.5197277069091797
1098809657,cal,0,0,0.47664085030555725,0.5233591794967651
1366950927,cal,0,0,0.4915720522403717,0.5084279775619507
1845864194,cal,0,0,0.4948282837867737,0.5051717162132263
1238740666,cal,0,0,0.46403390169143677,0.5359660983085632
2053681232,cal,0,0,0.47499093413352966,0.525009036064148
853924738,cal,0,0,0.45847007632255554,0.5415298938751221
1609639929,cal,0,0,0.4766497313976288,0.5233502388000488
719782071,cal,0,1,0.5122395157814026,0.5122395157814026
1373669304,cal,0,1,0.5236501097679138,0.5236501097679138
1873107118,cal,0,1,0.5242782831192017,0.5242782831192017
498399409,cal,0,1,0.5351017117500305,0.5351017117500305
595982445,cal,0,1,0.5093235969543457,0.5093235969543457
1913297198,cal,0,0,0.4945789575576782,0.5054210424423218
1969361396,cal,0,1,0.505257785320282,0.505257785320282
272134211,test,0,0,0.4954925775527954,0.5045074224472046
1237814180,test,0,0,0.47876378893852234,0.5212361812591553
242800423,test,0,0,0.47210222482681274,0.5278977751731873
2137595437,test,0,0,0.48703956604003906,0.5129604339599609
1662497175,cal,0,1,0.5047417283058167,0.5047417283058167
1929505128,cal,0,1,0.5086773633956909,0.5086773633956909
98882932,cal,0,1,0.5020171403884888,0.5020171403884888
1463959325,cal,0,1,0.5107759237289429,0.5107759237289429
841837846,cal,0,1,0.510794460773468,0.510794460773468
1244895701,cal,0,1,0.5572643280029297,0.5572643280029297
1399356698,cal,0,0,0.4925248324871063,0.5074751377105713
2008430896,cal,0,0,0.48740798234939575,0.5125920176506042
291057023,cal,0,1,0.5199741125106812,0.5199741125106812
321706756,cal,0,1,0.5567799210548401,0.5567799210548401
791236490,cal,0,0,0.4930325150489807,0.5069674849510193
2053930931,cal,0,0,0.4803215265274048,0.5196784734725952
1410982048,cal,1,1,0.6470391750335693,0.6470391750335693
1584369969,cal,1,1,0.6406798362731934,0.6406798362731934
1216236119,cal,0,1,0.6405540108680725,0.6405540108680725
1834649125,cal,0,1,0.6532704830169678,0.6532704830169678
283625771,cal,0,1,0.5982925891876221,0.5982925891876221
1007070646,cal,0,1,0.5919760465621948,0.5919760465621948
1558879517,cal,0,1,0.5807540416717529,0.5807540416717529
525548833,cal,0,1,0.5985932350158691,0.5985932350158691
1799447530,cal,0,1,0.5811207294464111,0.5811207294464111
713399466,cal,0,0,0.4902256429195404,0.5097743272781372
1012436815,cal,0,0,0.4745888113975525,0.5254111886024475
843049564,cal,0,0,0.4870744049549103,0.5129256248474121
1808441303,cal,0,0,0.46438655257225037,0.5356134176254272
55409385,cal,0,0,0.47997134923934937,0.5200286507606506
1443810468,cal,0,0,0.4781304895877838,0.5218695402145386
1765405669,cal,0,0,0.46548905968666077,0.5345109701156616
439081982,cal,0,0,0.47511136531829834,0.5248886346817017
1848089177,cal,0,0,0.4928824007511139,0.5071176290512085
880721435,cal,0,0,0.32702600955963135,0.6729739904403687
1287337190,cal,0,0,0.35236379504203796,0.6476361751556396
1983105361,cal,0,1,0.5074387192726135,0.5074387192726135
1983256951,cal,0,0,0.46719563007354736,0.5328043699264526
260981662,cal,0,0,0.46361735463142395,0.5363826751708984
668794125,cal,0,0,0.2865717113018036,0.713428258895874
1453020275,cal,0,0,0.4158688485622406,0.584131121635437
1526729105,cal,0,0,0.27475470304489136,0.7252452969551086
1019427257,cal,0,1,0.5071819424629211,0.5071819424629211
1328935977,cal,0,1,0.5053585171699524,0.5053585171699524
1441050726,cal,0,1,0.5259374976158142,0.5259374976158142
2084422099,cal,0,1,0.5053260326385498,0.5053260326385498
44228451,cal,1,0,0.4847314953804016,0.5152685046195984
921939515,cal,1,0,0.4845040440559387,0.5154959559440613
381445194,cal,1,0,0.483410507440567,0.5165895223617554
502846318,cal,1,0,0.4588874578475952,0.5411125421524048
1311528170,cal,1,0,0.4832212030887604,0.516778826713562
2085600921,cal,1,0,0.48222506046295166,0.5177749395370483
895316527,test,0,1,0.5010778307914734,0.5010778307914734
1717208583,test,0,1,0.5369765162467957,0.5369765162467957
313362183,test,0,0,0.40955960750579834,0.5904403924942017
345576155,test,0,0,0.41753852367401123,0.5824614763259888
441423260,test,0,0,0.464513897895813,0.535486102104187
993145295,test,0,1,0.5386483073234558,0.5386483073234558
891678018,test,0,0,0.40574368834495544,0.5942562818527222
1557809414,test,0,0,0.44762811064720154,0.5523718595504761
190766308,test,0,1,0.5492151379585266,0.5492151379585266
431619047,test,0,1,0.532796323299408,0.532796323299408
641150780,test,0,0,0.41185110807418823,0.5881488919258118
1605240712,test,0,0,0.41680875420570374,0.5831912755966187
925930752,test,0,0,0.3970588743686676,0.6029411554336548
1423720340,test,0,0,0.4114266633987427,0.5885733366012573
69697378,test,0,1,0.5167067646980286,0.5167067646980286
334299187,test,0,1,0.5432170629501343,0.5432170629501343
609824365,test,0,0,0.4930762052536011,0.5069237947463989
132373241,cal,0,1,0.5355600714683533,0.5355600714683533
803528986,cal,0,1,0.5725225806236267,0.5725225806236267
1538278355,cal,0,1,0.5392538905143738,0.5392538905143738
766273424,cal,0,0,0.40733611583709717,0.5926638841629028
1903520764,cal,0,0,0.4252889156341553,0.5747110843658447
2053544734,cal,0,0,0.4156452715396881,0.5843547582626343
212477447,cal,0,0,0.42861074209213257,0.5713892579078674
1806062093,cal,0,0,0.40062546730041504,0.599374532699585
673454318,cal,0,1,0.5988837480545044,0.5988837480545044
1671990772,cal,0,1,0.5552518367767334,0.5552518367767334
27425168,cal,0,1,0.5252667665481567,0.5252667665481567
1030297310,cal,0,1,0.5366435647010803,0.5366435647010803
531292287,cal,0,0,0.41012680530548096,0.589873194694519
1920668401,cal,0,0,0.4008218050003052,0.5991781949996948
583119542,cal,1,1,0.5871041417121887,0.5871041417121887
886797800,cal,1,1,0.5857815742492676,0.5857815742492676
1749776218,cal,1,1,0.508240818977356,0.508240818977356
866648159,cal,0,0,0.4510420560836792,0.5489579439163208
1608758398,cal,0,0,0.39534544944763184,0.6046545505523682
363872298,cal,0,0,0.49643537402153015,0.5035645961761475
1587552974,cal,0,0,0.4682541489601135,0.5317458510398865
105849292,cal,0,0,0.4239824414253235,0.5760175585746765
510896442,cal,0,0,0.397508442401886,0.602491557598114
1043327287,cal,0,1,0.5078133940696716,0.5078133940696716
1988635352,cal,0,1,0.5077463388442993,0.5077463388442993
1236208576,cal,0,1,0.5024670362472534,0.5024670362472534
2028618354,cal,0,1,0.5176467299461365,0.5176467299461365
33020894,cal,0,1,0.5580519437789917,0.5580519437789917
943232329,cal,0,1,0.5523436665534973,0.5523436665534973
1106896106,cal,0,0,0.4452918767929077,0.5547081232070923
794265311,cal,0,0,0.413806289434433,0.5861936807632446
1704417831,cal,0,0,0.43245071172714233,0.5675492882728577
1501513082,cal,0,1,0.6006032228469849,0.6006032228469849
1746459226,cal,0,1,0.5568105578422546,0.5568105578422546
239192703,cal,1,0,0.4141574203968048,0.5858426094055176
1580818263,cal,1,0,0.45581352710723877,0.5441864728927612
398134939,cal,0,0,0.4296483099460602,0.5703517198562622
457161215,cal,0,0,0.4301559031009674,0.569844126701355
1928377494,cal,0,0,0.4507496953010559,0.5492503046989441
349624072,cal,0,1,0.5756968855857849,0.5756968855857849
688788638,cal,0,1,0.534505307674408,0.534505307674408
258004005,test,0,1,0.5574566125869751,0.5574566125869751
1529529605,test,0,1,0.5748665928840637,0.5748665928840637
1059719828,test,0,0,0.4413259029388428,0.5586740970611572
1107215158,test,0,0,0.3891305923461914,0.6108694076538086
477484141,cal,0,1,0.5082399249076843,0.5082399249076843
885167871,cal,0,1,0.5312120914459229,0.5312120914459229
432836034,cal,0,0,0.40592432022094727,0.5940756797790527
937610882,cal,0,0,0.45239225029945374,0.5476077795028687
997635930,cal,0,0,0.44318538904190063,0.5568146109580994
2131778426,cal,0,0,0.41988134384155273,0.5801186561584473
404289746,cal,1,1,0.5581474304199219,0.5581474304199219
1615726237,cal,1,1,0.5821801424026489,0.5821801424026489
438479372,cal,0,1,0.5472790598869324,0.5472790598869324
2064346137,cal,0,1,0.5920339822769165,0.5920339822769165
1456252557,cal,0,0,0.4016887843608856,0.598311185836792
2067295097,cal,0,0,0.39594191312789917,0.6040580868721008
1165058527,test,0,1,0.5854865908622742,0.5854865908622742
1633646060,test,0,1,0.5676617622375488,0.5676617622375488
1235376867,test,0,0,0.43135735392570496,0.5686426162719727
1657137622,test,0,0,0.4240957200527191,0.5759042501449585
642302397,cal,0,1,0.518020749092102,0.518020749092102
1443305490,cal,0,1,0.5592678785324097,0.5592678785324097
480558218,cal,0,0,0.4351525604724884,0.564847469329834
635476552,cal,0,0,0.3989361822605133,0.6010638475418091
143579496,cal,0,1,0.5082071423530579,0.5082071423530579
1435129829,cal,0,1,0.5505616664886475,0.5505616664886475
1598231261,cal,0,0,0.4329902231693268,0.5670098066329956
2126775026,cal,0,0,0.4014560580253601,0.5985439419746399
1360655177,cal,0,0,0.44542884826660156,0.5545711517333984
1781861785,cal,0,0,0.4422764480113983,0.5577235221862793
245713791,cal,0,1,0.5647383332252502,0.5647383332252502
1594757074,cal,0,1,0.5457355976104736,0.5457355976104736
821659980,test,0,1,0.5138034224510193,0.5138034224510193
2051354025,test,0,1,0.5541654229164124,0.5541654229164124
1049980947,test,0,0,0.4010465741157532,0.5989534258842468
1590562766,test,0,0,0.44105395674705505,0.5589460134506226
170577996,cal,0,1,0.5418923497200012,0.5418923497200012
1584038472,cal,0,1,0.5073385238647461,0.5073385238647461
114230735,cal,0,0,0.4025067090988159,0.5974932909011841
724691213,cal,0,0,0.40033990144729614,0.5996600985527039
942660606,cal,0,1,0.5615699887275696,0.5615699887275696
1369483608,cal,0,1,0.5955604910850525,0.5955604910850525
1062318570,cal,0,0,0.4303535521030426,0.5696464776992798
1117940206,cal,0,0,0.4508558511734009,0.5491441488265991
1000049233,cal,0,1,0.5561423301696777,0.5561423301696777
2138243010,cal,0,1,0.5582582950592041,0.5582582950592041
337135910,cal,0,0,0.4206666946411133,0.5793333053588867
454757150,cal,0,0,0.4101412892341614,0.5898587107658386
140120138,cal,0,0,0.41434386372566223,0.5856561660766602
1516524679,cal,0,0,0.40027618408203125,0.5997238159179688
1154018469,cal,0,1,0.5510199069976807,0.5510199069976807
1567545298,cal,0,1,0.5333968997001648,0.5333968997001648
269223994,cal,0,1,0.5663935542106628,0.5663935542106628
579425371,cal,0,1,0.5733240246772766,0.5733240246772766
621315189,cal,0,0,0.43578267097473145,0.5642173290252686
2008330559,cal,0,0,0.45060011744499207,0.5493998527526855
42262748,cal,0,0,0.4046948254108429,0.5953052043914795
166377116,cal,0,0,0.4080687463283539,0.5919312238693237
937961553,cal,1,1,0.5168084502220154,0.5168084502220154
1038730083,cal,1,0,0.4389238953590393,0.5610761046409607
1109589944,cal,0,1,0.5006129145622253,0.5006129145622253
1969843463,cal,0,1,0.5141998529434204,0.5141998529434204
613113262,cal,0,0,0.4666611850261688,0.5333387851715088
1952765032,cal,0,0,0.4029475152492523,0.5970524549484253
282760957,cal,0,1,0.5804768800735474,0.5804768800735474
879618247,cal,0,1,0.5968022346496582,0.5968022346496582
1377866969,cal,0,1,0.5943436622619629,0.5943436622619629
744709106,cal,0,0,0.44663140177726746,0.5533685684204102
993501173,cal,0,0,0.4639432430267334,0.5360567569732666
2099771613,cal,0,0,0.4678073823451996,0.532192587852478
216021014,cal,0,0,0.41152989864349365,0.5884701013565063
1338497788,cal,0,0,0.4105032682418823,0.5894967317581177
21129467,cal,0,1,0.5301163792610168,0.5301163792610168
1343521046,cal,0,0,0.4922941029071808,0.5077059268951416
1250539487,cal,0,1,0.5907770395278931,0.5907770395278931
1304326004,cal,0,1,0.5503644943237305,0.5503644943237305
821851862,cal,0,0,0.4314069449901581,0.5685930252075195
982153215,cal,0,0,0.45099306106567383,0.5490069389343262
367140351,cal,0,1,0.5794891119003296,0.5794891119003296
1035241931,cal,0,1,0.5152506828308105,0.5152506828308105
36770041,cal,0,0,0.40436840057373047,0.5956315994262695
962193832,cal,0,0,0.4345548152923584,0.5654451847076416
466244783,cal,0,1,0.5229685306549072,0.5229685306549072
2053014532,cal,0,0,0.4706067740917206,0.529393196105957
361410758,cal,0,0,0.4053744971752167,0.5946254730224609
2033992466,cal,0,0,0.4104750156402588,0.5895249843597412
369822724,cal,0,0,0.4539802074432373,0.5460197925567627
375996420,cal,0,1,0.5252126455307007,0.5252126455307007
1766660746,cal,0,1,0.5253404974937439,0.5253404974937439
126238619,cal,0,0,0.423732727766037,0.5762672424316406
858684902,cal,0,0,0.3982488214969635,0.6017512083053589
1177385141,cal,0,0,0.477173388004303,0.522826611995697
61048330,cal,0,0,0.43855324387550354,0.5614467859268188
1257189837,cal,0,0,0.4616064727306366,0.538393497467041
1872102537,cal,0,0,0.4597606956958771,0.5402393341064453
17395361,cal,0,1,0.530738890171051,0.530738890171051
403821205,cal,0,1,0.5816056132316589,0.5816056132316589
343871513,cal,0,0,0.41238898038864136,0.5876110196113586
737388762,cal,0,0,0.4085354804992676,0.5914645195007324
694648493,cal,0,1,0.5296558737754822,0.5296558737754822
924776286,cal,0,1,0.508612334728241,0.508612334728241
532144095,cal,1,1,0.5593092441558838,0.5593092441558838
894291284,cal,1,1,0.5612682700157166,0.5612682700157166
1817047913,cal,0,0,0.4230344295501709,0.5769655704498291
2143592207,cal,0,0,0.4257947504520416,0.5742052793502808
612917830,test,0,1,0.5156030058860779,0.5156030058860779
1676084097,test,0,1,0.5410625338554382,0.5410625338554382
1216873649,test,0,0,0.4163985252380371,0.5836014747619629
1618448691,test,0,0,0.40704402327537537,0.5929559469223022
600598385,cal,0,1,0.5430132150650024,0.5430132150650024
963345863,cal,0,0,0.4987666606903076,0.5012333393096924
584397257,cal,0,0,0.40112459659576416,0.5988754034042358
846905781,cal,0,0,0.4041306674480438,0.5958693027496338
720641144,cal,0,1,0.5105279684066772,0.5105279684066772
1984230191,cal,0,1,0.5400738716125488,0.5400738716125488
424437442,cal,0,0,0.3948463201522827,0.6051536798477173
1096054106,cal,0,0,0.39350998401641846,0.6064900159835815
27703416,test,0,1,0.5600951313972473,0.5600951313972473
1336759978,test,0,1,0.5557199120521545,0.5557199120521545
1067645963,test,0,0,0.4359154999256134,0.564084529876709
1612884929,test,0,0,0.40424486994743347,0.5957551002502441
339828570,cal,0,0,0.4732063114643097,0.5267937183380127
2125535309,cal,0,1,0.5533004999160767,0.5533004999160767
851589330,cal,0,0,0.4372864365577698,0.5627135634422302
1585397732,cal,0,0,0.416993111371994,0.5830068588256836
159974570,cal,1,1,0.5605824589729309,0.5605824589729309
1044828729,cal,1,1,0.5350217819213867,0.5350217819213867
2090715578,cal,1,1,0.5802013278007507,0.5802013278007507
1415836694,cal,0,0,0.4060041010379791,0.5939959287643433
1543774075,cal,0,0,0.4018506407737732,0.5981493592262268
1784360398,cal,0,0,0.4196576774120331,0.5803422927856445
2125844492,cal,0,0,0.4559415578842163,0.5440584421157837
981206385,cal,0,1,0.54277503490448,0.54277503490448
1405960470,cal,0,1,0.5869869589805603,0.5869869589805603
2105722026,cal,0,1,0.5207090973854065,0.5207090973854065
462258563,cal,0,0,0.4070604741573334,0.5929394960403442
1121595436,cal,0,0,0.40158194303512573,0.5984180569648743
1655504802,cal,0,0,0.4492623209953308,0.5507376790046692
266418738,cal,0,0,0.43389660120010376,0.5661033987998962
2011511152,cal,0,0,0.41327548027038574,0.5867245197296143
202358824,cal,1,1,0.5341069102287292,0.5341069102287292
1955574337,cal,1,1,0.5898745059967041,0.5898745059967041
1088843142,cal,1,1,0.5319334864616394,0.5319334864616394
1813127335,cal,1,1,0.6111899018287659,0.6111899018287659
793249182,cal,0,0,0.4569646418094635,0.5430353879928589
1584158534,cal,0,0,0.42248648405075073,0.5775135159492493
101664840,cal,0,0,0.4626854658126831,0.5373145341873169
875797363,cal,0,1,0.5804346203804016,0.5804346203804016
935142686,cal,1,0,0.45070743560791016,0.5492925643920898
1379820502,cal,1,0,0.4549347758293152,0.5450652241706848
824163255,cal,1,0,0.39805886149406433,0.6019411087036133
2143467994,cal,1,0,0.3974151611328125,0.6025848388671875
1488634215,cal,0,1,0.529200553894043,0.529200553894043
2103940101,cal,0,0,0.4612859785556793,0.5387140512466431
890387863,cal,1,0,0.44507697224617004,0.5549230575561523
1108956739,cal,1,0,0.40614429116249084,0.5938557386398315
196368921,cal,0,1,0.5493797063827515,0.5493797063827515
2145823283,cal,0,1,0.5286556482315063,0.5286556482315063
202042705,cal,0,0,0.4062746465206146,0.593725323677063
267400027,cal,0,0,0.4114340841770172,0.5885659456253052
605918238,cal,0,1,0.5227146148681641,0.5227146148681641
912501118,cal,0,0,0.49054914712905884,0.5094508528709412
938438985,cal,0,1,0.5284566879272461,0.5284566879272461
526379336,cal,1,1,0.6074063181877136,0.6074063181877136
1523975462,cal,1,1,0.5964961647987366,0.5964961647987366
1695028283,cal,1,1,0.5446805953979492,0.5446805953979492
632969100,cal,0,0,0.4108218252658844,0.589178204536438
868593534,cal,0,0,0.42652371525764465,0.5734763145446777
1483631154,cal,0,0,0.4504967927932739,0.5495032072067261
787464077,cal,0,1,0.5273897647857666,0.5273897647857666
1631716047,cal,0,0,0.4981077015399933,0.5018923282623291
2054894362,cal,0,1,0.5588170886039734,0.5588170886039734
527886507,cal,0,0,0.42528921365737915,0.5747107863426208
755177617,cal,0,0,0.4188409149646759,0.5811591148376465
598269240,cal,0,0,0.4929077625274658,0.5070922374725342
765259088,cal,0,1,0.6038885712623596,0.6038885712623596
1097655325,cal,0,1,0.5497742891311646,0.5497742891311646
236235018,cal,0,0,0.4454655051231384,0.5545344948768616
734171808,cal,0,0,0.4532041847705841,0.5467958450317383
1975955579,cal,0,0,0.39750441908836365,0.602495551109314
1392193422,cal,0,0,0.4259667694568634,0.574033260345459
1861125663,cal,0,0,0.44242584705352783,0.5575741529464722
765668143,cal,0,1,0.5499833226203918,0.5499833226203918
2119914947,cal,0,1,0.5727782845497131,0.5727782845497131
216261699,test,0,1,0.5556801557540894,0.5556801557540894
1425723956,test,0,1,0.5582923293113708,0.5582923293113708
1218630995,test,0,0,0.4421634376049042,0.5578365325927734
1836154046,test,0,0,0.4357062876224518,0.5642937421798706
670314321,cal,0,1,0.5852833986282349,0.5852833986282349
1697532584,cal,0,1,0.5724260807037354,0.5724260807037354
1731176638,cal,1,0,0.4493362009525299,0.5506638288497925
1948815394,cal,1,0,0.43323585391044617,0.5667641162872314
1234915706,cal,0,0,0.4088868498802185,0.5911131501197815
1238383746,cal,0,0,0.4001186788082123,0.5998812913894653
1584706398,cal,0,0,0.4158305525779724,0.5841694474220276
484773174,cal,0,1,0.5417496562004089,0.5417496562004089
614914151,cal,0,0,0.49530768394470215,0.5046923160552979
1863129571,cal,0,1,0.5366775393486023,0.5366775393486023
113448667,cal,0,1,0.5597696900367737,0.5597696900367737
898425570,cal,0,1,0.6072049736976624,0.6072049736976624
1200810224,cal,0,1,0.5883061289787292,0.5883061289787292
570072179,cal,0,0,0.4153846800327301,0.5846153497695923
1078671559,cal,0,0,0.4499562978744507,0.5500437021255493
1769331096,cal,0,1,0.5476762652397156,0.5476762652397156
1820353093,cal,0,0,0.4761030375957489,0.5238969326019287
786537821,cal,0,0,0.4157140851020813,0.5842859148979187
1309669876,cal,0,0,0.40342220664024353,0.5965777635574341
850013865,cal,0,0,0.4038882851600647,0.5961117148399353
1226242602,cal,0,0,0.3933027386665344,0.6066972613334656
1546457179,cal,0,0,0.4377398192882538,0.5622601509094238
837524134,cal,0,1,0.5624547004699707,0.5624547004699707
1797364735,cal,0,1,0.5258640050888062,0.5258640050888062
463753023,test,0,1,0.5289400219917297,0.5289400219917297
2133749712,test,0,1,0.5773126482963562,0.5773126482963562
427881132,test,0,0,0.3881224989891052,0.6118775010108948
808391843,test,0,0,0.41254884004592896,0.587451159954071
88636532,cal,0,0,0.49312764406204224,0.5068723559379578
1354480099,cal,0,1,0.5264387130737305,0.5264387130737305
2027417227,cal,0,1,0.5264704823493958,0.5264704823493958
342924419,cal,0,0,0.4130801260471344,0.586919903755188
903021434,cal,0,0,0.4083706736564636,0.5916293263435364
1890657202,cal,0,0,0.4018377959728241,0.5981621742248535
789248483,cal,0,1,0.5553542971611023,0.5553542971611023
1570410173,cal,0,1,0.5957627892494202,0.5957627892494202
1280723804,cal,0,0,0.45953139662742615,0.5404685735702515
1518175227,cal,0,0,0.41151055693626404,0.5884894132614136
858159410,test,0,1,0.5556445717811584,0.5556445717811584
1448770474,test,0,1,0.5598628520965576,0.5598628520965576
261534803,test,1,0,0.4471814036369324,0.5528185963630676
1469732446,test,1,0,0.4491930305957794,0.550806999206543
539401118,cal,0,1,0.5321151614189148,0.5321151614189148
2086499416,cal,0,1,0.5553618669509888,0.5553618669509888
1767176882,cal,0,0,0.43111535906791687,0.5688846111297607
1801701396,cal,0,0,0.4049205482006073,0.5950794219970703
1272968528,cal,0,1,0.5212509036064148,0.5212509036064148
1726166330,cal,0,1,0.5402494072914124,0.5402494072914124
596990990,cal,0,0,0.3975120484828949,0.6024879217147827
1125943343,cal,0,0,0.4499385356903076,0.5500614643096924
551900900,cal,0,1,0.5571632981300354,0.5571632981300354
2048218442,cal,0,1,0.5978118777275085,0.5978118777275085
515038707,cal,1,0,0.4334193468093872,0.5665806531906128
1688465458,cal,1,0,0.4081115126609802,0.5918884873390198
511785563,test,0,1,0.5356534123420715,0.5356534123420715
678839476,test,0,1,0.5266558527946472,0.5266558527946472
684882869,test,1,0,0.4165685772895813,0.5834314227104187
709207110,test,1,0,0.447613388299942,0.5523866415023804
428885873,cal,0,1,0.5263481140136719,0.5263481140136719
2070084360,cal,0,1,0.5993819236755371,0.5993819236755371
200735146,cal,0,0,0.4238019287586212,0.5761981010437012
1136517379,cal,0,0,0.4448317289352417,0.5551682710647583
1228921976,cal,0,0,0.4603727161884308,0.5396273136138916
637627495,test,0,0,0.497491717338562,0.502508282661438
668951775,test,0,1,0.5439106225967407,0.5439106225967407
2126759811,test,0,0,0.46782273054122925,0.5321772694587708
525939427,test,0,0,0.40372657775878906,0.5962734222412109
986903848,test,0,0,0.3963589072227478,0.6036410927772522
1441533762,test,0,0,0.40638160705566406,0.5936183929443359
664023491,cal,0,0,0.49032366275787354,0.5096763372421265
1405519442,cal,0,1,0.570910632610321,0.570910632610321
1413723380,cal,1,0,0.4408756494522095,0.5591243505477905
1460161428,cal,1,0,0.38827037811279297,0.611729621887207
2072521370,cal,1,0,0.3981982171535492,0.6018017530441284
1462616156,cal,1,1,0.5618736743927002,0.5618736743927002
1890682725,cal,1,1,0.6049154996871948,0.6049154996871948
15003387,cal,1,0,0.46457064151763916,0.5354293584823608
797388117,cal,1,0,0.43959659337997437,0.5604034066200256
1428810347,cal,0,1,0.5775144696235657,0.5775144696235657
1474431724,cal,0,1,0.5598206520080566,0.5598206520080566
1873460356,cal,0,1,0.5175168514251709,0.5175168514251709
564088,cal,0,0,0.45490655303001404,0.5450934171676636
382659566,cal,0,0,0.4154878258705139,0.5845121741294861
1698463312,cal,0,0,0.4080662429332733,0.5919337272644043
644730069,cal,0,1,0.5766258835792542,0.5766258835792542
1616086897,cal,0,1,0.5526449084281921,0.5526449084281921
1011226910,cal,0,0,0.447551965713501,0.552448034286499
1483407759,cal,0,0,0.40871554613113403,0.591284453868866
629002388,cal,0,1,0.5274785757064819,0.5274785757064819
1332563041,cal,0,1,0.5753207206726074,0.5753207206726074
202169268,cal,0,0,0.43100225925445557,0.5689977407455444
1510140905,cal,0,0,0.44820713996887207,0.5517928600311279
593203196,cal,0,1,0.5427415370941162,0.5427415370941162
1627243602,cal,0,1,0.5027667880058289,0.5027667880058289
233734201,cal,0,0,0.40619125962257385,0.5938087701797485
686864942,cal,0,0,0.43782153725624084,0.5621784925460815
346238845,cal,0,0,0.49637967348098755,0.5036203265190125
368334238,cal,0,1,0.5212531089782715,0.5212531089782715
383892388,cal,0,1,0.5042309165000916,0.5042309165000916
36366442,cal,0,0,0.4025629460811615,0.5974370241165161
447253671,cal,0,0,0.39914771914482117,0.6008522510528564
534590470,cal,0,0,0.3955744206905365,0.6044255495071411
927808332,test,0,1,0.5851882696151733,0.5851882696151733
970236420,test,0,1,0.5244048833847046,0.5244048833847046
569136456,test,0,0,0.40086954832077026,0.5991304516792297
1788241650,test,0,0,0.4539823532104492,0.5460176467895508
474283644,test,0,1,0.5629066228866577,0.5629066228866577
921913853,test,0,1,0.5379143357276917,0.5379143357276917
627126677,test,0,0,0.3981177508831024,0.6018822193145752
1012937547,test,0,0,0.4350684881210327,0.5649315118789673
1081476028,test,0,1,0.6170745491981506,0.6170745491981506
1802282886,test,0,1,0.5632845163345337,0.5632845163345337
683265822,test,0,0,0.4652499854564667,0.5347499847412109
1355768877,test,0,0,0.41853758692741394,0.5814623832702637
523988326,test,0,1,0.5528224110603333,0.5528224110603333
1711789857,test,0,1,0.5268998146057129,0.5268998146057129
638526599,test,0,0,0.40269365906715393,0.5973063707351685
2007645381,test,0,0,0.4405328035354614,0.5594671964645386
1886581171,cal,0,0,0.48315954208374023,0.5168404579162598
1971014808,cal,0,0,0.48843690752983093,0.5115630626678467
688680294,cal,0,0,0.48304301500320435,0.5169569849967957
839673644,cal,0,0,0.48307734727859497,0.516922652721405
51930407,cal,0,1,0.5492111444473267,0.5492111444473267
1243820509,cal,0,1,0.5382248759269714,0.5382248759269714
1350114698,cal,0,0,0.43847495317459106,0.5615250468254089
1413366571,cal,0,0,0.42831939458847046,0.5716806054115295
101260102,cal,0,0,0.4047366678714752,0.5952633619308472
296932283,cal,0,0,0.40701428055763245,0.5929857492446899
413702014,cal,0,1,0.546731173992157,0.546731173992157
710429203,cal,0,1,0.5387328863143921,0.5387328863143921
2108638071,cal,0,1,0.5336659550666809,0.5336659550666809
681603209,test,0,1,0.5426878929138184,0.5426878929138184
782702335,test,0,0,0.4762952923774719,0.5237047076225281
82662532,test,0,0,0.4381393790245056,0.5618606209754944
127894181,test,0,0,0.40516719222068787,0.5948327779769897
295812326,test,0,0,0.4510831832885742,0.5489168167114258
467373143,cal,0,1,0.5103147029876709,0.5103147029876709
670807206,cal,0,1,0.521003007888794,0.521003007888794
929646005,cal,0,1,0.5014039278030396,0.5014039278030396
1615499816,cal,0,1,0.5059213638305664,0.5059213638305664
732284526,cal,0,1,0.5848329663276672,0.5848329663276672
1466354580,cal,0,1,0.6092790365219116,0.6092790365219116
1311256924,cal,0,0,0.40833598375320435,0.5916640162467957
1964586703,cal,0,0,0.43889597058296204,0.5611040592193604
2086745040,cal,0,0,0.4311952590942383,0.5688047409057617
54882879,cal,0,1,0.5142174959182739,0.5142174959182739
664387171,cal,0,1,0.608367919921875,0.608367919921875
1337888806,cal,0,0,0.3957941234111786,0.604205846786499
1966406947,cal,0,0,0.45554956793785095,0.5444504022598267
876827476,cal,0,1,0.5504608750343323,0.5504608750343323
2080281566,cal,0,0,0.48178353905677795,0.5182164907455444
1824599176,cal,0,0,0.38916459679603577,0.6108354330062866
1987893435,cal,0,0,0.42016783356666565,0.5798321962356567
812893785,cal,1,1,0.5546128749847412,0.5546128749847412
1976175327,cal,1,1,0.5729595422744751,0.5729595422744751
1382564052,cal,0,0,0.43289652466773987,0.5671035051345825
1838166131,cal,0,0,0.44672778248786926,0.5532722473144531
589445088,cal,0,1,0.609695315361023,0.609695315361023
1298505117,cal,0,1,0.5441231727600098,0.5441231727600098
1752812076,cal,0,0,0.4033477306365967,0.5966522693634033
1869992084,cal,0,0,0.45589637756347656,0.5441036224365234
1451282376,test,0,0,0.4456840753555298,0.5543159246444702
1659270683,test,0,0,0.45813462138175964,0.541865348815918
1686860824,test,0,0,0.40425825119018555,0.5957417488098145
272764226,test,0,1,0.5475307703018188,0.5475307703018188
1696558242,test,0,1,0.5895905494689941,0.5895905494689941
935631156,cal,0,1,0.5481684803962708,0.5481684803962708
1387283114,cal,0,1,0.5541956424713135,0.5541956424713135
1391682589,cal,0,1,0.5512338280677795,0.5512338280677795
102417736,cal,0,0,0.4100172221660614,0.5899827480316162
1895920335,cal,0,0,0.44427138566970825,0.5557286143302917
887305336,cal,1,1,0.5917259454727173,0.5917259454727173
1975396759,cal,1,1,0.5466564893722534,0.5466564893722534
1082360,cal,0,0,0.45086032152175903,0.549139678478241
139411616,cal,0,0,0.40515363216400146,0.5948463678359985
830473458,cal,1,0,0.48538556694984436,0.514614462852478
1532044014,cal,1,0,0.4835685193538666,0.516431450843811
20397031,cal,1,0,0.3964617848396301,0.6035382151603699
1486931097,cal,1,0,0.4843935966491699,0.5156064033508301
1495263968,cal,1,0,0.4821194112300873,0.5178805589675903
234371094,cal,0,1,0.5765901803970337,0.5765901803970337
888828970,cal,0,1,0.5543968081474304,0.5543968081474304
84416805,cal,0,0,0.44376569986343384,0.5562343001365662
1214035333,cal,0,0,0.45683684945106506,0.5431631803512573
224294425,cal,1,1,0.5680980682373047,0.5680980682373047
925458668,cal,1,1,0.5411086082458496,0.5411086082458496
503118105,cal,0,0,0.4656907320022583,0.5343092679977417
1247025989,cal,0,0,0.44481247663497925,0.5551875233650208
1492087740,cal,0,0,0.4537225663661957,0.5462774038314819
98565378,test,0,1,0.5472777485847473,0.5472777485847473
652819565,test,0,0,0.46011465787887573,0.5398853421211243
103768515,test,0,0,0.402203232049942,0.5977967977523804
1196062955,test,0,0,0.39867210388183594,0.6013278961181641
584848366,cal,0,1,0.5443233847618103,0.5443233847618103
1157536301,cal,0,1,0.56930011510849,0.56930011510849
1502730498,cal,0,1,0.5209324955940247,0.5209324955940247
315365858,cal,1,0,0.4280105233192444,0.5719894766807556
442890770,cal,1,0,0.4174455404281616,0.5825544595718384
1034258085,cal,1,0,0.45281291007995605,0.547187089920044
1914355966,test,0,0,0.44935789704322815,0.5506421327590942
2044009863,test,0,0,0.4178478717803955,0.5821521282196045
351005099,test,0,0,0.48618900775909424,0.5138109922409058
1196314889,test,0,0,0.4789693057537079,0.5210306644439697
932646015,cal,1,0,0.408320814371109,0.5916792154312134
1723862344,cal,1,0,0.4037812650203705,0.5962187051773071
506553200,cal,0,1,0.5345237255096436,0.5345237255096436
564199461,cal,0,0,0.44023334980010986,0.5597666501998901
698729898,cal,0,0,0.4371449053287506,0.5628551244735718
210744731,cal,0,1,0.5606637001037598,0.5606637001037598
1404107856,cal,0,0,0.48356303572654724,0.5164369344711304
1491694351,cal,0,0,0.40173548460006714,0.5982645153999329
2065835093,cal,0,0,0.40410491824150085,0.5958950519561768
1077195430,cal,0,1,0.5695824027061462,0.5695824027061462
1133284324,cal,0,1,0.5431466102600098,0.5431466102600098
1208531942,cal,0,0,0.44355010986328125,0.5564498901367188
2005617012,cal,0,0,0.4287037253379822,0.5712962746620178
268253278,cal,0,1,0.5800507664680481,0.5800507664680481
383670078,cal,0,1,0.5708145499229431,0.5708145499229431
1325971087,cal,0,0,0.4475644826889038,0.5524355173110962
2053869220,cal,0,0,0.4252868592739105,0.5747131109237671
200906308,cal,0,0,0.39731690287590027,0.6026830673217773
604538909,cal,0,0,0.4190666377544403,0.5809333324432373
1502102864,cal,0,0,0.4042980372905731,0.5957019329071045
1413842125,cal,0,0,0.49927109479904175,0.5007289052009583
1954464048,cal,0,1,0.5438032746315002,0.5438032746315002
94437215,cal,1,0,0.3947077989578247,0.6052922010421753
1390088954,cal,1,0,0.4068080484867096,0.5931919813156128
1514942471,cal,1,0,0.3908071517944336,0.6091928482055664
279759020,cal,0,1,0.5456869602203369,0.5456869602203369
733789811,cal,0,1,0.5259138345718384,0.5259138345718384
1601927595,cal,0,1,0.5153378844261169,0.5153378844261169
315585225,cal,0,1,0.5710242390632629,0.5710242390632629
1230647392,cal,0,1,0.5554736852645874,0.5554736852645874
207169829,cal,0,0,0.45906004309654236,0.5409399271011353
1258301256,cal,0,0,0.42927563190460205,0.570724368095398
430985182,cal,0,1,0.517700731754303,0.517700731754303
776637962,cal,0,1,0.5120972394943237,0.5120972394943237
898321463,cal,0,0,0.417789489030838,0.5822105407714844
1508022501,cal,0,0,0.40521857142448425,0.5947813987731934
359814611,cal,0,1,0.539866030216217,0.539866030216217
1317074661,cal,0,1,0.5694769620895386,0.5694769620895386
826006144,cal,0,0,0.4630729556083679,0.5369270443916321
1129027877,cal,0,0,0.451638787984848,0.5483611822128296
1139788760,cal,0,0,0.41686004400253296,0.583139955997467
483481151,cal,0,1,0.5577678084373474,0.5577678084373474
1590090297,cal,0,1,0.519740879535675,0.519740879535675
366531556,cal,0,0,0.4073776304721832,0.5926223993301392
1581879609,cal,0,0,0.4070381224155426,0.5929619073867798
1053646734,test,0,1,0.5831177830696106,0.5831177830696106
1658892441,test,0,1,0.5497592091560364,0.5497592091560364
184084437,test,0,0,0.4169924855232239,0.5830075144767761
559538218,test,0,0,0.4283955991268158,0.5716043710708618
557098349,test,1,1,0.5583519339561462,0.5583519339561462
1837378700,test,1,1,0.5325133800506592,0.5325133800506592
125972280,test,0,0,0.4111013114452362,0.5888986587524414
653904258,test,0,0,0.4070570766925812,0.5929429531097412
45160772,cal,1,1,0.5867395997047424,0.5867395997047424
1473666648,cal,1,1,0.5408247709274292,0.5408247709274292
403971614,cal,0,0,0.4294702112674713,0.5705298185348511
1741551953,cal,0,0,0.44000688195228577,0.5599931478500366
1793568749,cal,0,0,0.3978654146194458,0.6021345853805542
487337704,cal,0,1,0.5380849242210388,0.5380849242210388
2007841100,cal,0,1,0.5740721225738525,0.5740721225738525
1765996225,cal,0,0,0.4152405858039856,0.5847594141960144
1988483951,cal,0,0,0.40385836362838745,0.5961416363716125
809503348,cal,0,1,0.5518160462379456,0.5518160462379456
1649284370,cal,0,0,0.49621549248695374,0.5037845373153687
251718779,cal,0,0,0.41000208258628845,0.5899978876113892
318817788,cal,0,0,0.4066900312900543,0.5933099985122681
606830550,cal,0,1,0.6075969338417053,0.6075969338417053
1528299087,cal,0,1,0.5716968774795532,0.5716968774795532
311445891,cal,0,0,0.4133516550064087,0.5866483449935913
518852881,cal,0,0,0.439393550157547,0.5606064796447754
1382651646,cal,0,1,0.5268474817276001,0.5268474817276001
1496487770,cal,0,1,0.5640148520469666,0.5640148520469666
1113532726,cal,0,0,0.4569414556026459,0.5430585145950317
1511086839,cal,0,0,0.40320417284965515,0.5967957973480225
1868555481,cal,0,0,0.4196096658706665,0.5803903341293335
1995619744,cal,1,1,0.5369813442230225,0.5369813442230225
2027977222,cal,1,1,0.502734363079071,0.502734363079071
328672279,cal,0,0,0.40096744894981384,0.5990325212478638
544551123,cal,0,0,0.41856974363327026,0.5814302563667297
837290701,cal,1,1,0.5287402868270874,0.5287402868270874
1556567539,cal,1,1,0.572528064250946,0.572528064250946
730724898,cal,0,0,0.39986157417297363,0.6001384258270264
1039328962,cal,0,0,0.4520775377750397,0.5479224920272827
430758397,cal,0,0,0.3967287838459015,0.6032712459564209
1823574094,cal,0,0,0.417420357465744,0.5825796127319336
363413530,cal,0,1,0.5190180540084839,0.5190180540084839
2035649290,cal,0,0,0.46067681908607483,0.5393232107162476
24336286,test,0,1,0.5767133831977844,0.5767133831977844
1140678176,test,0,1,0.5709300637245178,0.5709300637245178
271461875,test,0,0,0.4506879150867462,0.5493121147155762
1073137911,test,0,0,0.4310593605041504,0.5689406394958496
156767143,cal,0,1,0.5467714667320251,0.5467714667320251
191475167,cal,0,1,0.5848830342292786,0.5848830342292786
22269861,cal,0,0,0.4474363327026367,0.5525636672973633
1464715890,cal,0,0,0.40445566177368164,0.5955443382263184
750295971,cal,0,1,0.5373968482017517,0.5373968482017517
1039395882,cal,0,1,0.5109938383102417,0.5109938383102417
434991604,cal,0,0,0.4033527672290802,0.5966472625732422
1950237901,cal,0,0,0.4245368540287018,0.5754631757736206
863999353,cal,1,1,0.5415701866149902,0.5415701866149902
936994890,cal,1,1,0.5766794681549072,0.5766794681549072
1004238636,cal,0,0,0.40594446659088135,0.5940555334091187
1017803100,cal,0,0,0.45114895701408386,0.5488510131835938
1410546163,cal,0,0,0.43036794662475586,0.5696320533752441
1801530228,cal,0,1,0.529009222984314,0.529009222984314
2113675713,cal,0,1,0.5095281600952148,0.5095281600952148
307814419,cal,1,0,0.41579288244247437,0.5842071175575256
970238266,cal,1,0,0.399640291929245,0.6003596782684326
860024377,cal,0,1,0.5541639924049377,0.5541639924049377
1356026210,cal,0,1,0.6052457690238953,0.6052457690238953
158592331,cal,0,0,0.426290363073349,0.5737096071243286
1532888273,cal,0,0,0.41694116592407227,0.5830588340759277
848922597,cal,0,0,0.437441349029541,0.562558650970459
1050155021,cal,0,1,0.5381849408149719,0.5381849408149719
184929520,cal,0,0,0.4578664004802704,0.5421335697174072
1808928918,cal,0,0,0.41678938269615173,0.5832105875015259
370051058,test,1,1,0.5659803152084351,0.5659803152084351
1237427569,test,1,1,0.5295327305793762,0.5295327305793762
390873509,test,1,0,0.45308181643486023,0.5469181537628174
529737024,test,1,0,0.43694886565208435,0.5630511045455933
1598598325,test,1,0,0.40884163975715637,0.591158390045166
849772485,cal,0,1,0.5361013412475586,0.5361013412475586
1518885392,cal,0,1,0.543280839920044,0.543280839920044
117303841,cal,0,0,0.4015377461910248,0.5984622240066528
2120038978,cal,0,0,0.41135525703430176,0.5886447429656982
1464197046,cal,0,1,0.5806255340576172,0.5806255340576172
2051471478,cal,0,1,0.5512287616729736,0.5512287616729736
743201711,cal,1,0,0.4244770407676697,0.5755229592323303
1270635927,cal,1,0,0.4473586976528168,0.5526412725448608
1840928468,cal,1,0,0.4237501919269562,0.5762498378753662
1286208830,cal,0,1,0.5207827091217041,0.5207827091217041
1533367273,cal,0,1,0.5752021074295044,0.5752021074295044
1683607549,cal,0,1,0.5795899629592896,0.5795899629592896
643865876,cal,0,0,0.43966132402420044,0.5603386759757996
838167374,cal,0,0,0.4742368161678314,0.5257631540298462
1200806127,cal,0,0,0.4659794569015503,0.5340205430984497
738514406,cal,1,1,0.6105717420578003,0.6105717420578003
816012545,cal,1,1,0.5643489360809326,0.5643489360809326
917480620,cal,0,0,0.41591396927833557,0.5840860605239868
1035335654,cal,0,0,0.4428652226924896,0.557134747505188
140266683,cal,0,1,0.6218259930610657,0.6218259930610657
1348809197,cal,0,1,0.6018438339233398,0.6018438339233398
1851984766,cal,0,1,0.5894166827201843,0.5894166827201843
915559532,cal,0,0,0.4517872631549835,0.5482127666473389
1954275718,cal,0,0,0.41105538606643677,0.5889446139335632
678937403,cal,0,0,0.43422794342041016,0.5657720565795898
1194155052,cal,0,0,0.4027573764324188,0.5972425937652588
1854815281,cal,0,0,0.3991788625717163,0.6008211374282837
1970178968,cal,0,0,0.4141274094581604,0.5858725905418396
245290150,cal,0,1,0.5881340503692627,0.5881340503692627
490606769,cal,0,1,0.525699257850647,0.525699257850647
1490034513,cal,0,1,0.5627860426902771,0.5627860426902771
1490167016,cal,0,1,0.5006786584854126,0.5006786584854126
1617137345,cal,0,1,0.5092808604240417,0.5092808604240417
850595391,test,0,1,0.5431963801383972,0.5431963801383972
2080507442,test,0,1,0.6123673319816589,0.6123673319816589
138066585,test,0,0,0.4211113154888153,0.5788886547088623
1844167423,test,0,0,0.45267313718795776,0.5473268628120422
1290216893,cal,1,0,0.44396093487739563,0.5560390949249268
2086919423,cal,1,0,0.40131956338882446,0.5986804366111755
377279892,cal,0,1,0.584368884563446,0.584368884563446
857067635,cal,0,1,0.5488430857658386,0.5488430857658386
229698633,cal,0,1,0.500156044960022,0.500156044960022
876946571,cal,0,1,0.5548074841499329,0.5548074841499329
717620898,cal,0,0,0.42020121216773987,0.5797988176345825
819963600,cal,0,0,0.43782737851142883,0.5621726512908936
1169715524,cal,0,0,0.44857490062713623,0.5514250993728638
1545282521,cal,0,1,0.5847015976905823,0.5847015976905823
1616474902,cal,0,1,0.5729139447212219,0.5729139447212219
1200792574,cal,0,0,0.4213874638080597,0.5786125659942627
2129748205,cal,0,0,0.43977421522140503,0.560225784778595
717505161,cal,1,0,0.43309861421585083,0.5669013857841492
1956396879,cal,1,0,0.4537084698677063,0.5462915301322937
254889061,cal,0,1,0.5590168237686157,0.5590168237686157
645959365,cal,0,0,0.4566102623939514,0.5433897376060486
273696392,cal,0,1,0.5125624537467957,0.5125624537467957
798366863,cal,0,1,0.5192771553993225,0.5192771553993225
1508333221,cal,0,1,0.508583128452301,0.508583128452301
1154993516,cal,0,0,0.3914087414741516,0.6085912585258484
1989704448,cal,0,0,0.4280681312084198,0.5719318389892578
328338903,cal,0,1,0.5095579624176025,0.5095579624176025
859511441,cal,0,1,0.5071770548820496,0.5071770548820496
1041655461,cal,0,1,0.5097472667694092,0.5097472667694092
1080890643,cal,0,1,0.5094227194786072,0.5094227194786072
1088791540,cal,0,1,0.5132543444633484,0.5132543444633484
1091888703,cal,0,1,0.5204637050628662,0.5204637050628662
274748486,cal,1,1,0.5232855081558228,0.5232855081558228
1728422771,cal,1,1,0.5864572525024414,0.5864572525024414
21120322,cal,0,0,0.4041871428489685,0.5958128571510315
133615269,cal,0,0,0.4476689100265503,0.5523310899734497
1299211727,cal,0,1,0.5423018932342529,0.5423018932342529
1894465643,cal,0,1,0.5410184264183044,0.5410184264183044
2133480049,cal,0,1,0.6164891719818115,0.6164891719818115
920211926,cal,0,0,0.39781346917152405,0.6021865606307983
1545876484,cal,0,0,0.45543691515922546,0.5445630550384521
2027966237,cal,0,0,0.47482672333717346,0.5251733064651489
657077518,cal,0,1,0.6080894470214844,0.6080894470214844
2011609759,cal,0,1,0.6334735155105591,0.6334735155105591
595638404,cal,0,0,0.429199755191803,0.570800244808197
824782265,cal,0,0,0.43703609704971313,0.5629639029502869
725569533,test,0,0,0.48238247632980347,0.5176175236701965
1389421192,test,0,1,0.5491137504577637,0.5491137504577637
1100275169,test,0,0,0.4578689932823181,0.5421310067176819
1448250006,test,0,0,0.48364388942718506,0.5163561105728149
1387863635,cal,0,1,0.5133880376815796,0.5133880376815796
1619526343,cal,0,1,0.5844711065292358,0.5844711065292358
841118957,cal,0,0,0.39050841331481934,0.6094915866851807
1140805740,cal,0,0,0.3973100781440735,0.6026899218559265
13183779,test,0,1,0.5229396820068359,0.5229396820068359
1874804826,test,0,1,0.552304208278656,0.552304208278656
56555652,test,0,0,0.40769824385643005,0.5923017263412476
1011531383,test,0,0,0.44599834084510803,0.5540016889572144
383223834,cal,0,0,0.4578809440135956,0.542119026184082
1068920558,cal,0,1,0.5411855578422546,0.5411855578422546
962331841,cal,0,0,0.4019356667995453,0.5980643033981323
983604631,cal,0,0,0.403458833694458,0.596541166305542
1680933917,cal,0,1,0.5402877926826477,0.5402877926826477
1682483853,cal,0,1,0.5336272716522217,0.5336272716522217
1494050461,cal,1,0,0.40008416771888733,0.5999158620834351
1755428629,cal,1,0,0.3902343213558197,0.6097656488418579
897448917,cal,0,1,0.5901992917060852,0.5901992917060852
2032671392,cal,0,1,0.5253661870956421,0.5253661870956421
1696640149,cal,0,0,0.4231930077075958,0.5768070220947266
1699759773,cal,0,0,0.4569968581199646,0.5430031418800354
1006786404,cal,0,1,0.5176825523376465,0.5176825523376465
2100509213,cal,0,1,0.5361929535865784,0.5361929535865784
139391428,cal,0,0,0.4012264311313629,0.5987735986709595
731437494,cal,0,0,0.4264376759529114,0.5735623240470886
339904189,test,1,1,0.5418156981468201,0.5418156981468201
1011734583,test,1,1,0.5557777881622314,0.5557777881622314
1591817651,test,1,0,0.4913581609725952,0.5086418390274048
1167322490,test,0,0,0.4060879051685333,0.5939121246337891
1755194208,test,0,0,0.4145630896091461,0.5854369401931763
2091064981,test,0,0,0.40233200788497925,0.5976679921150208
1287543130,cal,1,0,0.4929312765598297,0.5070687532424927
1633199861,cal,1,0,0.46553835272789,0.5344616174697876
1648782630,cal,1,0,0.47580334544181824,0.5241966247558594
416904464,cal,1,0,0.4977637231349945,0.5022362470626831
941210795,cal,1,0,0.48818331956863403,0.511816680431366
1517287991,cal,1,0,0.48763561248779297,0.512364387512207
174646129,test,0,1,0.6138725876808167,0.6138725876808167
247794660,test,0,1,0.5469986200332642,0.5469986200332642
203666192,test,0,0,0.4002143442630768,0.5997856855392456
2048791157,test,0,0,0.44463270902633667,0.5553672909736633
1707880059,cal,0,1,0.508392333984375,0.508392333984375
1830505870,cal,0,1,0.5134158134460449,0.5134158134460449
1503299805,cal,0,0,0.40608444809913635,0.593915581703186
1914359568,cal,0,0,0.40824711322784424,0.5917528867721558
635294704,cal,0,0,0.41297265887260437,0.5870273113250732
1510826996,cal,0,0,0.4544743597507477,0.5455256700515747
140434864,cal,0,1,0.5171265006065369,0.5171265006065369
1236168241,cal,0,1,0.5825403332710266,0.5825403332710266
98459201,cal,0,0,0.45171505212783813,0.5482849478721619
1602522331,cal,0,0,0.4604979157447815,0.5395020842552185
1792546935,cal,0,0,0.41271787881851196,0.587282121181488
2117889629,cal,0,0,0.45754340291023254,0.5424566268920898
1252758134,cal,0,1,0.5620626211166382,0.5620626211166382
1576603689,cal,0,1,0.5462483167648315,0.5462483167648315
1661078671,cal,0,1,0.5378288626670837,0.5378288626670837
118942314,cal,0,0,0.4083858132362366,0.5916141867637634
302836014,cal,0,0,0.41564834117889404,0.584351658821106
723919000,cal,0,0,0.4082847833633423,0.5917152166366577
312180168,cal,0,0,0.4454904794692993,0.5545095205307007
1422495880,cal,0,1,0.5379704833030701,0.5379704833030701
2109729183,cal,0,0,0.4806475043296814,0.5193524956703186
281268966,cal,0,1,0.6009877920150757,0.6009877920150757
793322869,cal,0,1,0.5479287505149841,0.5479287505149841
1442684690,cal,0,1,0.5584797263145447,0.5584797263145447
1700935813,cal,0,1,0.5160523653030396,0.5160523653030396
1304395339,cal,0,0,0.40418779850006104,0.595812201499939
1819952969,cal,0,0,0.45094582438468933,0.5490541458129883
1622279114,cal,0,1,0.5414464473724365,0.5414464473724365
1863177990,cal,0,1,0.5319131016731262,0.5319131016731262
459857597,cal,0,0,0.4161153733730316,0.583884596824646
944676573,cal,0,0,0.4277881979942322,0.5722118020057678
1444766660,cal,0,0,0.3989117443561554,0.601088285446167
1482636895,cal,0,0,0.41836535930633545,0.5816346406936646
2143479844,cal,0,0,0.4061084985733032,0.5938915014266968
1874197897,cal,0,1,0.5400457382202148,0.5400457382202148
1874681701,cal,0,1,0.5483346581459045,0.5483346581459045
467829091,cal,0,1,0.5602642297744751,0.5602642297744751
1822515374,cal,0,1,0.5194850564002991,0.5194850564002991
187190129,cal,0,0,0.4321073889732361,0.5678926110267639
694023056,cal,0,0,0.42871662974357605,0.5712833404541016
818879708,cal,0,0,0.4003300070762634,0.5996699929237366
6709609,cal,0,1,0.5261582136154175,0.5261582136154175
215840770,cal,0,0,0.4589356780052185,0.5410643219947815
177491473,cal,0,0,0.4151436984539032,0.5848562717437744
1312546157,cal,0,0,0.3963544964790344,0.6036455035209656
1930930331,cal,0,0,0.3993481397628784,0.6006518602371216
999284745,cal,0,1,0.5361629724502563,0.5361629724502563
1319263420,cal,0,0,0.44179970026016235,0.5582002997398376
54028336,cal,0,0,0.4191477298736572,0.5808522701263428
279750883,cal,0,0,0.39120468497276306,0.6087952852249146
263567908,cal,0,0,0.4042976498603821,0.5957023501396179
656097165,cal,0,0,0.4083922803401947,0.5916076898574829
1792080138,cal,0,0,0.40653660893440247,0.5934634208679199
274989520,cal,0,1,0.5335615873336792,0.5335615873336792
296726959,cal,0,1,0.5084260702133179,0.5084260702133179
957254768,test,0,1,0.5353636145591736,0.5353636145591736
1494777159,test,0,1,0.5227997303009033,0.5227997303009033
543912899,test,0,0,0.4316890835762024,0.5683109164237976
642853606,test,0,0,0.40160277485847473,0.5983972549438477
1887383735,cal,0,1,0.5433884263038635,0.5433884263038635
1909727236,cal,0,1,0.5548992156982422,0.5548992156982422
868318743,cal,0,0,0.4636552333831787,0.5363447666168213
1966804014,cal,0,0,0.4060410261154175,0.5939589738845825
816790261,cal,1,1,0.5803553462028503,0.5803553462028503
2021970946,cal,1,1,0.5446007251739502,0.5446007251739502
814173715,cal,0,0,0.4337741434574127,0.5662258863449097
1301837867,cal,0,0,0.4128430485725403,0.5871569514274597
1597577281,cal,1,1,0.5539036989212036,0.5539036989212036
1600562515,cal,1,1,0.5328680276870728,0.5328680276870728
133072186,cal,0,0,0.43466678261756897,0.5653332471847534
997928982,cal,0,0,0.43431976437568665,0.5656802654266357
1233344454,cal,0,0,0.403185099363327,0.5968148708343506
1413705422,cal,0,1,0.5474650859832764,0.5474650859832764
1463839525,cal,0,1,0.6090885996818542,0.6090885996818542
692385814,cal,0,0,0.45872125029563904,0.5412787199020386
715690326,cal,0,0,0.40587735176086426,0.5941226482391357
753498996,test,0,1,0.551166832447052,0.551166832447052
1707255323,test,0,1,0.6110736727714539,0.6110736727714539
320372444,test,1,0,0.40273624658584595,0.597263753414154
522345067,test,1,0,0.4323658347129822,0.5676341652870178
131055749,test,0,1,0.5698824524879456,0.5698824524879456
2027772109,test,0,1,0.5304757952690125,0.5304757952690125
1385620484,test,0,0,0.48233017325401306,0.5176697969436646
1482439336,test,0,0,0.4829976260662079,0.5170023441314697
1189991461,cal,0,0,0.3954857587814331,0.6045142412185669
1616755366,cal,0,0,0.39506179094314575,0.6049382090568542
401181500,cal,1,0,0.4628233313560486,0.5371766686439514
914071190,cal,1,0,0.4929966330528259,0.5070033669471741
12221717,cal,0,1,0.5606674551963806,0.5606674551963806
825552132,cal,0,1,0.5829450488090515,0.5829450488090515
979855822,cal,0,0,0.4394674003124237,0.5605325698852539
2059308422,cal,0,0,0.40247809886932373,0.5975219011306763
646013583,cal,0,1,0.562865674495697,0.562865674495697
1415827741,cal,0,1,0.5865038633346558,0.5865038633346558
192769810,cal,1,0,0.45167678594589233,0.5483232140541077
518987553,cal,1,0,0.43466201424598694,0.5653380155563354
1483003704,cal,1,0,0.4503754675388336,0.5496245622634888
858482381,test,0,1,0.5260946154594421,0.5260946154594421
1737351968,test,0,1,0.5528377294540405,0.5528377294540405
135077925,test,0,0,0.40010011196136475,0.5998998880386353
1600794085,test,0,0,0.4242554008960724,0.57574462890625
981586359,cal,0,0,0.490660160779953,0.5093398094177246
1523068775,cal,0,1,0.5477350950241089,0.5477350950241089
385666314,cal,0,0,0.40644291043281555,0.5935571193695068
439230123,cal,0,0,0.4074757397174835,0.5925242900848389
1200770946,cal,1,0,0.44303902983665466,0.556960940361023
2077153957,cal,1,0,0.387821763753891,0.6121782064437866
1616039919,cal,0,1,0.5868131518363953,0.5868131518363953
1815868287,cal,0,1,0.554655909538269,0.554655909538269
1955295882,cal,0,1,0.5072923898696899,0.5072923898696899
463860880,test,0,1,0.5650266408920288,0.5650266408920288
477759202,test,0,1,0.5543328523635864,0.5543328523635864
1471357851,test,0,1,0.6093170642852783,0.6093170642852783
2081039338,test,1,0,0.45980554819107056,0.5401944518089294
2107336038,test,1,0,0.4611356854438782,0.5388643145561218
477986998,cal,0,1,0.5308438539505005,0.5308438539505005
1005861267,cal,0,1,0.5390670299530029,0.5390670299530029
153648592,cal,0,0,0.40111154317855835,0.5988884568214417
1451154763,cal,0,0,0.40732622146606445,0.5926737785339355
286221990,cal,0,0,0.4225199520587921,0.5774800777435303
992775426,cal,0,0,0.4302440583705902,0.5697559118270874
1012549179,cal,0,0,0.4018077552318573,0.5981922149658203
714819057,cal,0,1,0.5546679496765137,0.5546679496765137
1369897712,cal,0,1,0.537839412689209,0.537839412689209
328254457,cal,0,1,0.556243360042572,0.556243360042572
521849962,cal,0,1,0.5673463344573975,0.5673463344573975
884351550,cal,0,1,0.5427590608596802,0.5427590608596802
2090052396,cal,0,1,0.5709274411201477,0.5709274411201477
169932945,cal,0,0,0.4056674540042877,0.5943325757980347
294208764,cal,0,0,0.4073737561702728,0.5926262140274048
311434476,cal,0,0,0.40621399879455566,0.5937860012054443
463564233,cal,0,0,0.41564735770225525,0.5843526124954224
688370663,cal,0,0,0.40827471017837524,0.5917252898216248
51500605,cal,0,1,0.5308688879013062,0.5308688879013062
2072160683,cal,0,1,0.5390442609786987,0.5390442609786987
589667400,cal,0,0,0.4343532919883728,0.5656467080116272
950869288,cal,0,0,0.4030005633831024,0.5969994068145752
1663270834,cal,1,1,0.5676006078720093,0.5676006078720093
2137639875,cal,1,1,0.5190154314041138,0.5190154314041138
33148537,cal,0,0,0.3953148424625397,0.6046851873397827
1145291939,cal,0,0,0.43387097120285034,0.5661290287971497
571250619,test,0,1,0.5063472390174866,0.5063472390174866
1411488572,test,0,1,0.5245042443275452,0.5245042443275452
740578465,test,0,1,0.523733377456665,0.523733377456665
1989689396,test,0,0,0.49265220761299133,0.507347822189331
330675896,cal,1,1,0.5193788409233093,0.5193788409233093
1325437041,cal,1,1,0.6071605682373047,0.6071605682373047
1652761678,cal,1,1,0.5764325857162476,0.5764325857162476
1007159393,cal,0,0,0.4555610418319702,0.5444389581680298
1466668858,cal,0,0,0.39395424723625183,0.6060457229614258
825126739,cal,0,1,0.5927522778511047,0.5927522778511047
1784145560,cal,0,1,0.5325853228569031,0.5325853228569031
93819765,cal,0,0,0.45118847489356995,0.5488115549087524
272702480,cal,0,0,0.44350576400756836,0.5564942359924316
571205233,cal,0,1,0.5738463997840881,0.5738463997840881
1694459450,cal,0,1,0.6113499999046326,0.6113499999046326
1426845236,cal,0,0,0.4458676874637604,0.554132342338562
1483784224,cal,0,0,0.4278291165828705,0.5721708536148071
402696872,cal,0,1,0.5660108923912048,0.5660108923912048
2094793179,cal,0,1,0.5337061285972595,0.5337061285972595
112488000,cal,1,0,0.42320728302001953,0.5767927169799805
1162560861,cal,1,0,0.4026128649711609,0.5973871350288391
1254926270,cal,0,1,0.5122164487838745,0.5122164487838745
1932167707,cal,0,1,0.5337435603141785,0.5337435603141785
497239704,cal,0,0,0.4099896550178528,0.5900103449821472
1042036316,cal,0,0,0.39964964985847473,0.6003503799438477
126260437,cal,0,0,0.4444349408149719,0.5555650591850281
423103974,cal,0,0,0.4188354015350342,0.5811645984649658
739525513,cal,0,0,0.4207112193107605,0.5792887806892395
1471402125,cal,0,0,0.453761488199234,0.5462385416030884
2106297317,cal,0,0,0.40519171953201294,0.5948082804679871
696887277,cal,0,1,0.5415738224983215,0.5415738224983215
857727822,cal,0,1,0.522842526435852,0.522842526435852
898336604,cal,0,1,0.5716295838356018,0.5716295838356018
1332778101,cal,0,1,0.5499345660209656,0.5499345660209656
1775630980,cal,0,1,0.6041657328605652,0.6041657328605652
243490333,cal,1,1,0.5633333921432495,0.5633333921432495
906994744,cal,1,1,0.6185694336891174,0.6185694336891174
1712938604,cal,1,1,0.5510784983634949,0.5510784983634949
1734567963,cal,1,1,0.6071159839630127,0.6071159839630127
446010980,cal,0,0,0.4924579858779907,0.5075420141220093
819312325,cal,0,0,0.4791894555091858,0.5208105444908142
2022571586,cal,0,0,0.4469016194343567,0.5530983805656433
2040014227,cal,0,0,0.42810797691345215,0.5718920230865479
1616351677,cal,0,1,0.5215423107147217,0.5215423107147217
1857652961,cal,0,0,0.46103665232658386,0.5389633178710938
1492430786,cal,0,0,0.4022650420665741,0.5977349281311035
1771983968,cal,0,0,0.4042963683605194,0.5957036018371582
1571637521,cal,0,1,0.5915540456771851,0.5915540456771851
2058175793,cal,0,1,0.5701858997344971,0.5701858997344971
509544688,cal,0,0,0.45148229598999023,0.5485177040100098
1911284962,cal,0,0,0.42573311924934387,0.5742669105529785
1539627450,cal,0,1,0.5513808727264404,0.5513808727264404
1897680899,cal,0,1,0.5030013918876648,0.5030013918876648
826159474,cal,0,0,0.40377554297447205,0.5962244272232056
1048172119,cal,0,0,0.40561628341674805,0.594383716583252
181373695,test,0,1,0.5416157841682434,0.5416157841682434
905126843,test,0,0,0.45663973689079285,0.5433602333068848
1840245325,test,0,1,0.50731360912323,0.50731360912323
502540952,test,0,0,0.4000125825405121,0.5999873876571655
1104033759,test,0,0,0.4056755006313324,0.5943244695663452
391231829,test,0,0,0.40828973054885864,0.5917102694511414
809534962,test,0,0,0.4143437445163727,0.5856562852859497
1307175424,test,0,0,0.4177623987197876,0.5822376012802124
404896658,test,0,0,0.46251946687698364,0.5374805331230164
666027886,test,0,0,0.47458142042160034,0.5254185795783997
2045574612,test,0,1,0.5209017992019653,0.5209017992019653
415774191,cal,0,1,0.5490000247955322,0.5490000247955322
919560152,cal,0,1,0.6171875,0.6171875
515228787,cal,1,0,0.40547648072242737,0.594523549079895
848155487,cal,1,0,0.4015842378139496,0.598415732383728
1184643337,cal,1,0,0.4279813766479492,0.5720186233520508
640610737,cal,1,1,0.5277569890022278,0.5277569890022278
930355987,cal,1,1,0.6050040125846863,0.6050040125846863
1276638552,cal,1,1,0.5322489738464355,0.5322489738464355
1096583597,cal,0,0,0.41541269421577454,0.5845873355865479
1143350452,cal,0,0,0.4530767798423767,0.5469232201576233
1607402289,cal,0,0,0.4056073725223541,0.5943926572799683
1395850110,test,1,1,0.5256142616271973,0.5256142616271973
2019824463,test,1,1,0.5698544979095459,0.5698544979095459
99407783,test,0,0,0.40204477310180664,0.5979552268981934
151461395,test,0,0,0.434594988822937,0.565405011177063
1158721094,test,0,0,0.41338884830474854,0.5866111516952515
1021446197,test,0,1,0.5637848377227783,0.5637848377227783
1776469735,test,0,1,0.5443275570869446,0.5443275570869446
520507163,test,0,0,0.40822669863700867,0.591773271560669
1473485738,test,0,0,0.4121340215206146,0.587865948677063
1047605155,test,0,1,0.5153579711914062,0.5153579711914062
1198642748,test,0,0,0.491751104593277,0.5082489252090454
95276683,test,0,0,0.4148274064064026,0.5851725935935974
1762288468,test,0,0,0.3977036476135254,0.6022963523864746
1590580552,cal,0,0,0.48303911089897156,0.516960859298706
1899370679,cal,0,0,0.48319971561431885,0.5168002843856812
1021354032,cal,0,0,0.48307734727859497,0.516922652721405
1345031032,cal,0,0,0.48303455114364624,0.5169654488563538
54818884,cal,0,1,0.5594077706336975,0.5594077706336975
890985677,cal,0,0,0.49957823753356934,0.5004217624664307
521266546,cal,0,0,0.45044681429862976,0.5495531558990479
963144114,cal,0,0,0.3962514102458954,0.6037485599517822
1342703209,cal,0,1,0.5097264051437378,0.5097264051437378
1485611061,cal,0,1,0.5101707577705383,0.5101707577705383
1923046542,cal,0,1,0.5113187432289124,0.5113187432289124
735831813,cal,1,1,0.5018105506896973,0.5018105506896973
1391521805,cal,1,1,0.5076157450675964,0.5076157450675964
550098261,cal,0,1,0.5547863245010376,0.5547863245010376
1033892651,cal,0,1,0.5423741340637207,0.5423741340637207
950815500,cal,0,0,0.42448461055755615,0.5755153894424438
1612881245,cal,0,0,0.4145281910896301,0.5854718089103699
1162930913,cal,0,1,0.584505021572113,0.584505021572113
1378505216,cal,0,1,0.5910674929618835,0.5910674929618835
1865811911,cal,0,1,0.5861844420433044,0.5861844420433044
431198962,cal,1,0,0.4191187918186188,0.5808812379837036
1430031859,cal,1,0,0.42983564734458923,0.5701643228530884
1538707905,cal,1,0,0.4361914098262787,0.5638085603713989
1608325877,cal,1,0,0.4351730942726135,0.5648269057273865
1706912083,test,0,0,0.48298177123069763,0.51701819896698
1803131697,test,0,1,0.581135630607605,0.581135630607605
490591848,test,0,0,0.45234185457229614,0.5476581454277039
1503523318,test,0,0,0.39403408765792847,0.6059659123420715
8358539,test,0,0,0.455496221780777,0.5445038080215454
1184971174,test,0,0,0.4024432599544525,0.5975567102432251
1085868869,test,0,1,0.608513593673706,0.608513593673706
1982976438,test,0,1,0.5528745651245117,0.5528745651245117
406293731,test,0,1,0.5466639995574951,0.5466639995574951
1188147933,test,0,1,0.5385332107543945,0.5385332107543945
304336017,test,0,0,0.41166773438453674,0.5883322954177856
661761060,test,0,0,0.4033204913139343,0.5966795086860657
1748785457,test,0,1,0.5502779483795166,0.5502779483795166
1870519099,test,0,1,0.5730348825454712,0.5730348825454712
699498542,test,0,0,0.4544020891189575,0.5455979108810425
835522738,test,0,0,0.4191628098487854,0.5808371901512146
577209411,test,0,1,0.5512712001800537,0.5512712001800537
1496979265,test,0,1,0.5604279041290283,0.5604279041290283
1881656018,test,0,1,0.5813379883766174,0.5813379883766174
1296837059,test,1,0,0.4284704327583313,0.5715295672416687
1702024763,test,1,0,0.44676175713539124,0.5532382726669312
67830238,cal,1,1,0.5214734077453613,0.5214734077453613
2074428867,cal,1,1,0.5856619477272034,0.5856619477272034
109604718,cal,0,0,0.4044049382209778,0.5955950617790222
927920557,cal,0,0,0.39781689643859863,0.6021831035614014
1233854740,cal,0,0,0.4764854311943054,0.5235145688056946
1247085045,cal,0,1,0.5127284526824951,0.5127284526824951
1400440783,cal,0,0,0.40382808446884155,0.5961719155311584
1482435281,cal,0,0,0.3915283679962158,0.6084716320037842
635272704,cal,0,1,0.5509299635887146,0.5509299635887146
2042846732,cal,0,1,0.5666456818580627,0.5666456818580627
304768011,cal,0,0,0.41418421268463135,0.5858157873153687
1381718233,cal,0,0,0.4511111080646515,0.5488889217376709
575405982,cal,0,1,0.5131797194480896,0.5131797194480896
841053370,cal,0,1,0.5002598762512207,0.5002598762512207
696555573,cal,0,0,0.40832287073135376,0.5916771292686462
807625448,cal,0,0,0.4039022922515869,0.5960977077484131
384844277,cal,0,1,0.5398224592208862,0.5398224592208862
635983339,cal,0,1,0.5994153618812561,0.5994153618812561
330698726,cal,0,0,0.4004405736923218,0.5995594263076782
586569151,cal,0,0,0.4449082016944885,0.5550917983055115
1084861514,test,0,1,0.5777572393417358,0.5777572393417358
2064032548,test,0,1,0.558758556842804,0.558758556842804
663819209,test,0,0,0.4514629542827606,0.548537015914917
892381561,test,0,0,0.45777276158332825,0.5422272682189941
1343008013,test,0,0,0.4441387355327606,0.555861234664917
1554352495,cal,1,1,0.5834051966667175,0.5834051966667175
1690447877,cal,1,1,0.5215837955474854,0.5215837955474854
100403705,cal,0,0,0.43607547879219055,0.5639245510101318
1672559999,cal,0,0,0.3975573480129242,0.6024426221847534
500020227,test,0,0,0.4604094624519348,0.5395905375480652
1045847815,test,0,0,0.46590757369995117,0.5340924263000488
1008605999,test,1,1,0.5792567729949951,0.5792567729949951
1887971811,test,1,1,0.5525550246238708,0.5525550246238708
721584535,cal,0,1,0.5260100960731506,0.5260100960731506
1923613809,cal,0,1,0.517139196395874,0.517139196395874
1956715228,cal,0,1,0.5469003319740295,0.5469003319740295
382652402,cal,0,0,0.40198028087615967,0.5980197191238403
605914818,cal,0,0,0.40489983558654785,0.5951001644134521
970309586,cal,0,1,0.5531027317047119,0.5531027317047119
1361205649,cal,0,1,0.556030809879303,0.556030809879303
329395687,cal,0,0,0.44193702936172485,0.5580629706382751
1286641717,cal,0,0,0.40442323684692383,0.5955767631530762
304217508,cal,0,1,0.5494581460952759,0.5494581460952759
763095626,cal,0,1,0.5207685232162476,0.5207685232162476
572289212,cal,0,0,0.41631433367729187,0.5836856365203857
1623823948,cal,0,0,0.44528821110725403,0.5547118186950684
691233033,cal,0,1,0.563782811164856,0.563782811164856
1714304155,cal,0,1,0.5436574220657349,0.5436574220657349
2054034509,cal,0,1,0.563187301158905,0.563187301158905
873574444,cal,1,0,0.43965214490890503,0.560347855091095
1328757544,cal,1,0,0.3999733626842499,0.6000266075134277
1954126482,cal,1,0,0.45745596289634705,0.5425440073013306
88213878,cal,0,1,0.5483579039573669,0.5483579039573669
365189793,cal,0,1,0.5183520317077637,0.5183520317077637
1718189157,cal,0,0,0.40944913029670715,0.5905508995056152
1973054748,cal,0,0,0.42078569531440735,0.579214334487915
802601095,cal,0,1,0.5213062763214111,0.5213062763214111
821830774,cal,0,1,0.5214685201644897,0.5214685201644897
623873601,cal,0,0,0.44628897309303284,0.5537110567092896
1883215241,cal,0,0,0.39352142810821533,0.6064785718917847
897933939,test,0,1,0.5439859628677368,0.5439859628677368
1220795778,test,0,0,0.4887445271015167,0.5112555027008057
1364875905,test,0,0,0.4055347442626953,0.5944652557373047
1908356738,test,0,0,0.40924271941185,0.5907572507858276
321375312,test,0,1,0.5816386342048645,0.5816386342048645
1709881506,test,0,1,0.5177686810493469,0.5177686810493469
1996915163,test,0,0,0.4034123420715332,0.5965876579284668
2090900062,test,0,0,0.42148399353027344,0.5785160064697266
1676828541,cal,0,0,0.4145480990409851,0.5854519009590149
1783086839,cal,0,0,0.41131120920181274,0.5886887907981873
476235235,cal,0,1,0.52712082862854,0.52712082862854
987633153,cal,0,1,0.5076074600219727,0.5076074600219727
1317711933,test,1,1,0.5784164071083069,0.5784164071083069
1658536121,test,1,1,0.5695710182189941,0.5695710182189941
45928682,test,0,0,0.4413461983203888,0.5586538314819336
645769735,test,0,0,0.4029494524002075,0.5970505475997925
1237186296,cal,0,0,0.4069005846977234,0.5930994153022766
1484642858,cal,0,0,0.4081455171108246,0.591854453086853
1735008153,cal,0,0,0.40786972641944885,0.5921303033828735
1793212738,cal,0,0,0.4419988691806793,0.5580011606216431
921801722,cal,1,1,0.5704242587089539,0.5704242587089539
1363451092,cal,1,1,0.5622554421424866,0.5622554421424866
1644081226,cal,1,1,0.516928493976593,0.516928493976593
1665869728,cal,1,1,0.5296728014945984,0.5296728014945984
1192614096,cal,0,1,0.5463952422142029,0.5463952422142029
1655462978,cal,0,1,0.549103856086731,0.549103856086731
627454470,cal,0,0,0.40676355361938477,0.5932364463806152
770743493,cal,0,0,0.4059087932109833,0.5940911769866943
1058067703,cal,0,1,0.528420090675354,0.528420090675354
1433097421,cal,0,1,0.5469593405723572,0.5469593405723572
561511698,cal,0,0,0.40827223658561707,0.5917277336120605
847143937,cal,0,0,0.40857046842575073,0.5914295315742493
1297883922,test,0,1,0.5732142329216003,0.5732142329216003
2124221893,test,0,1,0.5439018607139587,0.5439018607139587
651003024,test,0,0,0.4505545198917389,0.5494455099105835
1887038878,test,0,0,0.4074959456920624,0.5925040245056152
729070905,cal,0,1,0.5392335653305054,0.5392335653305054
1690569835,cal,0,1,0.536335825920105,0.536335825920105
284981775,cal,0,0,0.40487372875213623,0.5951262712478638
1996898788,cal,0,0,0.42098963260650635,0.5790103673934937
239291166,cal,0,1,0.5552178025245667,0.5552178025245667
1940379172,cal,0,1,0.5993555784225464,0.5993555784225464
22546676,cal,0,0,0.4333765506744385,0.5666234493255615
1616905718,cal,0,0,0.40799951553344727,0.5920004844665527
1615837879,cal,0,0,0.48307734727859497,0.516922652721405
1946247399,cal,0,1,0.544391930103302,0.544391930103302
192129090,cal,0,0,0.444282591342926,0.555717408657074
2001844044,cal,0,0,0.44583404064178467,0.5541659593582153
867369950,cal,0,1,0.5487371683120728,0.5487371683120728
1037845384,cal,0,1,0.5930526256561279,0.5930526256561279
653533630,cal,0,0,0.4180402457714081,0.5819597244262695
1659735905,cal,0,0,0.4540645480155945,0.5459354519844055
1229039638,cal,0,1,0.5323387384414673,0.5323387384414673
1346629986,cal,0,1,0.5685002207756042,0.5685002207756042
187834508,cal,0,0,0.414318710565567,0.5856813192367554
216250015,cal,0,0,0.46055176854133606,0.5394482612609863
42759588,cal,0,1,0.6044182777404785,0.6044182777404785
263863339,cal,0,1,0.5450297594070435,0.5450297594070435
196743752,cal,0,0,0.4384210407733917,0.5615789890289307
2127352229,cal,0,0,0.4108845293521881,0.5891155004501343
624165549,cal,0,0,0.4133346974849701,0.5866652727127075
704645103,cal,0,0,0.415324330329895,0.584675669670105
412562771,cal,0,1,0.5218625664710999,0.5218625664710999
1436150449,cal,0,1,0.5731649398803711,0.5731649398803711
770860917,cal,0,1,0.513950765132904,0.513950765132904
2066597361,cal,0,1,0.5581734776496887,0.5581734776496887
347270920,cal,0,0,0.4094929099082947,0.5905070900917053
996252662,cal,0,0,0.4013994634151459,0.5986005067825317
182179124,cal,0,1,0.5076759457588196,0.5076759457588196
1242164512,cal,0,1,0.5628543496131897,0.5628543496131897
1519678713,cal,0,0,0.3955710530281067,0.6044289469718933
1705938156,cal,0,0,0.44882237911224365,0.5511776208877563
1235421825,cal,0,0,0.4993644654750824,0.5006355047225952
1810943419,cal,0,1,0.5576701164245605,0.5576701164245605
1834987980,cal,0,1,0.5383651256561279,0.5383651256561279
318426185,cal,0,0,0.400271475315094,0.599728524684906
704474712,cal,0,0,0.4073972702026367,0.5926027297973633
1915667872,cal,0,0,0.41587337851524353,0.5841265916824341
685832133,cal,0,1,0.5058261752128601,0.5058261752128601
1151670290,cal,0,1,0.5535166263580322,0.5535166263580322
350438899,cal,0,0,0.39140239357948303,0.6085976362228394
792245654,cal,0,0,0.4526051878929138,0.5473948121070862
394512735,cal,0,1,0.5361519455909729,0.5361519455909729
1238555875,cal,0,1,0.5003440976142883,0.5003440976142883
173149766,cal,0,0,0.40183231234550476,0.5981676578521729
1281233947,cal,0,0,0.3944883644580841,0.6055116653442383
569279821,cal,1,0,0.409947007894516,0.5900529623031616
804738430,cal,1,0,0.4559313654899597,0.5440686345100403
2014828234,cal,1,0,0.40067487955093384,0.5993251204490662
1592936839,cal,0,0,0.47822630405426025,0.5217736959457397
1668239286,cal,0,1,0.5143408179283142,0.5143408179283142
1685906804,cal,0,0,0.49608752131462097,0.5039124488830566
1445662471,test,1,1,0.5177404880523682,0.5177404880523682
1449415961,test,1,1,0.518175482749939,0.518175482749939
586303918,test,0,1,0.5138702988624573,0.5138702988624573
613545946,test,0,1,0.5110167860984802,0.5110167860984802
1106973165,test,0,1,0.5049604177474976,0.5049604177474976
1564072143,cal,0,1,0.5024978518486023,0.5024978518486023
1956307435,cal,0,1,0.5358152389526367,0.5358152389526367
863543333,cal,0,0,0.44545087218284607,0.5545490980148315
877068610,cal,0,0,0.46989938616752625,0.5301005840301514
621932397,cal,1,1,0.5003303289413452,0.5003303289413452
778886489,cal,1,1,0.5371958017349243,0.5371958017349243
386780840,cal,0,0,0.39286676049232483,0.6071332693099976
1031782749,cal,0,0,0.4102931320667267,0.5897068977355957
234004118,cal,0,0,0.4225662648677826,0.577433705329895
404863914,cal,0,0,0.40187588334083557,0.5981241464614868
462292468,cal,0,0,0.4214245080947876,0.5785754919052124
539157506,cal,0,0,0.4221140742301941,0.5778859257698059
1801145182,cal,0,0,0.41048985719680786,0.5895101428031921
1562439439,cal,0,0,0.4982174038887024,0.5017825961112976
1565188082,cal,0,1,0.5305247902870178,0.5305247902870178
1819072936,cal,0,1,0.5464136600494385,0.5464136600494385
1826177791,cal,0,1,0.5471155643463135,0.5471155643463135
1801622610,cal,0,0,0.49928778409957886,0.5007122159004211
1961295231,cal,0,0,0.48307734727859497,0.516922652721405
1080373862,cal,0,0,0.48307734727859497,0.516922652721405
1752069509,cal,0,0,0.415254682302475,0.5847452878952026
316007020,cal,1,1,0.567470133304596,0.567470133304596
665478041,cal,1,1,0.5568839311599731,0.5568839311599731
2068736411,cal,1,1,0.5515074729919434,0.5515074729919434
125671732,cal,0,0,0.42143601179122925,0.5785639882087708
1286346024,cal,0,0,0.44815048575401306,0.5518494844436646
1326893572,cal,0,0,0.4349243938922882,0.5650756359100342
340617960,cal,0,1,0.5867961049079895,0.5867961049079895
954158992,cal,0,1,0.5654290914535522,0.5654290914535522
1715073075,cal,0,1,0.5612832307815552,0.5612832307815552
275760678,cal,0,0,0.4529973268508911,0.5470026731491089
817265508,cal,0,0,0.4510846436023712,0.5489153861999512
1081477143,cal,0,0,0.43223369121551514,0.5677663087844849
1731155607,cal,0,0,0.45218202471733093,0.5478179454803467
374507613,cal,0,1,0.5333555340766907,0.5333555340766907
1134837035,cal,0,1,0.5183594822883606,0.5183594822883606
257739217,cal,0,0,0.4085352420806885,0.5914647579193115
774256462,cal,0,0,0.440567284822464,0.5594327449798584
183682267,cal,0,1,0.5305590033531189,0.5305590033531189
269603241,cal,0,1,0.5399479269981384,0.5399479269981384
1124312028,cal,0,1,0.5217545032501221,0.5217545032501221
728415254,cal,0,0,0.4050808250904083,0.5949192047119141
959041400,cal,0,0,0.39005815982818604,0.609941840171814
2139164902,cal,0,0,0.4110361337661743,0.5889638662338257
526717026,cal,0,1,0.580025851726532,0.580025851726532
1203375301,cal,0,1,0.5430738925933838,0.5430738925933838
908276838,cal,0,0,0.4123085141181946,0.5876914858818054
1800198607,cal,0,0,0.42898041009902954,0.5710195899009705
828234325,cal,0,1,0.5201572179794312,0.5201572179794312
1781704222,cal,0,1,0.5878894925117493,0.5878894925117493
68381551,cal,0,0,0.3909419775009155,0.6090580224990845
738543560,cal,0,0,0.39842313528060913,0.6015768647193909
154074114,cal,0,1,0.6028465628623962,0.6028465628623962
1228862430,cal,0,1,0.575477659702301,0.575477659702301
1267138778,cal,0,1,0.5806636214256287,0.5806636214256287
1175123221,cal,1,0,0.4486457109451294,0.5513542890548706
1610630254,cal,1,0,0.4052799642086029,0.5947200059890747
1629817227,cal,1,0,0.44559532403945923,0.5544046759605408
2019369136,test,0,1,0.5566199421882629,0.5566199421882629
2123003592,test,0,1,0.5418659448623657,0.5418659448623657
269573736,test,1,0,0.4256032705307007,0.5743967294692993
1183989582,test,1,0,0.40486007928848267,0.5951399207115173
126792309,cal,0,1,0.5733580589294434,0.5733580589294434
1711441308,cal,0,1,0.5257946252822876,0.5257946252822876
1059961338,cal,0,0,0.4504645764827728,0.5495353937149048
2030974848,cal,0,0,0.42272132635116577,0.5772786736488342
674717720,cal,0,0,0.4481789171695709,0.5518211126327515
1727356467,cal,0,0,0.4034731984138489,0.5965268015861511
461539118,cal,1,1,0.5613964200019836,0.5613964200019836
868878741,cal,1,1,0.5286740064620972,0.5286740064620972
938447700,test,0,0,0.49022358655929565,0.5097764134407043
2141243487,test,0,1,0.5490202903747559,0.5490202903747559
485602496,test,0,0,0.39645785093307495,0.603542149066925
2143157876,test,0,0,0.40169283747673035,0.5983071327209473
209994568,cal,0,1,0.5288977026939392,0.5288977026939392
582789045,cal,0,0,0.49591755867004395,0.504082441329956
251233001,cal,0,0,0.40259769558906555,0.5974023342132568
501572625,cal,0,0,0.4173588752746582,0.5826411247253418
667302120,test,0,1,0.5037438273429871,0.5037438273429871
808046051,test,0,1,0.5654168128967285,0.5654168128967285
1706555919,test,0,1,0.5641173720359802,0.5641173720359802
653337921,test,0,0,0.4155626893043518,0.5844373106956482
1802048763,test,0,0,0.42438629269599915,0.5756137371063232
1507798687,test,0,1,0.5427238345146179,0.5427238345146179
1523469802,test,0,1,0.5918918251991272,0.5918918251991272
1461246464,test,1,0,0.4311373233795166,0.5688626766204834
1774652632,test,1,0,0.40322184562683105,0.596778154373169
595439207,test,0,1,0.5650613903999329,0.5650613903999329
1583024467,test,0,1,0.5416384339332581,0.5416384339332581
888580577,test,0,0,0.43598368763923645,0.5640163421630859
1329881532,test,0,0,0.3973740339279175,0.6026259660720825
533460197,test,0,1,0.5584487318992615,0.5584487318992615
1661366234,test,0,1,0.5438277721405029,0.5438277721405029
216053298,test,0,0,0.4126300811767578,0.5873699188232422
1106407726,test,0,0,0.43387892842292786,0.5661211013793945
114562861,test,1,1,0.5716060996055603,0.5716060996055603
516734688,test,1,1,0.6122221350669861,0.6122221350669861
612896699,test,0,0,0.4630836248397827,0.5369163751602173
749307238,test,0,0,0.4234749376773834,0.576525092124939
944412052,test,0,0,0.44949591159820557,0.5505040884017944
910034427,cal,1,1,0.5494742393493652,0.5494742393493652
1809185032,cal,1,1,0.5462773442268372,0.5462773442268372
1182634886,cal,1,0,0.4158700406551361,0.5841299295425415
1585540741,cal,1,0,0.4387083053588867,0.5612916946411133
468248680,test,0,1,0.5358461737632751,0.5358461737632751
2022291183,test,0,1,0.5299215912818909,0.5299215912818909
375534835,test,0,0,0.4037357270717621,0.5962642431259155
1179734118,test,0,0,0.4435916244983673,0.5564084053039551
767773573,test,0,1,0.5092722773551941,0.5092722773551941
1864391409,test,0,1,0.5109671354293823,0.5109671354293823
1171846252,test,0,0,0.428167462348938,0.571832537651062
1232060297,test,0,0,0.3949536979198456,0.605046272277832
670910414,cal,0,1,0.5668364763259888,0.5668364763259888
1883289719,cal,0,1,0.5470831990242004,0.5470831990242004
143692956,cal,0,0,0.4145966172218323,0.5854033827781677
1243581779,cal,0,0,0.40448543429374695,0.5955145359039307
259090622,cal,0,1,0.5867517590522766,0.5867517590522766
757398629,cal,0,1,0.5124083161354065,0.5124083161354065
558494954,cal,1,0,0.45563095808029175,0.5443690419197083
1927324962,cal,1,0,0.42254748940467834,0.577452540397644
120926304,cal,0,1,0.5495656728744507,0.5495656728744507
756998265,cal,0,1,0.5985711812973022,0.5985711812973022
641607912,cal,0,0,0.3923252522945404,0.6076747179031372
1528678123,cal,0,0,0.40920987725257874,0.5907901525497437
251775869,cal,0,1,0.5428338050842285,0.5428338050842285
1371737227,cal,0,0,0.4909787178039551,0.5090212821960449
1564248668,cal,0,0,0.39207589626312256,0.6079241037368774
1745617347,cal,0,0,0.40537703037261963,0.5946229696273804
177645363,cal,0,1,0.5544711351394653,0.5544711351394653
432183802,cal,0,1,0.5621600151062012,0.5621600151062012
1811112402,cal,0,0,0.41864147782325745,0.5813585519790649
1928822937,cal,0,0,0.44962409138679504,0.5503759384155273
779999261,cal,0,1,0.5341224670410156,0.5341224670410156
1926016567,cal,0,1,0.535781741142273,0.535781741142273
272573675,cal,0,0,0.4231051206588745,0.5768948793411255
1618080068,cal,0,0,0.44944921135902405,0.5505508184432983
1176862241,cal,0,1,0.5547150373458862,0.5547150373458862
1961996768,cal,0,1,0.5737611055374146,0.5737611055374146
826222631,cal,0,0,0.4010047912597656,0.5989952087402344
1820860949,cal,0,0,0.40382879972457886,0.5961712002754211
1073193517,cal,1,1,0.5740789175033569,0.5740789175033569
1969650284,cal,1,0,0.4711606800556183,0.5288393497467041
649323572,cal,0,0,0.4040755331516266,0.5959244966506958
1048752452,cal,0,0,0.4080430865287781,0.5919569134712219
464233349,cal,0,0,0.4537399411201477,0.5462600588798523
485668007,cal,0,0,0.4173329770565033,0.5826669931411743
693829796,cal,0,0,0.40750688314437866,0.5924931168556213
84495334,cal,1,1,0.5609811544418335,0.5609811544418335
331933117,cal,1,1,0.5593575835227966,0.5593575835227966
1775123300,cal,1,1,0.5191318988800049,0.5191318988800049
550640183,cal,0,1,0.5029146671295166,0.5029146671295166
1200747180,cal,0,1,0.5824525356292725,0.5824525356292725
536435607,cal,0,0,0.3971315920352936,0.6028684377670288
1137033931,cal,0,0,0.49240028858184814,0.5075997114181519
1531891282,cal,0,0,0.45543110370635986,0.5445688962936401
1507978155,cal,0,1,0.5866972804069519,0.5866972804069519
1720170829,cal,0,1,0.565146267414093,0.565146267414093
733278421,cal,0,0,0.4433329701423645,0.5566670298576355
1124315314,cal,0,0,0.4210721254348755,0.5789278745651245
75453643,cal,1,1,0.6042965650558472,0.6042965650558472
410418278,cal,1,1,0.5483475923538208,0.5483475923538208
340873376,cal,1,0,0.43406400084495544,0.5659359693527222
938085887,cal,1,0,0.4480452537536621,0.5519547462463379
581529691,cal,1,0,0.482950896024704,0.5170490741729736
1444491611,cal,1,0,0.39664655923843384,0.6033534407615662
1638995820,cal,1,0,0.4488924741744995,0.5511075258255005
1909467256,cal,1,0,0.44746267795562744,0.5525373220443726
186542720,cal,0,1,0.5229567885398865,0.5229567885398865
869465692,cal,0,1,0.5410264134407043,0.5410264134407043
1216743133,cal,0,1,0.5193085074424744,0.5193085074424744
1822937251,cal,0,1,0.6071662902832031,0.6071662902832031
214288557,test,1,1,0.5418644547462463,0.5418644547462463
1886135112,test,1,1,0.5544160008430481,0.5544160008430481
1966578098,test,1,1,0.5272226333618164,0.5272226333618164
812679384,test,0,0,0.44278696179389954,0.5572130680084229
932850854,test,0,0,0.40202534198760986,0.5979746580123901
1206794647,cal,0,0,0.41603896021842957,0.583961009979248
1364187617,cal,0,0,0.3968315124511719,0.6031684875488281
2028293961,cal,0,0,0.39578014612197876,0.6042198538780212
86514947,cal,0,0,0.4771777391433716,0.5228222608566284
264466286,cal,0,1,0.5252008438110352,0.5252008438110352
1964001320,cal,0,1,0.5531327724456787,0.5531327724456787
262866207,cal,0,1,0.530889093875885,0.530889093875885
685103930,cal,0,1,0.6092703938484192,0.6092703938484192
822968630,cal,0,1,0.509333074092865,0.509333074092865
1187032979,cal,0,0,0.4705270528793335,0.5294729471206665
841536964,cal,1,0,0.49375948309898376,0.5062404870986938
1063014706,cal,1,0,0.4108453691005707,0.5891546010971069
1143447803,cal,1,0,0.39955368638038635,0.600446343421936
1450443663,cal,1,0,0.481860488653183,0.5181394815444946
166073180,cal,1,1,0.5544698238372803,0.5544698238372803
972172392,cal,1,1,0.5275246500968933,0.5275246500968933
182585376,cal,0,0,0.40096038579940796,0.599039614200592
2014649337,cal,0,0,0.4065890908241272,0.5934109091758728
444365921,cal,0,1,0.5613574385643005,0.5613574385643005
1684851144,cal,0,1,0.5411945581436157,0.5411945581436157
267975905,cal,0,0,0.409025102853775,0.5909749269485474
1157777153,cal,0,0,0.4434938430786133,0.5565061569213867
543097361,test,0,0,0.4980383813381195,0.5019615888595581
2034876244,test,0,1,0.5584819912910461,0.5584819912910461
2023049421,test,0,0,0.4091895818710327,0.5908104181289673
2115735648,test,0,0,0.4076494872570038,0.5923504829406738
749521321,test,0,1,0.5260204076766968,0.5260204076766968
1117553675,test,0,1,0.6154118180274963,0.6154118180274963
103354413,test,0,0,0.40177202224731445,0.5982279777526855
1108140993,test,0,0,0.40109702944755554,0.5989029407501221
274674161,cal,0,1,0.5195010900497437,0.5195010900497437
1953229819,cal,0,1,0.5315409898757935,0.5315409898757935
8038644,cal,0,0,0.42615780234336853,0.5738421678543091
1311952752,cal,0,0,0.4135187864303589,0.5864812135696411
1855316219,cal,0,0,0.39656615257263184,0.6034338474273682
1367680421,cal,0,1,0.536471962928772,0.536471962928772
1683314647,cal,0,0,0.4600779116153717,0.5399221181869507
230699173,cal,0,0,0.389370322227478,0.610629677772522
560574507,cal,0,0,0.4022560119628906,0.5977439880371094
1204027845,cal,1,0,0.4524523615837097,0.5475476384162903
1367442455,cal,1,0,0.4271301031112671,0.5728698968887329
350846659,cal,0,1,0.5124924778938293,0.5124924778938293
1897717426,cal,0,1,0.5368013978004456,0.5368013978004456
1271237488,cal,0,1,0.5314406752586365,0.5314406752586365
1652939049,cal,0,1,0.6009272933006287,0.6009272933006287
1111204410,cal,0,0,0.40256693959236145,0.5974330902099609
1445397613,cal,0,0,0.4555489718914032,0.5444509983062744
69374228,test,0,1,0.5450429916381836,0.5450429916381836
306865987,test,0,1,0.5647637248039246,0.5647637248039246
1881490967,test,0,1,0.5838508009910583,0.5838508009910583
14771013,test,0,0,0.4624030292034149,0.5375969409942627
1306078303,test,0,0,0.4640670716762543,0.5359328985214233
1459228850,test,0,0,0.43229663372039795,0.567703366279602
1507275789,test,1,1,0.5374950170516968,0.5374950170516968
1925841866,test,1,1,0.5661872029304504,0.5661872029304504
1005046364,test,0,0,0.42123663425445557,0.5787633657455444
1316970189,test,0,0,0.4854298233985901,0.5145701766014099
1981072647,test,0,0,0.4145682752132416,0.585431694984436
1278037627,test,0,1,0.505846381187439,0.505846381187439
1999205341,test,0,1,0.5778442025184631,0.5778442025184631
561866305,test,1,0,0.4468691051006317,0.5531308650970459
1240850582,test,1,0,0.4119671881198883,0.5880328416824341
876807809,cal,0,1,0.5989394187927246,0.5989394187927246
1208190426,cal,0,1,0.5450122356414795,0.5450122356414795
594534563,cal,0,0,0.4042676091194153,0.5957323908805847
1942374313,cal,0,0,0.4211699962615967,0.5788300037384033
558552648,test,1,1,0.5775777697563171,0.5775777697563171
1314743828,test,1,0,0.4236280024051666,0.5763720273971558
1648069336,test,1,1,0.5220863223075867,0.5220863223075867
167716641,test,0,0,0.4762985408306122,0.5237014293670654
825964503,test,0,0,0.443388968706131,0.5566110610961914
1507522678,test,0,0,0.4673122465610504,0.532687783241272
1373985927,cal,0,1,0.5872018933296204,0.5872018933296204
1708429553,cal,0,1,0.5222830772399902,0.5222830772399902
1284827006,cal,0,0,0.4015667140483856,0.598433256149292
1364279486,cal,0,0,0.42151156067848206,0.5784884691238403
53439839,cal,0,0,0.4120749831199646,0.5879250168800354
987971092,cal,0,0,0.43278786540031433,0.5672121047973633
667478914,cal,0,1,0.5155957341194153,0.5155957341194153
1008247019,cal,0,1,0.523613452911377,0.523613452911377
1152706670,test,1,1,0.5359806418418884,0.5359806418418884
1185285247,test,1,1,0.5357494354248047,0.5357494354248047
156483578,test,0,0,0.4277953505516052,0.5722046494483948
1538818748,test,0,0,0.4019567370414734,0.5980432629585266
1839678749,test,0,0,0.407499223947525,0.5925008058547974
892093260,cal,0,1,0.5634278059005737,0.5634278059005737
2029366486,cal,0,1,0.5448029041290283,0.5448029041290283
1140714552,cal,0,0,0.44899284839630127,0.5510071516036987
1502690495,cal,0,0,0.40267786383628845,0.5973221063613892
821712386,cal,0,1,0.5707207918167114,0.5707207918167114
1806426271,cal,0,1,0.5364145040512085,0.5364145040512085
199930639,cal,0,0,0.44640129804611206,0.5535987019538879
1551461520,cal,0,0,0.39987698197364807,0.6001230478286743
350536937,cal,1,1,0.5388705134391785,0.5388705134391785
1061776239,cal,1,1,0.5272080898284912,0.5272080898284912
540454647,cal,0,0,0.4133494198322296,0.5866506099700928
1360718529,cal,0,0,0.40579062700271606,0.5942093729972839
1223632429,cal,0,1,0.5456112623214722,0.5456112623214722
1739463931,cal,0,1,0.5154085159301758,0.5154085159301758
569590958,cal,0,0,0.39819663763046265,0.6018033623695374
887010927,cal,0,0,0.38845399022102356,0.6115460395812988
1994735375,test,1,0,0.4966888725757599,0.5033111572265625
2034786339,test,1,1,0.5351794958114624,0.5351794958114624
281320409,test,0,0,0.3982030749320984,0.6017969250679016
1187430249,test,0,0,0.40914386510849,0.59085613489151
845708188,cal,0,1,0.6048240065574646,0.6048240065574646
2103367290,cal,0,1,0.5350245237350464,0.5350245237350464
459431165,cal,1,0,0.4079500436782837,0.5920499563217163
618030178,cal,1,0,0.4409143030643463,0.5590857267379761
438514068,test,0,1,0.5400776863098145,0.5400776863098145
1437045436,test,0,1,0.5090938806533813,0.5090938806533813
647847146,test,0,0,0.45627203583717346,0.5437279939651489
2118749599,test,0,0,0.40533003211021423,0.5946699380874634
431975590,cal,0,1,0.5451251864433289,0.5451251864433289
595333722,cal,0,1,0.6011118292808533,0.6011118292808533
1778366933,cal,0,1,0.5539801120758057,0.5539801120758057
504668764,cal,0,0,0.4206385612487793,0.5793614387512207
985163344,cal,0,0,0.43250274658203125,0.5674972534179688
1339884512,cal,0,0,0.4792826473712921,0.5207173824310303
1409674525,cal,0,1,0.5707246661186218,0.5707246661186218
1430647941,cal,0,1,0.5863047242164612,0.5863047242164612
556848716,cal,0,0,0.4184666574001312,0.5815333127975464
1189577133,cal,0,0,0.4490652084350586,0.5509347915649414
1156988266,cal,0,1,0.5562363862991333,0.5562363862991333
1685859255,cal,0,1,0.5196892023086548,0.5196892023086548
462794046,cal,0,0,0.4431014060974121,0.5568985939025879
493187957,cal,0,0,0.39234867691993713,0.6076513528823853
441714242,cal,0,0,0.46211060881614685,0.5378893613815308
1309017963,cal,0,1,0.520714282989502,0.520714282989502
884205777,cal,0,0,0.41823557019233704,0.5817644596099854
1964487243,cal,0,0,0.445628821849823,0.554371178150177
320117024,cal,0,1,0.5714170336723328,0.5714170336723328
1095126044,cal,0,1,0.5659032464027405,0.5659032464027405
1966354375,cal,0,1,0.5868332982063293,0.5868332982063293
294773451,cal,0,0,0.43669113516807556,0.563308835029602
515952558,cal,0,0,0.42058759927749634,0.5794124007225037
769481342,cal,0,0,0.4153330624103546,0.5846669673919678
604740596,cal,0,1,0.5868507027626038,0.5868507027626038
652917298,cal,0,1,0.5409631133079529,0.5409631133079529
53087680,cal,0,0,0.4231839179992676,0.5768160820007324
900413666,cal,0,0,0.4536575973033905,0.5463423728942871
1413337594,cal,0,1,0.5184726715087891,0.5184726715087891
2135478480,cal,0,1,0.5798397064208984,0.5798397064208984
205981472,cal,1,0,0.39994001388549805,0.600059986114502
427909693,cal,1,0,0.43893876671791077,0.5610612630844116
1815244113,cal,1,0,0.4260358214378357,0.5739641785621643
99341673,test,1,1,0.5446303486824036,0.5446303486824036
1162909545,test,1,0,0.49287277460098267,0.5071272253990173
747739537,test,0,0,0.42608949542045593,0.5739104747772217
1155550745,test,0,0,0.40475621819496155,0.5952438116073608
1596738808,test,1,1,0.5178765058517456,0.5178765058517456
1750908524,test,1,1,0.5156323313713074,0.5156323313713074
771333009,test,0,0,0.4892541170120239,0.5107458829879761
1929406731,test,0,0,0.48345425724983215,0.5165457725524902
262695887,cal,0,1,0.5119457840919495,0.5119457840919495
1868663348,cal,0,1,0.5332646369934082,0.5332646369934082
1193902647,cal,0,0,0.40160253643989563,0.5983974933624268
1439551596,cal,0,0,0.4067847728729248,0.5932152271270752
221110006,cal,0,1,0.6124348044395447,0.6124348044395447
1751939110,cal,0,1,0.5484687685966492,0.5484687685966492
743586735,cal,0,0,0.46608060598373413,0.5339193940162659
762785288,cal,0,0,0.4112011194229126,0.5887988805770874
1365591012,cal,0,1,0.560055673122406,0.560055673122406
1788273711,cal,0,0,0.49354761838912964,0.5064523816108704
19807906,cal,0,0,0.4067328870296478,0.5932670831680298
158700432,cal,0,0,0.40982115268707275,0.5901788473129272
624261199,test,1,1,0.5860539674758911,0.5860539674758911
1150801606,test,1,1,0.5422459244728088,0.5422459244728088
838606275,test,0,0,0.4010220468044281,0.5989779233932495
1873099769,test,0,0,0.45828068256378174,0.5417193174362183
1109661173,cal,1,1,0.5120492577552795,0.5120492577552795
1753561408,cal,1,1,0.5461065769195557,0.5461065769195557
40580397,cal,0,0,0.4345061182975769,0.5654938817024231
1576344257,cal,0,0,0.39823776483535767,0.6017622351646423
1911118071,cal,0,1,0.5948117971420288,0.5948117971420288
1979623028,cal,0,1,0.5342106819152832,0.5342106819152832
715321439,cal,1,0,0.4054373800754547,0.5945626497268677
1511749844,cal,1,0,0.4305485486984253,0.5694514513015747
59910215,cal,0,1,0.5354605317115784,0.5354605317115784
1542461576,cal,0,1,0.5486318469047546,0.5486318469047546
1590464525,cal,0,0,0.44401055574417114,0.5559894442558289
1664708762,cal,0,0,0.4045373499393463,0.5954626798629761
1468444775,cal,1,1,0.5333466529846191,0.5333466529846191
1538559284,cal,1,1,0.5245936512947083,0.5245936512947083
720781543,cal,0,0,0.4007672965526581,0.5992326736450195
1794183923,cal,0,0,0.4114467203617096,0.5885533094406128
275035090,test,0,1,0.5791371464729309,0.5791371464729309
2057215739,test,0,1,0.536148726940155,0.536148726940155
434939614,test,0,0,0.44563034176826477,0.5543696880340576
567933076,test,0,0,0.418582022190094,0.581417977809906
1161755447,cal,1,1,0.5673708915710449,0.5673708915710449
2044265684,cal,1,1,0.6131023168563843,0.6131023168563843
873023360,cal,0,0,0.38810792565345764,0.6118921041488647
1443036025,cal,0,0,0.42880046367645264,0.5711995363235474
1129998950,test,0,0,0.4050997793674469,0.5949002504348755
1930908854,test,0,0,0.39043039083480835,0.6095696091651917
601721717,test,0,0,0.47907930612564087,0.5209206938743591
1943900605,test,0,1,0.527089536190033,0.527089536190033
509055230,cal,0,1,0.5404452085494995,0.5404452085494995
1148338315,cal,0,1,0.5170220136642456,0.5170220136642456
766546077,cal,0,0,0.4042973518371582,0.5957026481628418
1200688744,cal,0,0,0.4073216915130615,0.5926783084869385
319249683,cal,0,1,0.6146113872528076,0.6146113872528076
517732811,cal,0,1,0.5782343745231628,0.5782343745231628
809943690,cal,0,1,0.5392148494720459,0.5392148494720459
1312837055,cal,0,1,0.5962654948234558,0.5962654948234558
1483461368,cal,0,1,0.5856529474258423,0.5856529474258423
814796307,cal,0,0,0.43569961190223694,0.5643004179000854
1009162490,cal,0,0,0.4206623435020447,0.5793376564979553
1312754333,cal,0,0,0.45437249541282654,0.5456274747848511
1618020052,cal,0,0,0.40067628026008606,0.5993237495422363
1915845703,cal,0,0,0.41446202993392944,0.5855379700660706
376365234,cal,0,1,0.5407203435897827,0.5407203435897827
1213678728,cal,0,1,0.5321168899536133,0.5321168899536133
1260744881,cal,0,0,0.4023919105529785,0.5976080894470215
1989799161,cal,0,0,0.42544296383857727,0.5745570659637451
342552648,cal,0,0,0.43455615639686584,0.5654438734054565
542854494,cal,0,0,0.42793866991996765,0.57206130027771
1726657407,cal,0,1,0.5516930222511292,0.5516930222511292
1741098458,cal,0,1,0.5560967922210693,0.5560967922210693
789436135,cal,0,1,0.5248016119003296,0.5248016119003296
1879009542,cal,0,0,0.4717467427253723,0.5282532572746277
540321150,cal,0,0,0.39992189407348633,0.6000781059265137
1919315535,cal,0,0,0.3898998200893402,0.6101001501083374
625554983,cal,0,1,0.57344651222229,0.57344651222229
787241695,cal,0,0,0.47710472345352173,0.5228952765464783
1186231740,cal,0,1,0.5900805592536926,0.5900805592536926
1970100170,cal,0,0,0.49800148606300354,0.5019985437393188
2019061714,cal,0,0,0.4897727966308594,0.5102272033691406
2064426251,cal,0,1,0.5017048716545105,0.5017048716545105
79024318,cal,0,0,0.42646440863609314,0.5735355615615845
180199428,cal,0,0,0.4408307373523712,0.5591692924499512
494337011,cal,0,0,0.4702184200286865,0.5297815799713135
910866199,cal,0,0,0.47393861413002014,0.5260614156723022
1263774737,cal,0,0,0.40817365050315857,0.591826319694519
1653763927,cal,0,0,0.4378802180290222,0.5621197819709778
1813221505,cal,0,0,0.4641016721725464,0.5358983278274536
1274489190,cal,1,1,0.5466939806938171,0.5466939806938171
2125930962,cal,1,0,0.48514649271965027,0.5148534774780273
900236271,cal,0,1,0.5347768664360046,0.5347768664360046
1539444923,cal,0,1,0.5675003528594971,0.5675003528594971
706473972,cal,0,0,0.4035571217536926,0.5964428782463074
1231017844,cal,0,0,0.443428635597229,0.556571364402771
418483108,test,0,1,0.5531812906265259,0.5531812906265259
1663597445,test,0,1,0.5707849860191345,0.5707849860191345
154883410,test,0,0,0.40926697850227356,0.5907330513000488
1933217329,test,0,0,0.4478128254413605,0.5521872043609619
57447915,test,0,0,0.4763593375682831,0.5236406326293945
261951487,test,0,1,0.5520752668380737,0.5520752668380737
556726603,test,0,0,0.41604191064834595,0.583958089351654
656414334,test,0,0,0.48085731267929077,0.5191426873207092
1114873338,test,0,0,0.4075111746788025,0.5924888253211975
99641447,cal,1,0,0.48307734727859497,0.516922652721405
714096565,cal,1,0,0.48379507660865784,0.5162049531936646
1101357627,cal,1,0,0.4832945764064789,0.5167053937911987
1238906512,cal,1,0,0.4840432107448578,0.5159567594528198
1951462543,cal,1,0,0.48307734727859497,0.516922652721405
588872062,cal,0,0,0.48274707794189453,0.5172529220581055
782712243,cal,0,0,0.483939528465271,0.516060471534729
837783009,cal,0,0,0.4831802248954773,0.5168197751045227
1153345086,cal,0,0,0.4830824136734009,0.5169175863265991
375059019,cal,1,1,0.5477694869041443,0.5477694869041443
2134441963,cal,1,1,0.5574113130569458,0.5574113130569458
959361073,cal,0,0,0.40651413798332214,0.5934858322143555
1116777945,cal,0,0,0.42999058961868286,0.5700094103813171
28639091,cal,1,1,0.5673304200172424,0.5673304200172424
258293371,cal,1,1,0.5216687917709351,0.5216687917709351
707793992,cal,1,1,0.5746307373046875,0.5746307373046875
2005051070,cal,1,1,0.5474314093589783,0.5474314093589783
888808642,cal,0,0,0.4529276192188263,0.5470724105834961
1085290197,cal,0,0,0.4457581639289856,0.5542418360710144
1433909801,cal,0,0,0.4278934597969055,0.5721065402030945
1610942978,cal,0,0,0.4611169397830963,0.5388830900192261
260079213,cal,1,0,0.44129812717437744,0.5587018728256226
1857991471,cal,1,0,0.444974809885025,0.5550252199172974
2004430132,cal,1,0,0.4571691155433655,0.5428308844566345
689094999,cal,0,1,0.5629214644432068,0.5629214644432068
1946830628,cal,0,1,0.5517441034317017,0.5517441034317017
1983840486,cal,0,1,0.5776939988136292,0.5776939988136292
394798221,cal,0,1,0.5035613179206848,0.5035613179206848
1662370751,cal,0,1,0.5022902488708496,0.5022902488708496
180630291,cal,0,1,0.5239998698234558,0.5239998698234558
1814912794,cal,0,1,0.5023641586303711,0.5023641586303711
476821110,cal,0,0,0.41115322709083557,0.5888468027114868
676179342,cal,0,0,0.4037434458732605,0.5962565541267395
567496969,cal,0,1,0.5403869152069092,0.5403869152069092
1503364948,cal,0,1,0.5502005219459534,0.5502005219459534
1862294544,cal,0,1,0.5223976969718933,0.5223976969718933
655892738,cal,1,1,0.5786624550819397,0.5786624550819397
1970939400,cal,1,1,0.5661080479621887,0.5661080479621887
213095459,cal,0,0,0.4153015911579132,0.5846984386444092
649802037,cal,0,0,0.39064082503318787,0.6093591451644897
665917803,cal,0,0,0.4278668165206909,0.5721331834793091
282742387,test,0,0,0.472572922706604,0.527427077293396
1064888428,test,0,1,0.5632851719856262,0.5632851719856262
1236706393,test,0,1,0.5000526905059814,0.5000526905059814
448741934,test,0,0,0.43582868576049805,0.564171314239502
1580909504,test,0,0,0.4213603138923645,0.5786396861076355
1821800285,test,0,0,0.4579446017742157,0.5420553684234619
779681721,cal,0,0,0.4171146750450134,0.5828853249549866
2009095956,cal,0,0,0.4529176950454712,0.5470823049545288
1636016606,cal,0,1,0.583853542804718,0.583853542804718
1924927683,cal,0,1,0.5469188094139099,0.5469188094139099
415040001,cal,0,0,0.4167014956474304,0.5832985043525696
509736195,cal,0,0,0.49270951747894287,0.5072904825210571
1036168952,cal,0,0,0.46693798899650574,0.5330619812011719
1036455783,cal,0,0,0.43966343998908997,0.5603365898132324
1277134794,cal,0,1,0.5707293748855591,0.5707293748855591
1282767740,cal,0,1,0.5232682824134827,0.5232682824134827
2040231396,cal,0,1,0.5612379908561707,0.5612379908561707
86443114,cal,0,1,0.5393282175064087,0.5393282175064087
357375099,cal,0,1,0.5246632099151611,0.5246632099151611
180995041,cal,0,0,0.4001169800758362,0.5998830199241638
1556164872,cal,0,0,0.42365512251853943,0.5763448476791382
659345225,cal,0,1,0.5177461504936218,0.5177461504936218
1211288190,cal,0,1,0.5632027983665466,0.5632027983665466
333054673,cal,0,0,0.3980356752872467,0.6019643545150757
1640804215,cal,0,0,0.4611418843269348,0.5388581156730652
44080732,cal,0,1,0.5457499623298645,0.5457499623298645
1361058467,cal,0,1,0.5449214577674866,0.5449214577674866
1252484510,cal,1,0,0.4021488428115845,0.5978511571884155
1414069259,cal,1,0,0.4102831482887268,0.5897168517112732
1433653577,cal,1,0,0.44383352994918823,0.5561664700508118
144392889,cal,0,0,0.400569349527359,0.5994306802749634
1645764039,cal,0,0,0.4057159125804901,0.5942840576171875
307172175,cal,0,0,0.494344025850296,0.5056560039520264
1203897846,cal,0,1,0.5243325233459473,0.5243325233459473
1891526752,cal,0,1,0.5915479063987732,0.5915479063987732
2016025748,cal,0,1,0.5650721788406372,0.5650721788406372
77997515,cal,0,0,0.4479210376739502,0.5520789623260498
1745971689,cal,0,0,0.43108052015304565,0.5689194798469543
972618128,cal,0,0,0.4098338186740875,0.5901662111282349
1722724870,cal,0,0,0.42139190435409546,0.5786080956459045
946326197,cal,0,1,0.5100851655006409,0.5100851655006409
1008938049,cal,0,1,0.5419771671295166,0.5419771671295166
186427850,test,0,1,0.5928933620452881,0.5928933620452881
2142490147,test,0,1,0.5839397311210632,0.5839397311210632
875479864,test,1,0,0.40769529342651367,0.5923047065734863
1422453405,test,1,0,0.4284338057041168,0.5715662240982056
847405851,cal,1,1,0.5130137205123901,0.5130137205123901
2059025551,cal,1,1,0.5010865926742554,0.5010865926742554
1350119241,cal,0,0,0.3990669846534729,0.6009330153465271
1447526820,cal,0,0,0.41236284375190735,0.587637186050415
651885986,cal,0,1,0.5476811528205872,0.5476811528205872
2019768169,cal,0,1,0.5599155426025391,0.5599155426025391
1315448879,cal,0,0,0.43238723278045654,0.5676127672195435
1647374160,cal,0,0,0.45768293738365173,0.5423170328140259
619218016,cal,0,1,0.535165011882782,0.535165011882782
2093057383,cal,0,1,0.5579550862312317,0.5579550862312317
1802882737,cal,0,0,0.4560330808162689,0.5439668893814087
2035634669,cal,0,0,0.4354996085166931,0.5645003914833069
1158224659,cal,0,1,0.5390661954879761,0.5390661954879761
1558471205,cal,0,1,0.5729533433914185,0.5729533433914185
184765903,cal,0,0,0.45044779777526855,0.5495522022247314
577633257,cal,0,0,0.42426368594169617,0.5757362842559814
1051661155,cal,0,0,0.4462086856365204,0.5537912845611572
597917884,test,1,1,0.5496817231178284,0.5496817231178284
2004005518,test,1,1,0.5710701942443848,0.5710701942443848
1549974889,test,0,0,0.4072125554084778,0.5927874445915222
2039970600,test,0,0,0.4171985685825348,0.5828014612197876
1292993488,cal,0,1,0.5078008770942688,0.5078008770942688
1908154641,cal,0,1,0.5198224782943726,0.5198224782943726
184098946,cal,0,0,0.4045554995536804,0.5954445004463196
822645439,cal,0,0,0.40286436676979065,0.5971356630325317
1179919236,cal,0,1,0.6171448230743408,0.6171448230743408
1462397306,cal,0,1,0.554485559463501,0.554485559463501
349536246,cal,1,0,0.44189515709877014,0.5581048727035522
1759046919,cal,1,0,0.4112866222858429,0.5887134075164795
424665691,test,1,1,0.5768422484397888,0.5768422484397888
1219297863,test,1,1,0.5675230622291565,0.5675230622291565
1989940002,test,1,0,0.4986470639705658,0.5013529062271118
717875506,test,0,0,0.46329253911972046,0.5367074608802795
942113429,test,0,0,0.4540170431137085,0.5459829568862915
1785204550,test,0,0,0.40049993991851807,0.5995000600814819
1915144262,test,0,0,0.3994785249233246,0.600521445274353
606169294,cal,0,1,0.5870406627655029,0.5870406627655029
875694830,cal,0,1,0.5504558682441711,0.5504558682441711
1542757367,cal,1,0,0.4373619854450226,0.5626380443572998
1899662772,cal,1,0,0.41921868920326233,0.5807813405990601
1232644581,cal,0,1,0.5290728807449341,0.5290728807449341
1273578482,cal,0,1,0.5572900772094727,0.5572900772094727
1295245072,cal,0,0,0.45021599531173706,0.5497840046882629
1647688492,cal,0,0,0.4099876582622528,0.5900123119354248
1298336165,cal,0,1,0.5174380540847778,0.5174380540847778
1304742223,cal,0,1,0.5879706144332886,0.5879706144332886
1043937268,cal,0,0,0.44996145367622375,0.5500385761260986
1318385998,cal,0,0,0.3945571184158325,0.6054428815841675
86494532,test,0,1,0.5245507955551147,0.5245507955551147
990717163,test,0,1,0.6033751964569092,0.6033751964569092
576202428,test,0,0,0.4186021089553833,0.5813978910446167
1411934798,test,0,0,0.45510798692703247,0.5448920130729675
188544934,test,1,1,0.5140498280525208,0.5140498280525208
1627980096,test,1,1,0.5525211691856384,0.5525211691856384
456421509,test,0,0,0.3995665907859802,0.6004334092140198
831356114,test,0,0,0.40880194306373596,0.5911980867385864
1624737203,cal,0,1,0.5121856331825256,0.5121856331825256
2107897536,cal,0,0,0.4556519091129303,0.5443481206893921
1775075022,cal,0,0,0.4139927327632904,0.5860072374343872
1826567385,cal,0,0,0.396729975938797,0.6032700538635254
1261902968,cal,1,1,0.5232628583908081,0.5232628583908081
1694786399,cal,1,1,0.5553570985794067,0.5553570985794067
961165398,cal,1,0,0.4380830228328705,0.5619169473648071
2031050520,cal,1,0,0.4036630094051361,0.5963369607925415
266491339,test,0,1,0.5453686714172363,0.5453686714172363
1838768704,test,0,1,0.5329474806785583,0.5329474806785583
58132425,test,1,0,0.4027738571166992,0.5972261428833008
355971526,test,1,0,0.4499940872192383,0.5500059127807617
842119228,test,1,0,0.41734009981155396,0.582659900188446
1372677131,cal,1,1,0.5748322606086731,0.5748322606086731
1725448046,cal,1,1,0.5877346992492676,0.5877346992492676
109835303,cal,0,0,0.417815238237381,0.5821847915649414
1296591113,cal,0,0,0.4432416558265686,0.5567583441734314
1099555184,cal,0,1,0.6003421545028687,0.6003421545028687
1442144298,cal,0,1,0.5524061322212219,0.5524061322212219
447164315,cal,0,0,0.47446587681770325,0.5255341529846191
968305375,cal,0,0,0.41437602043151855,0.5856239795684814
556976327,cal,1,1,0.5803281664848328,0.5803281664848328
1820023852,cal,1,1,0.518248438835144,0.518248438835144
286147673,cal,0,0,0.42890939116477966,0.571090579032898
765612451,cal,0,0,0.4032915532588959,0.5967084169387817
188563880,cal,0,1,0.5961562395095825,0.5961562395095825
1917047975,cal,0,1,0.5239813923835754,0.5239813923835754
267266091,cal,1,0,0.4597477912902832,0.5402522087097168
1976974923,cal,1,0,0.4051491320133209,0.5948508977890015
1427711693,cal,0,1,0.5426896214485168,0.5426896214485168
1731651778,cal,0,0,0.4793393313884735,0.5206606388092041
102774110,cal,0,0,0.39768221974372864,0.6023178100585938
1338234535,cal,0,0,0.4041904807090759,0.5958095192909241
579503095,cal,0,1,0.5414468050003052,0.5414468050003052
1614014998,cal,0,1,0.5755767226219177,0.5755767226219177
85583784,cal,0,0,0.45480701327323914,0.5451929569244385
1809217939,cal,0,0,0.41202312707901,0.58797687292099
33353301,test,0,1,0.6030669808387756,0.6030669808387756
150163437,test,0,1,0.5670594573020935,0.5670594573020935
11523865,test,0,0,0.4350751042366028,0.5649248957633972
2065570478,test,0,0,0.4022791087627411,0.5977208614349365
232151331,test,0,1,0.6075185537338257,0.6075185537338257
1017475461,test,0,1,0.583260178565979,0.583260178565979
1529613038,test,0,1,0.5126925110816956,0.5126925110816956
1030001372,test,0,0,0.4627892076969147,0.5372108221054077
1599522044,test,0,0,0.45989400148391724,0.5401059985160828
274968557,test,0,1,0.5853145718574524,0.5853145718574524
857563282,test,0,1,0.5674265027046204,0.5674265027046204
1866752093,test,0,0,0.4180111289024353,0.5819888710975647
2031967405,test,0,0,0.4153277575969696,0.584672212600708
268744092,cal,0,1,0.5627965927124023,0.5627965927124023
1530776430,cal,0,1,0.5494898557662964,0.5494898557662964
1881123887,cal,0,0,0.4169764220714569,0.5830235481262207
2010381380,cal,0,0,0.39824730157852173,0.6017526984214783
84638393,test,0,1,0.5922826528549194,0.5922826528549194
689507314,test,0,1,0.5788214206695557,0.5788214206695557
1526661714,test,0,1,0.5514013767242432,0.5514013767242432
1521934685,test,0,0,0.4621029794216156,0.537896990776062
1706040671,test,0,0,0.4525074362754822,0.5474925637245178
1981166344,test,0,0,0.41692808270454407,0.5830719470977783
602531259,cal,0,1,0.51568603515625,0.51568603515625
1218773845,cal,0,1,0.5339216589927673,0.5339216589927673
1406568621,cal,0,0,0.41966307163238525,0.5803369283676147
1879491429,cal,0,0,0.427634060382843,0.572365939617157
1122528836,cal,0,1,0.5145367383956909,0.5145367383956909
1744895982,cal,0,1,0.5639296770095825,0.5639296770095825
189404257,cal,0,0,0.40807750821113586,0.5919225215911865
530761007,cal,0,0,0.4209215044975281,0.5790784955024719
261105932,cal,0,0,0.49871596693992615,0.5012840032577515
1390299950,cal,0,1,0.562343418598175,0.562343418598175
61065985,cal,0,0,0.3962525725364685,0.6037474274635315
305484396,cal,0,0,0.4594944715499878,0.5405055284500122
726763723,cal,0,1,0.5810738801956177,0.5810738801956177
866818345,cal,0,1,0.5723279118537903,0.5723279118537903
1309316595,cal,0,1,0.5609729886054993,0.5609729886054993
1590452629,cal,0,0,0.3891920745372772,0.6108078956604004
2125280589,cal,0,0,0.4409566819667816,0.559043288230896
1030551158,cal,0,1,0.5544822812080383,0.5544822812080383
1786135413,cal,0,1,0.5063426494598389,0.5063426494598389
1361506219,cal,0,0,0.40137121081352234,0.5986287593841553
1394950722,cal,0,0,0.40655553340911865,0.5934444665908813
382619801,cal,0,1,0.5049389004707336,0.5049389004707336
594349479,cal,0,1,0.5747277736663818,0.5747277736663818
798991965,cal,0,1,0.5516526103019714,0.5516526103019714
1229490413,cal,0,0,0.45127177238464355,0.5487282276153564
1312089242,cal,0,0,0.42130047082901,0.57869952917099
1452492661,cal,0,0,0.44425660371780396,0.555743396282196
44534892,test,0,1,0.5238226652145386,0.5238226652145386
1261259487,test,0,1,0.5329257249832153,0.5329257249832153
184348571,test,0,0,0.4031001627445221,0.5968998670578003
1431029003,test,0,0,0.4539019763469696,0.546097993850708
690318599,cal,0,1,0.5265200734138489,0.5265200734138489
2087736309,cal,0,1,0.5375655889511108,0.5375655889511108
1295361113,cal,0,0,0.3950802683830261,0.6049197316169739
1776520698,cal,0,0,0.40491509437561035,0.5950849056243896
652276710,cal,0,0,0.4435790777206421,0.5564209222793579
959222524,cal,0,1,0.5284721851348877,0.5284721851348877
1273492941,cal,0,0,0.4028569757938385,0.5971430540084839
1654201480,cal,0,0,0.4080137610435486,0.5919862389564514
926781722,cal,0,1,0.6011253595352173,0.6011253595352173
1802156607,cal,0,1,0.5224803686141968,0.5224803686141968
1912137187,cal,0,0,0.4817452132701874,0.5182547569274902
236076976,cal,0,0,0.3962448537349701,0.6037551164627075
438067442,cal,0,0,0.4000067114830017,0.5999932885169983
1769835874,cal,0,0,0.4485805928707123,0.5514193773269653
1935819813,cal,0,1,0.558803915977478,0.558803915977478
2017269021,cal,0,1,0.5719791054725647,0.5719791054725647
1870717124,cal,0,0,0.4488919973373413,0.5511080026626587
1897384644,cal,0,0,0.41533806920051575,0.5846619606018066
83297018,test,0,1,0.5554105043411255,0.5554105043411255
1267661046,test,0,1,0.5720993876457214,0.5720993876457214
743492847,test,1,0,0.4192834794521332,0.5807164907455444
2124992327,test,1,0,0.442943811416626,0.557056188583374
1136102800,cal,0,0,0.4958345293998718,0.5041654706001282
1679578878,cal,0,0,0.45860978960990906,0.5413901805877686
2116351524,cal,0,0,0.43991246819496155,0.5600875616073608
1107015612,cal,1,1,0.5707817673683167,0.5707817673683167
1222690536,cal,1,1,0.5344856381416321,0.5344856381416321
273818953,cal,0,1,0.5519404411315918,0.5519404411315918
1745959442,cal,0,0,0.4671521484851837,0.5328478813171387
409677805,cal,0,0,0.40743210911750793,0.5925679206848145
903164347,cal,0,0,0.41208988428115845,0.5879101157188416
1377320225,cal,0,0,0.40468886494636536,0.595311164855957
563701362,test,1,1,0.5990995764732361,0.5990995764732361
580531781,test,1,1,0.5633200407028198,0.5633200407028198
294027416,test,1,0,0.40574777126312256,0.5942522287368774
1056814723,test,1,0,0.4514199495315552,0.5485800504684448
243894962,test,0,0,0.44874072074890137,0.5512592792510986
388852576,test,0,0,0.39051538705825806,0.6094846129417419
2023635786,test,0,0,0.4018893241882324,0.5981106758117676
256514942,test,0,1,0.5291334390640259,0.5291334390640259
1141954753,test,0,1,0.5897139310836792,0.5897139310836792
1169381738,test,0,1,0.5989639163017273,0.5989639163017273
468265579,cal,1,1,0.5869407653808594,0.5869407653808594
871365777,cal,1,1,0.5809258222579956,0.5809258222579956
1790818978,cal,1,1,0.5393365621566772,0.5393365621566772
132643082,cal,0,0,0.42169618606567383,0.5783038139343262
326771787,cal,0,0,0.45262598991394043,0.5473740100860596
842493553,cal,0,1,0.5690038800239563,0.5690038800239563
1263262672,cal,0,1,0.5540184378623962,0.5540184378623962
1911885035,cal,0,1,0.5310402512550354,0.5310402512550354
285788128,cal,1,0,0.40116727352142334,0.5988327264785767
863419705,cal,1,0,0.4114017188549042,0.5885982513427734
17650772,cal,0,0,0.4545150399208069,0.5454849600791931
745242511,cal,0,0,0.4389009177684784,0.5610990524291992
1484733628,cal,0,0,0.47215980291366577,0.5278401970863342
239555629,cal,0,0,0.4940665662288666,0.505933403968811
1413931228,cal,0,1,0.5115219950675964,0.5115219950675964
1505342031,cal,0,1,0.5891158580780029,0.5891158580780029
495378265,cal,0,1,0.567198634147644,0.567198634147644
705550992,cal,0,1,0.6055219173431396,0.6055219173431396
1112281356,cal,0,1,0.5856250524520874,0.5856250524520874
589355252,cal,0,0,0.4232739806175232,0.5767260193824768
1222390337,cal,0,0,0.4343169629573822,0.5656830072402954
1771134977,cal,0,0,0.43693608045578003,0.56306391954422
443577437,test,0,0,0.47479623556137085,0.5252037644386292
598419911,test,0,1,0.5454760789871216,0.5454760789871216
11913693,test,0,0,0.40134167671203613,0.5986583232879639
1212754999,test,0,0,0.41362056136131287,0.5863794088363647
90632830,cal,0,1,0.5600329637527466,0.5600329637527466
301869230,cal,0,1,0.5717617869377136,0.5717617869377136
1417015097,cal,0,0,0.4473414719104767,0.5526585578918457
1867073785,cal,0,0,0.4608546793460846,0.5391453504562378
1498517690,cal,0,1,0.5842711925506592,0.5842711925506592
1845964323,cal,0,1,0.5556051731109619,0.5556051731109619
769817234,cal,0,0,0.45325520634651184,0.5467448234558105
1423692450,cal,0,0,0.47645848989486694,0.5235415101051331
1972490697,cal,0,0,0.4575546681880951,0.5424453020095825
139697242,cal,0,1,0.5558347702026367,0.5558347702026367
1227572486,cal,0,1,0.5439300537109375,0.5439300537109375
199562107,cal,0,0,0.413531631231308,0.5864683389663696
1067877897,cal,0,0,0.4066973626613617,0.5933026075363159
1554654033,cal,1,1,0.5249542593955994,0.5249542593955994
1864697707,cal,1,1,0.5353164672851562,0.5353164672851562
734858564,cal,0,0,0.4294823110103607,0.5705176591873169
829415917,cal,0,0,0.40363946557044983,0.5963605642318726
578590510,cal,0,1,0.5261037945747375,0.5261037945747375
1092804467,cal,0,0,0.47262564301490784,0.5273743867874146
731725289,cal,0,0,0.41010478138923645,0.5898952484130859
1282639769,cal,0,0,0.43449971079826355,0.5655002593994141
185891621,test,0,0,0.4474218189716339,0.5525782108306885
203342584,test,0,0,0.43506714701652527,0.5649328231811523
969117663,test,0,0,0.4243372678756714,0.5756627321243286
31042607,test,0,1,0.5199105739593506,0.5199105739593506
1082382500,test,0,1,0.5836438536643982,0.5836438536643982
1519364084,cal,0,1,0.5294110178947449,0.5294110178947449
1726246161,cal,0,1,0.5249970555305481,0.5249970555305481
305281273,cal,0,0,0.40391358733177185,0.5960863828659058
617958555,cal,0,0,0.42802292108535767,0.5719770789146423
1274179536,cal,0,1,0.58573317527771,0.58573317527771
1914259253,cal,0,1,0.6125362515449524,0.6125362515449524
631827600,cal,0,0,0.43607059121131897,0.5639294385910034
1857470108,cal,0,0,0.4709084630012512,0.5290915369987488
66441073,cal,0,0,0.45026692748069763,0.54973304271698
875591935,cal,0,0,0.41770878434181213,0.5822912454605103
705325789,cal,0,1,0.5503103733062744,0.5503103733062744
1646635099,cal,0,1,0.5532456040382385,0.5532456040382385
1080832233,cal,0,1,0.5225508809089661,0.5225508809089661
1588925280,cal,0,1,0.5765652656555176,0.5765652656555176
132376019,cal,0,0,0.4020031690597534,0.5979968309402466
408162584,cal,0,0,0.394819974899292,0.605180025100708
1207797235,cal,0,0,0.4596644639968872,0.5403355360031128
24011738,cal,0,1,0.5283621549606323,0.5283621549606323
542158564,cal,0,1,0.6096277236938477,0.6096277236938477
1227145819,cal,0,1,0.5613712072372437,0.5613712072372437
1542713553,cal,0,1,0.5122266411781311,0.5122266411781311
54649644,cal,0,0,0.4031413793563843,0.5968586206436157
108779245,cal,0,0,0.4627736806869507,0.5372263193130493
545232657,cal,0,0,0.48583781719207764,0.5141621828079224
1071683632,cal,0,0,0.40394192934036255,0.5960580706596375
244544261,cal,0,1,0.5534431338310242,0.5534431338310242
1964072705,cal,0,1,0.5250595808029175,0.5250595808029175
1177297860,cal,0,0,0.42542099952697754,0.5745790004730225
1310976956,cal,0,0,0.4262303113937378,0.5737696886062622
1432190374,test,0,1,0.5680919885635376,0.5680919885635376
1486813355,test,0,1,0.5570574402809143,0.5570574402809143
1469977784,test,0,0,0.4484844207763672,0.5515155792236328
1935969791,test,0,0,0.41900527477264404,0.580994725227356
170841218,test,0,1,0.5842611789703369,0.5842611789703369
1490620570,test,0,1,0.5579640865325928,0.5579640865325928
1945752668,test,0,1,0.5565992593765259,0.5565992593765259
886577792,test,0,0,0.4431215822696686,0.5568784475326538
1615735320,test,0,0,0.4545937776565552,0.5454062223434448
119224608,cal,0,0,0.41975200176239014,0.5802479982376099
1311590775,cal,0,0,0.45503491163253784,0.5449650883674622
1376184883,cal,0,0,0.43708112835884094,0.5629189014434814
837570216,cal,0,1,0.5789862871170044,0.5789862871170044
937966187,cal,0,1,0.5531641840934753,0.5531641840934753
964467610,cal,0,1,0.5133346319198608,0.5133346319198608
1093388634,cal,0,1,0.5746802091598511,0.5746802091598511
2063255254,cal,0,1,0.537725567817688,0.537725567817688
732234307,cal,0,0,0.45142194628715515,0.5485780239105225
906849697,cal,0,0,0.42464980483055115,0.5753501653671265
328463145,test,0,0,0.48307734727859497,0.516922652721405
837394690,test,0,0,0.48307734727859497,0.516922652721405
204293901,test,0,0,0.48307734727859497,0.516922652721405
481027105,test,0,0,0.48307734727859497,0.516922652721405
304298881,cal,1,1,0.5737961530685425,0.5737961530685425
2011952980,cal,1,1,0.5239619612693787,0.5239619612693787
1805960581,cal,0,0,0.45442867279052734,0.5455713272094727
1863697228,cal,0,0,0.4278613328933716,0.5721386671066284
195858668,test,0,0,0.49081283807754517,0.5091871619224548
1916876652,test,0,1,0.5364311933517456,0.5364311933517456
1105099996,test,1,0,0.4064747095108032,0.5935252904891968
2049297215,test,1,0,0.39550942182540894,0.6044905781745911
1270560107,cal,0,1,0.5450462102890015,0.5450462102890015
1846522644,cal,0,1,0.5740403532981873,0.5740403532981873
503083752,cal,0,0,0.4059485197067261,0.5940514802932739
1685883722,cal,0,0,0.415078341960907,0.584921658039093
1873228678,cal,0,1,0.58719402551651,0.58719402551651
1978625257,cal,0,1,0.6037911772727966,0.6037911772727966
191189759,cal,0,0,0.45439016819000244,0.5456098318099976
310935708,cal,0,0,0.4096265733242035,0.5903733968734741
471448010,cal,0,1,0.5516303777694702,0.5516303777694702
1732410143,cal,0,1,0.5261322855949402,0.5261322855949402
1026902271,cal,0,0,0.40344712138175964,0.596552848815918
1749988261,cal,0,0,0.4056476950645447,0.5943523049354553
643386592,cal,0,1,0.5593052506446838,0.5593052506446838
816040958,cal,0,1,0.5122339129447937,0.5122339129447937
937626585,cal,0,0,0.39379948377609253,0.6062005162239075
1495980950,cal,0,0,0.44680649042129517,0.5531935095787048
36761620,cal,0,1,0.5129327774047852,0.5129327774047852
1296200059,cal,0,1,0.559662938117981,0.559662938117981
767152877,cal,0,0,0.40416213870048523,0.5958378314971924
1718354067,cal,0,0,0.4189985692501068,0.5810014009475708
903170052,test,0,0,0.4826105833053589,0.5173894166946411
1267741231,test,0,1,0.5547335147857666,0.5547335147857666
410772639,test,0,0,0.41274020075798035,0.5872597694396973
1360041840,test,0,0,0.4081192910671234,0.5918806791305542
1074189754,cal,0,1,0.5169504880905151,0.5169504880905151
1681538528,cal,0,1,0.529546320438385,0.529546320438385
1867906724,cal,0,1,0.5265395641326904,0.5265395641326904
976873580,cal,0,0,0.39641401171684265,0.603585958480835
1450064231,cal,0,0,0.4498977065086365,0.5501022934913635
996883845,cal,0,1,0.5794474482536316,0.5794474482536316
2038045719,cal,0,1,0.5293849110603333,0.5293849110603333
1118146519,cal,0,0,0.4068766236305237,0.5931233763694763
1459449795,cal,0,0,0.4341178238391876,0.5658822059631348
912203926,cal,0,1,0.5181492567062378,0.5181492567062378
1294484258,cal,0,1,0.5282847285270691,0.5282847285270691
236671068,cal,0,0,0.39640218019485474,0.6035978198051453
1833893784,cal,0,0,0.4182558059692383,0.5817441940307617
1188948682,cal,0,0,0.45132601261138916,0.5486739873886108
1923728788,cal,0,0,0.3946481943130493,0.6053518056869507
899252395,cal,0,0,0.47868630290031433,0.5213136672973633
1935638479,cal,0,0,0.47404295206069946,0.5259570479393005
176172857,cal,0,0,0.4836712181568146,0.5163288116455078
280167768,cal,0,1,0.5165990591049194,0.5165990591049194
456813571,cal,0,0,0.4067845940589905,0.5932154059410095
1664220717,cal,0,0,0.4203365743160248,0.5796633958816528
1831489158,cal,0,0,0.43555527925491333,0.5644447207450867
831123589,cal,1,1,0.5684618353843689,0.5684618353843689
867600582,cal,1,1,0.5764017701148987,0.5764017701148987
1904686812,cal,1,1,0.5489641427993774,0.5489641427993774
12162702,cal,0,0,0.43627190589904785,0.5637280941009521
130702583,cal,0,0,0.4627165198326111,0.5372834801673889
1059612110,cal,0,0,0.45500051975250244,0.5449994802474976
1921583476,cal,0,0,0.4304106831550598,0.5695893168449402
1155521173,cal,0,1,0.6259811520576477,0.6259811520576477
1520568884,cal,0,1,0.5915682315826416,0.5915682315826416
311077405,cal,0,0,0.4086619019508362,0.5913380980491638
1619153940,cal,0,0,0.43459317088127136,0.5654067993164062
666238546,test,1,1,0.5499027371406555,0.5499027371406555
952421687,test,1,1,0.5433346033096313,0.5433346033096313
10703505,test,0,0,0.4383816421031952,0.5616183280944824
1410756392,test,0,0,0.42124807834625244,0.5787519216537476
171623246,test,0,0,0.40724048018455505,0.5927594900131226
1157550149,test,0,0,0.44677025079727173,0.5532297492027283
1453039537,test,0,0,0.4111088216304779,0.5888911485671997
1046576701,test,1,1,0.5321822166442871,0.5321822166442871
1236793229,test,1,1,0.5940396785736084,0.5940396785736084
642878475,cal,0,0,0.40637362003326416,0.5936263799667358
1174434605,cal,0,0,0.40002816915512085,0.5999718308448792
1147321284,cal,0,1,0.5364740490913391,0.5364740490913391
1867263527,cal,0,1,0.5168594121932983,0.5168594121932983
576409968,cal,0,0,0.4449075758457184,0.555092453956604
2025868478,cal,0,0,0.45430803298950195,0.545691967010498
903198579,cal,0,1,0.5865769982337952,0.5865769982337952
1966954142,cal,0,1,0.5556579232215881,0.5556579232215881
601658035,test,0,1,0.5700899362564087,0.5700899362564087
1173523152,test,0,1,0.5066996216773987,0.5066996216773987
706962921,test,0,0,0.3986431956291199,0.6013568043708801
1847230108,test,0,0,0.40062958002090454,0.5993704199790955
351625203,cal,0,1,0.5942313075065613,0.5942313075065613
1400217976,cal,0,1,0.566961944103241,0.566961944103241
2024828753,cal,0,1,0.5816444158554077,0.5816444158554077
949184823,cal,0,1,0.5904933214187622,0.5904933214187622
1108829334,cal,0,1,0.5752723217010498,0.5752723217010498
1555219451,cal,0,1,0.5655009150505066,0.5655009150505066
50066296,test,0,1,0.5125827789306641,0.5125827789306641
1674866478,test,0,1,0.5232018828392029,0.5232018828392029
1706291755,test,0,1,0.535162627696991,0.535162627696991
1904476556,test,0,1,0.5258857011795044,0.5258857011795044
2118245913,test,0,1,0.5556135773658752,0.5556135773658752
213980002,test,0,1,0.5369281768798828,0.5369281768798828
1379888811,test,0,0,0.4856971800327301,0.5143028497695923
1819124835,test,0,1,0.5041301250457764,0.5041301250457764
1639171991,cal,0,1,0.5815709233283997,0.5815709233283997
1977553347,cal,0,1,0.5966132879257202,0.5966132879257202
947756926,cal,0,1,0.5873525738716125,0.5873525738716125
1444965796,cal,0,1,0.6016103625297546,0.6016103625297546
201607428,cal,0,0,0.488287091255188,0.511712908744812
1144570064,cal,0,0,0.45537111163139343,0.5446288585662842
53344647,cal,0,0,0.48490235209465027,0.5150976181030273
995407598,cal,0,0,0.45751750469207764,0.5424824953079224
297282638,test,0,1,0.6076036691665649,0.6076036691665649
896073754,test,0,1,0.624776303768158,0.624776303768158
74701004,test,0,1,0.6254117488861084,0.6254117488861084
1354254984,test,0,1,0.6076511740684509,0.6076511740684509
865830083,test,0,1,0.5148151516914368,0.5148151516914368
1004606017,test,0,1,0.5023237466812134,0.5023237466812134
499867185,test,0,1,0.5114055275917053,0.5114055275917053
531089938,test,0,1,0.506156325340271,0.506156325340271
506136154,test,0,0,0.46979495882987976,0.5302050113677979
1175938208,test,0,0,0.476764053106308,0.5232359170913696
643125610,test,1,0,0.46049758791923523,0.5395023822784424
867536598,test,1,0,0.48272112011909485,0.5172789096832275
1001934603,cal,0,1,0.6263256669044495,0.6263256669044495
1869378096,cal,0,1,0.6099306344985962,0.6099306344985962
523113456,cal,0,1,0.6100227236747742,0.6100227236747742
557433962,cal,0,1,0.6116114258766174,0.6116114258766174
1079380797,cal,0,1,0.6127474308013916,0.6127474308013916
1232752113,cal,0,1,0.6111845374107361,0.6111845374107361
1050345861,test,0,1,0.514031171798706,0.514031171798706
1192705244,test,0,1,0.5233696699142456,0.5233696699142456
1990429390,test,0,1,0.5213163495063782,0.5213163495063782
491155635,test,0,1,0.5048399567604065,0.5048399567604065
655534116,test,0,1,0.526864230632782,0.526864230632782
974420536,test,0,1,0.5000572204589844,0.5000572204589844
17389378,cal,0,1,0.5598310232162476,0.5598310232162476
454442158,cal,0,1,0.6012950539588928,0.6012950539588928
240718488,cal,0,1,0.5722220540046692,0.5722220540046692
1208724837,cal,0,1,0.5716282725334167,0.5716282725334167
440034773,cal,1,1,0.5577428936958313,0.5577428936958313
689138199,cal,1,1,0.5849838256835938,0.5849838256835938
469973535,cal,0,1,0.561168909072876,0.561168909072876
1309747697,cal,0,1,0.5950843095779419,0.5950843095779419
2047519298,cal,0,1,0.5854836106300354,0.5854836106300354
550166803,cal,0,1,0.5230345726013184,0.5230345726013184
1895382039,cal,0,0,0.4568714201450348,0.5431286096572876
1900007287,cal,1,0,0.39341920614242554,0.6065807938575745
1949604033,cal,1,0,0.40153932571411133,0.5984606742858887
636978218,cal,0,1,0.5457093119621277,0.5457093119621277
1830168461,cal,0,1,0.5281408429145813,0.5281408429145813
671590918,cal,0,1,0.568395733833313,0.568395733833313
764819606,cal,0,1,0.5593785643577576,0.5593785643577576
976572825,test,0,1,0.5783166289329529,0.5783166289329529
1634217451,test,0,1,0.5838709473609924,0.5838709473609924
1167879870,test,0,1,0.5812268853187561,0.5812268853187561
1723511719,test,0,1,0.5822155475616455,0.5822155475616455
313666471,cal,0,0,0.4805206060409546,0.5194793939590454
1446580005,cal,0,0,0.4526880383491516,0.5473119616508484
230474701,cal,0,0,0.479017049074173,0.5209829807281494
915273596,cal,0,0,0.45857474207878113,0.5414252281188965
137087280,cal,0,1,0.5918396711349487,0.5918396711349487
583621111,cal,0,1,0.585457444190979,0.585457444190979
656330523,cal,0,1,0.570200502872467,0.570200502872467
1603828499,cal,0,1,0.6099160313606262,0.6099160313606262
1870570286,cal,0,1,0.5800912976264954,0.5800912976264954
5186053,cal,0,1,0.6012369990348816,0.6012369990348816
914840750,cal,0,1,0.5738023519515991,0.5738023519515991
1494457072,cal,0,1,0.5755248069763184,0.5755248069763184
1804333793,cal,0,1,0.5930493474006653,0.5930493474006653
2067448009,cal,0,1,0.5875009894371033,0.5875009894371033
959866482,cal,0,0,0.497802197933197,0.502197802066803
1023793728,cal,0,0,0.4780478775501251,0.5219521522521973
254423460,cal,0,0,0.48819494247436523,0.5118050575256348
1235887434,cal,0,0,0.4869360029697418,0.5130640268325806
571703051,cal,0,0,0.49488431215286255,0.5051156878471375
630465271,cal,0,0,0.47501155734062195,0.5249884128570557
673252343,cal,0,0,0.49317002296447754,0.5068299770355225
1049136472,cal,0,0,0.47973203659057617,0.5202679634094238
1179214454,cal,0,0,0.4999004900455475,0.5000995397567749
840375434,test,0,1,0.596908450126648,0.596908450126648
2100967896,test,0,1,0.6156446933746338,0.6156446933746338
941274383,test,0,1,0.6213755011558533,0.6213755011558533
1006334226,test,0,1,0.5993331670761108,0.5993331670761108
158479018,test,0,1,0.5135787725448608,0.5135787725448608
586031106,test,0,1,0.5100612640380859,0.5100612640380859
824730360,test,0,1,0.5164624452590942,0.5164624452590942
1781894282,test,0,1,0.5077077746391296,0.5077077746391296
4596707,cal,1,1,0.6212077140808105,0.6212077140808105
1090520916,cal,1,1,0.6307715177536011,0.6307715177536011
1301601300,cal,1,1,0.6308587789535522,0.6308587789535522
1943278681,cal,1,1,0.6373951435089111,0.6373951435089111
811924383,cal,1,1,0.6214803457260132,0.6214803457260132
1065008946,cal,1,1,0.6106618642807007,0.6106618642807007
1423935903,cal,1,1,0.6167271733283997,0.6167271733283997
870383531,cal,0,1,0.5723987817764282,0.5723987817764282
1604336296,cal,0,1,0.5713052749633789,0.5713052749633789
1504787289,cal,0,1,0.5790805220603943,0.5790805220603943
1925546154,cal,0,1,0.5825880169868469,0.5825880169868469
731552454,cal,0,1,0.5405731797218323,0.5405731797218323
1595504595,cal,0,0,0.49826493859291077,0.5017350912094116
723423923,cal,0,1,0.5100002884864807,0.5100002884864807
1425686591,cal,0,1,0.5128771662712097,0.5128771662712097
1846320694,cal,0,1,0.5089489221572876,0.5089489221572876
887862453,cal,0,1,0.6007306575775146,0.6007306575775146
1878001809,cal,0,1,0.5956437587738037,0.5956437587738037
130979147,cal,1,1,0.5997483134269714,0.5997483134269714
1801374924,cal,1,1,0.6002299785614014,0.6002299785614014
465198714,cal,0,0,0.4790291488170624,0.5209708213806152
1312257531,cal,0,1,0.5165139436721802,0.5165139436721802
1686183485,cal,0,1,0.5079708099365234,0.5079708099365234
217479749,cal,0,0,0.49976980686187744,0.5002301931381226
1315940354,cal,0,0,0.4763774573802948,0.5236225128173828
1705587598,cal,0,1,0.5165056586265564,0.5165056586265564
1097132540,cal,1,1,0.5811759829521179,0.5811759829521179
1329486486,cal,1,1,0.5584056973457336,0.5584056973457336
147113586,cal,0,1,0.5493384003639221,0.5493384003639221
942325715,cal,0,1,0.5431790947914124,0.5431790947914124
333836128,cal,0,0,0.4654259979724884,0.534574031829834
1295768460,cal,0,0,0.46016210317611694,0.5398378968238831
643091774,cal,0,0,0.3994382619857788,0.6005617380142212
1293978206,cal,0,0,0.4395812749862671,0.5604187250137329
798460495,cal,0,1,0.5529264211654663,0.5529264211654663
1258699624,cal,0,1,0.5526697039604187,0.5526697039604187
538102768,cal,0,1,0.561558723449707,0.561558723449707
1890742615,cal,0,1,0.5626749396324158,0.5626749396324158
339798382,cal,0,1,0.5465922355651855,0.5465922355651855
1295528398,cal,0,1,0.5874150991439819,0.5874150991439819
37549957,cal,0,1,0.5781273245811462,0.5781273245811462
814302857,cal,0,1,0.571514904499054,0.571514904499054
47292439,cal,0,0,0.4987233281135559,0.5012766718864441
852775356,cal,0,0,0.4785948693752289,0.5214051008224487
599842250,cal,0,0,0.48272547125816345,0.5172744989395142
630780627,cal,0,1,0.5002159476280212,0.5002159476280212
310530469,cal,1,0,0.4208868443965912,0.5791131258010864
2039865970,cal,1,0,0.4550904631614685,0.5449095368385315
876905912,cal,0,1,0.5450462698936462,0.5450462698936462
1439679972,cal,0,1,0.5294980406761169,0.5294980406761169
104725026,cal,0,1,0.513353168964386,0.513353168964386
1097782313,cal,0,0,0.4594021141529083,0.5405979156494141
489190929,cal,0,1,0.5062483549118042,0.5062483549118042
1710419413,cal,0,0,0.4613567590713501,0.5386432409286499
1012060797,cal,0,0,0.4535366892814636,0.5464633107185364
1013272926,cal,0,0,0.4714380204677582,0.5285619497299194
1010439413,cal,0,0,0.47581246495246887,0.5241875648498535
1545218000,cal,0,0,0.4615299701690674,0.5384700298309326
373418221,test,0,1,0.5532370805740356,0.5532370805740356
980414212,test,0,0,0.395156592130661,0.6048433780670166
468064913,test,0,0,0.39611753821372986,0.6038824319839478
625377150,test,0,1,0.5351621508598328,0.5351621508598328
46878815,cal,0,1,0.5725024342536926,0.5725024342536926
1534261298,cal,0,1,0.5628491640090942,0.5628491640090942
797729970,cal,0,1,0.565840482711792,0.565840482711792
1843966318,cal,0,1,0.5794552564620972,0.5794552564620972
1509139440,test,0,0,0.4661090672016144,0.533890962600708
2073820963,test,0,1,0.5180997252464294,0.5180997252464294
1862703890,test,0,0,0.47234663367271423,0.5276533365249634
1962433606,test,0,1,0.5083353519439697,0.5083353519439697
313182205,cal,0,1,0.5006236433982849,0.5006236433982849
2059332617,cal,0,1,0.5140640139579773,0.5140640139579773
359410081,cal,0,0,0.4792364835739136,0.5207635164260864
1307476428,cal,0,0,0.46596062183380127,0.5340393781661987
1365261165,test,0,0,0.48100683093070984,0.5189931392669678
2031276945,test,0,0,0.47811880707740784,0.5218812227249146
350657516,test,1,1,0.5090023875236511,0.5090023875236511
1049593814,test,1,0,0.480847030878067,0.5191529989242554
987608883,cal,0,1,0.5147488117218018,0.5147488117218018
1381301096,cal,0,1,0.5115614533424377,0.5115614533424377
122302527,cal,0,1,0.507209062576294,0.507209062576294
603642288,cal,0,1,0.5062581300735474,0.5062581300735474
1576672425,cal,0,1,0.5087403655052185,0.5087403655052185
1628165470,cal,0,1,0.5220419764518738,0.5220419764518738
300507122,cal,0,1,0.5111494660377502,0.5111494660377502
1168635610,cal,0,1,0.508441150188446,0.508441150188446
571898419,cal,0,0,0.4971553683280945,0.5028446316719055
583213516,cal,0,0,0.4870103895664215,0.5129896402359009
187007980,cal,0,0,0.4778321385383606,0.5221678614616394
711883901,cal,0,0,0.47303926944732666,0.5269607305526733
620240791,cal,0,0,0.47480905055999756,0.5251909494400024
2067189673,cal,0,1,0.5219331383705139,0.5219331383705139
420324769,cal,0,0,0.48991894721984863,0.5100810527801514
916784015,cal,0,0,0.4976149797439575,0.5023850202560425
149333672,cal,0,0,0.4684067368507385,0.5315932631492615
280632605,cal,0,0,0.44026413559913635,0.559735894203186
972385076,cal,0,0,0.42544248700141907,0.5745575428009033
1427107821,cal,0,0,0.4973598122596741,0.5026401877403259
1457913244,cal,0,0,0.46310070157051086,0.5368993282318115
584324014,cal,0,0,0.4243529438972473,0.5756470561027527
1072895377,cal,0,0,0.46402743458747864,0.5359725952148438
1729521289,cal,0,0,0.451633095741272,0.548366904258728
2094326105,cal,0,0,0.4715236723423004,0.528476357460022
2129194215,cal,0,0,0.49924713373184204,0.500752866268158
1701840479,test,0,0,0.4812122881412506,0.5187877416610718
2025145279,test,0,0,0.4891785681247711,0.5108214616775513
591547665,test,0,0,0.4913899302482605,0.5086100697517395
1352564304,test,0,0,0.42693740129470825,0.5730625987052917
1424491667,cal,0,1,0.586563766002655,0.586563766002655
1489383667,cal,0,1,0.6010505557060242,0.6010505557060242
2079768887,cal,0,1,0.5930604934692383,0.5930604934692383
2086010620,cal,0,1,0.6052747964859009,0.6052747964859009
1780836504,test,1,0,0.4479212462902069,0.5520787239074707
1858565402,test,1,0,0.4485403001308441,0.5514596700668335
229450620,test,0,0,0.4561585485935211,0.5438414812088013
1946261601,test,0,0,0.4709300398826599,0.5290699601173401
1409992960,cal,0,1,0.5113027691841125,0.5113027691841125
1582096860,cal,0,1,0.5434121489524841,0.5434121489524841
1125049439,cal,0,1,0.5343112349510193,0.5343112349510193
1709177141,cal,0,1,0.5186411738395691,0.5186411738395691
1435450494,cal,0,1,0.5860989689826965,0.5860989689826965
2142268393,cal,0,1,0.6001507043838501,0.6001507043838501
7129514,cal,0,1,0.5572484731674194,0.5572484731674194
323543628,cal,0,1,0.6124498248100281,0.6124498248100281
1652759792,cal,0,1,0.592167854309082,0.592167854309082
1280725277,test,1,1,0.630571186542511,0.630571186542511
1966039444,test,1,1,0.6379699110984802,0.6379699110984802
1125158652,test,1,1,0.6261798739433289,0.6261798739433289
1170164046,test,1,1,0.6322202682495117,0.6322202682495117
354868947,cal,0,0,0.49046269059181213,0.5095373392105103
499634877,cal,0,1,0.5066298246383667,0.5066298246383667
607370759,cal,0,0,0.48900967836380005,0.5109903216362
717063392,cal,0,1,0.5040210485458374,0.5040210485458374
958493863,cal,0,0,0.49211379885673523,0.5078861713409424
22720331,cal,0,0,0.4861534535884857,0.5138465166091919
561626054,cal,0,0,0.46737638115882874,0.5326236486434937
140158412,cal,0,0,0.4800717234611511,0.5199282765388489
1094863283,cal,0,1,0.5031658411026001,0.5031658411026001
420002524,cal,1,1,0.577923595905304,0.577923595905304
631425834,cal,1,1,0.5896287560462952,0.5896287560462952
2022422363,cal,1,1,0.5869115591049194,0.5869115591049194
638374411,cal,0,1,0.5765547156333923,0.5765547156333923
1386352377,cal,0,1,0.5799041390419006,0.5799041390419006
1577699609,cal,0,1,0.5839049220085144,0.5839049220085144
851000290,cal,0,0,0.4898269474506378,0.5101730823516846
1481837831,cal,0,1,0.513249397277832,0.513249397277832
831671840,cal,1,1,0.5054751038551331,0.5054751038551331
1291014447,cal,1,0,0.47860124707221985,0.5213987827301025
153528412,test,0,0,0.48290854692459106,0.5170914530754089
615499892,test,0,0,0.4851514995098114,0.5148484706878662
773172645,test,0,0,0.4933333098888397,0.5066666603088379
1313532887,test,0,0,0.46843481063842773,0.5315651893615723
317479962,cal,0,1,0.5801892876625061,0.5801892876625061
497041821,cal,0,1,0.5885540843009949,0.5885540843009949
755489447,cal,0,1,0.5757924914360046,0.5757924914360046
1150484635,cal,0,1,0.5931764841079712,0.5931764841079712
1286807801,cal,0,1,0.5839067697525024,0.5839067697525024
1335869876,cal,0,1,0.5909170508384705,0.5909170508384705
343846368,cal,0,1,0.5757635831832886,0.5757635831832886
674811778,cal,0,1,0.559334397315979,0.559334397315979
1775147448,cal,0,1,0.5878796577453613,0.5878796577453613
1951049382,cal,0,1,0.5793598890304565,0.5793598890304565
1182251984,cal,0,1,0.5357479453086853,0.5357479453086853
1402481051,cal,0,1,0.5496775507926941,0.5496775507926941
1455822477,cal,0,1,0.5423651337623596,0.5423651337623596
880971379,cal,1,1,0.5244125127792358,0.5244125127792358
1381741782,cal,1,1,0.5529473423957825,0.5529473423957825
2124340393,cal,1,1,0.5373603701591492,0.5373603701591492
301959916,cal,0,1,0.5205873250961304,0.5205873250961304
1480395162,cal,0,0,0.4949800968170166,0.5050199031829834
1107814436,cal,0,1,0.5240994691848755,0.5240994691848755
2086274710,cal,0,0,0.4930647909641266,0.5069352388381958
94122110,cal,0,1,0.500446081161499,0.500446081161499
461159211,cal,0,1,0.5056596994400024,0.5056596994400024
600924094,cal,1,0,0.49825799465179443,0.5017420053482056
1472830410,cal,1,1,0.5128248929977417,0.5128248929977417
726691688,cal,0,0,0.4775083065032959,0.5224916934967041
804691037,cal,0,0,0.4744381904602051,0.5255618095397949
1009040271,cal,0,0,0.48887214064598083,0.5111278295516968
1214397975,cal,0,0,0.4993045926094055,0.5006954073905945
1549152097,cal,1,0,0.4845385253429413,0.5154614448547363
1550453835,cal,1,0,0.4912392497062683,0.5087607502937317
14033800,cal,0,0,0.48160526156425476,0.5183947086334229
1663134796,cal,0,0,0.49958336353302,0.50041663646698
472531633,test,1,1,0.592355489730835,0.592355489730835
1260988250,test,1,1,0.5910789370536804,0.5910789370536804
595561131,test,0,1,0.5881819725036621,0.5881819725036621
1943964483,test,0,1,0.5761913061141968,0.5761913061141968
1839821365,cal,0,1,0.5159386396408081,0.5159386396408081
1956607031,cal,0,1,0.5444100499153137,0.5444100499153137
395813975,cal,0,0,0.45399758219718933,0.5460023880004883
1447449030,cal,0,0,0.480667382478714,0.5193326473236084
1598001440,cal,0,1,0.5375127792358398,0.5375127792358398
717966906,cal,0,0,0.4718892276287079,0.5281107425689697
1523660910,cal,0,0,0.4806695282459259,0.5193305015563965
1056239231,cal,0,0,0.4643731713294983,0.5356268286705017
2061542198,cal,0,0,0.4975399971008301,0.5024600028991699
316858828,cal,0,1,0.5792758464813232,0.5792758464813232
455894056,cal,0,1,0.6036717295646667,0.6036717295646667
138972646,cal,1,1,0.5973221063613892,0.5973221063613892
1055241270,cal,1,1,0.574529767036438,0.574529767036438
1275734041,cal,0,1,0.580517053604126,0.580517053604126
2073181720,cal,0,1,0.5798093676567078,0.5798093676567078
769477628,cal,1,1,0.5719050168991089,0.5719050168991089
1498981680,cal,1,1,0.5778856873512268,0.5778856873512268
861593656,test,1,1,0.5305432081222534,0.5305432081222534
1080436989,test,1,1,0.5677098035812378,0.5677098035812378
494633404,test,1,1,0.537649393081665,0.537649393081665
1328305941,test,1,1,0.5684168934822083,0.5684168934822083
1173098105,test,0,0,0.49806493520736694,0.5019350647926331
1563229460,test,0,0,0.4956209063529968,0.5043790936470032
13286173,test,0,0,0.4683525264263153,0.5316474437713623
278275963,test,0,0,0.4776090979576111,0.5223909020423889
372216907,cal,0,0,0.49060145020484924,0.5093985795974731
526733088,cal,0,1,0.5001345872879028,0.5001345872879028
633187487,cal,1,1,0.5048484802246094,0.5048484802246094
1702618917,cal,1,1,0.5109686851501465,0.5109686851501465
391742324,cal,0,1,0.5811929106712341,0.5811929106712341
1467277632,cal,0,1,0.5580788254737854,0.5580788254737854
374616528,cal,0,1,0.5650748014450073,0.5650748014450073
1402037408,cal,0,1,0.5752831697463989,0.5752831697463989
809120662,cal,0,0,0.464420884847641,0.5355790853500366
1291493541,cal,0,1,0.5107530951499939,0.5107530951499939
1552996904,cal,0,0,0.47930657863616943,0.5206934213638306
1415477144,cal,1,0,0.48650020360946655,0.5134997963905334
1481189865,cal,1,0,0.4960840046405792,0.5039160251617432
1719804083,cal,1,0,0.3732013702392578,0.6267986297607422
209297544,test,0,1,0.6211286187171936,0.6211286187171936
2022230979,test,0,1,0.5874835848808289,0.5874835848808289
259014189,test,0,1,0.5948813557624817,0.5948813557624817
1295838199,test,0,1,0.6167075634002686,0.6167075634002686
313140650,cal,0,1,0.5645657181739807,0.5645657181739807
1853018019,cal,0,1,0.5615928769111633,0.5615928769111633
1319825889,cal,0,1,0.5700929164886475,0.5700929164886475
1944051567,cal,0,1,0.5394496917724609,0.5394496917724609
11107689,test,0,1,0.5081120729446411,0.5081120729446411
684928662,test,0,1,0.5422313809394836,0.5422313809394836
686173159,test,0,1,0.5210605263710022,0.5210605263710022
2012061654,test,0,0,0.4879741668701172,0.5120258331298828
29572234,cal,0,1,0.549963116645813,0.549963116645813
1491186309,cal,0,1,0.5457896590232849,0.5457896590232849
121335835,cal,0,1,0.5483548641204834,0.5483548641204834
1099163988,cal,0,1,0.5355941653251648,0.5355941653251648
519725893,test,0,1,0.505957841873169,0.505957841873169
819966938,test,0,0,0.4877084195613861,0.5122915506362915
657901621,test,0,1,0.5121678113937378,0.5121678113937378
1734670471,test,0,0,0.49870505928993225,0.5012949705123901
2133284836,cal,0,1,0.532629668712616,0.532629668712616
2143336172,cal,0,0,0.2837076485157013,0.7162923812866211
626175992,cal,0,0,0.2930477559566498,0.7069522142410278
1457141241,cal,0,0,0.39143526554107666,0.6085647344589233
507410283,cal,0,1,0.5083600878715515,0.5083600878715515
621217823,cal,0,1,0.5238620042800903,0.5238620042800903
1746141908,cal,0,1,0.5132220387458801,0.5132220387458801
2064988153,cal,0,1,0.5135895013809204,0.5135895013809204
1348387026,test,0,1,0.6124424934387207,0.6124424934387207
1648231131,test,0,1,0.6391973495483398,0.6391973495483398
1431366764,test,0,1,0.6040220856666565,0.6040220856666565
1453580908,test,0,1,0.6200817227363586,0.6200817227363586
999879746,test,0,0,0.49385470151901245,0.5061452984809875
1720754625,test,0,0,0.49618032574653625,0.5038197040557861
310511363,test,0,0,0.47491586208343506,0.5250841379165649
557657653,test,0,1,0.5014911890029907,0.5014911890029907
830534281,test,0,0,0.4706132709980011,0.5293867588043213
641341847,cal,0,0,0.48209360241889954,0.5179064273834229
1337565050,cal,0,0,0.48817557096481323,0.5118244290351868
51711952,cal,0,0,0.482119083404541,0.517880916595459
1614496303,cal,0,0,0.49662381410598755,0.5033761858940125
368581743,cal,0,1,0.5019327402114868,0.5019327402114868
515922744,cal,0,0,0.45185667276382446,0.5481433272361755
859390424,cal,0,0,0.4968411326408386,0.5031588673591614
1441714018,cal,0,0,0.47596490383148193,0.5240350961685181
1526547561,cal,0,0,0.2348925918340683,0.7651073932647705
333881445,cal,0,0,0.23379391431808472,0.7662060856819153
1447564537,cal,0,0,0.49639877676963806,0.5036011934280396
1519044208,cal,0,0,0.47120222449302673,0.5287977457046509
1899316554,cal,0,0,0.4348927140235901,0.5651072859764099
2129298049,cal,0,0,0.48020532727241516,0.5197947025299072
89078419,cal,0,1,0.5376622080802917,0.5376622080802917
1852576752,cal,0,1,0.5524135231971741,0.5524135231971741
762781849,cal,0,1,0.553740918636322,0.553740918636322
1882575059,cal,0,1,0.5651814341545105,0.5651814341545105
37180971,cal,0,1,0.520807683467865,0.520807683467865
451996944,cal,0,1,0.5097021460533142,0.5097021460533142
1066183342,cal,0,1,0.5179887413978577,0.5179887413978577
250721000,cal,0,1,0.5231587290763855,0.5231587290763855
1894719727,cal,0,1,0.5011491775512695,0.5011491775512695
656167971,cal,0,1,0.5961368680000305,0.5961368680000305
1150079627,cal,0,1,0.5988625288009644,0.5988625288009644
1248256981,cal,0,1,0.5705894231796265,0.5705894231796265
1750870783,cal,0,1,0.610039234161377,0.610039234161377
448674237,cal,0,1,0.5816500782966614,0.5816500782966614
655272468,cal,0,1,0.5830506682395935,0.5830506682395935
1847380970,cal,0,1,0.5605767369270325,0.5605767369270325
685676518,cal,0,1,0.5612246990203857,0.5612246990203857
751016694,cal,0,1,0.5655883550643921,0.5655883550643921
1402632864,cal,0,1,0.5772282481193542,0.5772282481193542
1162891402,test,0,1,0.5682808756828308,0.5682808756828308
1698178850,test,0,1,0.5640147924423218,0.5640147924423218
468699518,test,1,1,0.5630544424057007,0.5630544424057007
1803517827,test,1,1,0.5791671276092529,0.5791671276092529
75545464,cal,0,1,0.5109771490097046,0.5109771490097046
555102122,cal,0,0,0.4708106219768524,0.5291893482208252
834604161,cal,0,0,0.4707494378089905,0.5292505621910095
263700115,cal,0,0,0.46982988715171814,0.5301700830459595
485105280,cal,0,0,0.4736298620700836,0.5263701677322388
693854644,cal,0,1,0.5209563970565796,0.5209563970565796
1922546139,cal,0,1,0.5269964933395386,0.5269964933395386
2044128060,cal,0,1,0.5319992899894714,0.5319992899894714
1261209439,test,1,1,0.5595273971557617,0.5595273971557617
1998413734,test,1,1,0.5758411288261414,0.5758411288261414
262036594,test,0,1,0.5569244027137756,0.5569244027137756
1162418152,test,0,1,0.5472253561019897,0.5472253561019897
1380781635,cal,1,1,0.5899091362953186,0.5899091362953186
1491304433,cal,1,1,0.6073057055473328,0.6073057055473328
455750808,cal,0,1,0.6105542182922363,0.6105542182922363
1657048841,cal,0,1,0.5483199954032898,0.5483199954032898
1672699229,cal,0,1,0.5777857899665833,0.5777857899665833
1060449744,test,0,1,0.6233961582183838,0.6233961582183838
1665527327,test,0,1,0.5886530876159668,0.5886530876159668
13139179,test,1,1,0.6201073527336121,0.6201073527336121
2019080665,test,1,1,0.5870541334152222,0.5870541334152222
846218107,cal,0,1,0.5104270577430725,0.5104270577430725
1790151672,cal,0,0,0.47990724444389343,0.5200927257537842
429934661,cal,0,0,0.4773484170436859,0.5226515531539917
450955062,cal,0,1,0.5161028504371643,0.5161028504371643
85289435,cal,0,1,0.5133572816848755,0.5133572816848755
1184000077,cal,0,0,0.4913121163845062,0.5086878538131714
2043086705,cal,0,0,0.47976163029670715,0.5202383995056152
20967636,cal,0,0,0.480324387550354,0.519675612449646
1113085070,cal,0,0,0.48647722601890564,0.513522744178772
1614515310,cal,0,1,0.5915384292602539,0.5915384292602539
1883280237,cal,0,1,0.5880810618400574,0.5880810618400574
566650327,cal,0,1,0.5676705837249756,0.5676705837249756
1066954801,cal,0,1,0.5801324844360352,0.5801324844360352
1369160640,cal,0,1,0.593578577041626,0.593578577041626
1822850290,cal,0,1,0.5938988327980042,0.5938988327980042
2042705020,cal,0,1,0.5493093729019165,0.5493093729019165
1840741464,cal,0,1,0.5709584355354309,0.5709584355354309
1949196161,cal,0,1,0.5796476602554321,0.5796476602554321
788957103,cal,0,1,0.5293959379196167,0.5293959379196167
1529124986,cal,0,0,0.3434106707572937,0.6565893292427063
101316705,cal,0,0,0.39887717366218567,0.6011228561401367
1160156988,cal,0,1,0.5284901261329651,0.5284901261329651
1090924081,cal,0,1,0.5311704874038696,0.5311704874038696
1854440055,cal,0,1,0.5090449452400208,0.5090449452400208
45332126,cal,0,1,0.5304446220397949,0.5304446220397949
1246377572,cal,0,1,0.5041118860244751,0.5041118860244751
1506174240,cal,0,1,0.5105658769607544,0.5105658769607544
1521781455,cal,0,0,0.4635459780693054,0.5364540219306946
1591045518,cal,0,1,0.5012713074684143,0.5012713074684143
1690471539,cal,0,0,0.47124072909355164,0.528759241104126
1317701927,test,0,1,0.5331507325172424,0.5331507325172424
2111669812,test,0,1,0.5395569205284119,0.5395569205284119
388137441,test,0,1,0.5385584235191345,0.5385584235191345
1930786990,test,0,1,0.5431175231933594,0.5431175231933594
648693900,test,0,0,0.45741674304008484,0.5425832271575928
742213569,test,0,0,0.4565613567829132,0.5434386730194092
1648743430,test,0,0,0.4780842661857605,0.5219157338142395
466234609,test,0,0,0.47164759039878845,0.5283523797988892
795103604,test,0,0,0.4623667001724243,0.5376332998275757
2091824618,test,0,0,0.45716020464897156,0.542839765548706
257951788,test,0,1,0.5698456764221191,0.5698456764221191
1452627707,test,0,1,0.5556038022041321,0.5556038022041321
903389768,test,0,1,0.5653002262115479,0.5653002262115479
1442760580,test,0,1,0.569217324256897,0.569217324256897
564804986,cal,0,0,0.4913105070590973,0.5086895227432251
1927305776,cal,0,1,0.5183275938034058,0.5183275938034058
193658569,cal,0,0,0.4920443296432495,0.5079556703567505
955702950,cal,0,0,0.4567476809024811,0.5432523488998413
144755236,test,0,1,0.5302009582519531,0.5302009582519531
1515505198,test,0,1,0.5354782938957214,0.5354782938957214
1899244345,test,0,1,0.5595449209213257,0.5595449209213257
924769750,test,0,1,0.5454365611076355,0.5454365611076355
1539519019,test,0,1,0.5364189147949219,0.5364189147949219
1870344236,test,0,1,0.519404947757721,0.519404947757721
1193347409,cal,0,1,0.5624300837516785,0.5624300837516785
1929244498,cal,0,1,0.5638994574546814,0.5638994574546814
313714727,cal,0,1,0.556951105594635,0.556951105594635
1451679574,cal,0,1,0.5636199116706848,0.5636199116706848
731829537,cal,0,0,0.3361796438694,0.6638203859329224
980984755,cal,0,0,0.28732964396476746,0.7126703262329102
1725239353,cal,0,0,0.29602324962615967,0.7039767503738403
157848607,cal,0,0,0.2957706153392792,0.7042293548583984
394401318,cal,0,0,0.37923941016197205,0.6207605600357056
2028207504,cal,0,0,0.3217427432537079,0.6782572269439697
1212289639,cal,1,0,0.49857571721076965,0.5014243125915527
1894495333,cal,1,1,0.5107331871986389,0.5107331871986389
1577123001,cal,0,0,0.4913094639778137,0.5086905360221863
2043189268,cal,0,1,0.511900007724762,0.511900007724762
562517977,cal,0,1,0.5577141642570496,0.5577141642570496
2124431339,cal,0,1,0.581282377243042,0.581282377243042
599182288,cal,0,1,0.5828936696052551,0.5828936696052551
1008496239,cal,0,1,0.5553988814353943,0.5553988814353943
231690357,test,0,1,0.5918112993240356,0.5918112993240356
1952123351,test,0,1,0.611014187335968,0.611014187335968
292352153,test,0,1,0.5413923263549805,0.5413923263549805
1023386613,test,0,1,0.5767875909805298,0.5767875909805298
827767314,cal,0,1,0.5792903900146484,0.5792903900146484
1222115484,cal,0,1,0.5487503409385681,0.5487503409385681
34990467,cal,0,1,0.5547552704811096,0.5547552704811096
357057875,cal,0,1,0.5664219260215759,0.5664219260215759
1911212271,cal,1,1,0.5453561544418335,0.5453561544418335
1997619913,cal,1,1,0.5374934077262878,0.5374934077262878
626089430,cal,1,1,0.5359793901443481,0.5359793901443481
1503937860,cal,1,1,0.5868107676506042,0.5868107676506042
1415467956,cal,0,1,0.5399808883666992,0.5399808883666992
1716598270,cal,0,1,0.5485785603523254,0.5485785603523254
1313063070,cal,0,1,0.5510987043380737,0.5510987043380737
2130295326,cal,0,1,0.546575665473938,0.546575665473938
807783935,cal,0,1,0.5444542169570923,0.5444542169570923
1720787705,cal,0,1,0.5314114093780518,0.5314114093780518
1073045391,cal,0,1,0.5205241441726685,0.5205241441726685
1493941856,cal,0,1,0.541274905204773,0.541274905204773
1387276731,cal,1,1,0.5658942461013794,0.5658942461013794
1454218597,cal,1,1,0.5668330192565918,0.5668330192565918
1832781273,cal,1,1,0.5743743181228638,0.5743743181228638
26979079,cal,0,1,0.5728061199188232,0.5728061199188232
606529167,cal,0,1,0.5610319972038269,0.5610319972038269
2127882313,cal,0,1,0.553702175617218,0.553702175617218
1568223675,test,0,1,0.5791369676589966,0.5791369676589966
1601991131,test,0,1,0.6185777187347412,0.6185777187347412
1948705183,test,0,1,0.5660122036933899,0.5660122036933899
1214282080,test,0,1,0.6067926287651062,0.6067926287651062
1865585633,test,0,1,0.580946147441864,0.580946147441864
1957269164,test,0,1,0.5883066654205322,0.5883066654205322
1487801300,cal,0,0,0.4947437644004822,0.5052562355995178
1828289470,cal,0,0,0.49182048439979553,0.5081795454025269
1980634232,cal,0,0,0.49195533990859985,0.5080446600914001
32478934,cal,1,0,0.41732457280158997,0.5826754570007324
1801789696,cal,1,0,0.47455304861068726,0.5254469513893127
2040689719,cal,1,0,0.48505696654319763,0.51494300365448
1244632105,cal,0,1,0.5173488855361938,0.5173488855361938
1970487996,cal,0,0,0.4923928678035736,0.507607102394104
745603762,cal,1,1,0.504831075668335,0.504831075668335
872482130,cal,1,0,0.49441856145858765,0.5055814385414124
1092991756,cal,0,1,0.6020925045013428,0.6020925045013428
1325658204,cal,0,1,0.5703224539756775,0.5703224539756775
48511121,cal,0,1,0.5848104953765869,0.5848104953765869
1791049138,cal,0,1,0.5683884620666504,0.5683884620666504
1154729940,cal,0,0,0.4983097314834595,0.5016902685165405
1859692476,cal,0,1,0.5294666290283203,0.5294666290283203
1055739854,cal,0,0,0.4922775328159332,0.5077224969863892
1495960742,cal,0,1,0.5381439924240112,0.5381439924240112
35857619,test,0,0,0.48499003052711487,0.5150099992752075
1953231213,test,0,0,0.45172542333602905,0.548274576663971
310424847,test,1,0,0.43320950865745544,0.5667904615402222
937143512,test,1,0,0.47923412919044495,0.5207659006118774
765169629,cal,0,1,0.6034606695175171,0.6034606695175171
1276514065,cal,0,1,0.6056339740753174,0.6056339740753174
367826042,cal,0,1,0.6125085949897766,0.6125085949897766
1591474105,cal,0,1,0.607368528842926,0.607368528842926
214803370,cal,0,1,0.6031521558761597,0.6031521558761597
795498558,cal,0,1,0.6074182987213135,0.6074182987213135
134893447,cal,0,1,0.5921095609664917,0.5921095609664917
529616004,cal,0,1,0.6038683652877808,0.6038683652877808
1015554860,cal,0,1,0.5734686851501465,0.5734686851501465
728095769,cal,0,0,0.472349613904953,0.5276503562927246
1304914689,cal,0,0,0.479999303817749,0.520000696182251
884919911,cal,0,0,0.46968889236450195,0.530311107635498
1499409468,cal,0,0,0.46577689051628113,0.5342230796813965
1898048931,cal,0,0,0.47404175996780396,0.525958240032196
588792398,cal,1,1,0.581013560295105,0.581013560295105
1038633621,cal,1,1,0.5636960864067078,0.5636960864067078
1375170425,cal,1,1,0.5855141282081604,0.5855141282081604
1113003215,cal,0,1,0.5511808395385742,0.5511808395385742
1388838926,cal,0,1,0.5863475203514099,0.5863475203514099
1737279740,cal,0,1,0.5694050788879395,0.5694050788879395
60678628,test,1,1,0.567837655544281,0.567837655544281
433763706,test,1,1,0.5807052850723267,0.5807052850723267
835025398,test,0,1,0.571471095085144,0.571471095085144
1373612505,test,0,1,0.5480947494506836,0.5480947494506836
1218029741,cal,0,0,0.47003114223480225,0.5299688577651978
1503089216,cal,0,1,0.5363080501556396,0.5363080501556396
184670462,cal,1,0,0.4901062846183777,0.5098937153816223
444645067,cal,1,0,0.4957818388938904,0.5042181611061096
1121961457,cal,1,1,0.5150477886199951,0.5150477886199951
596051049,cal,0,0,0.4728093445301056,0.5271906852722168
1333376635,cal,0,1,0.5254250168800354,0.5254250168800354
1069236498,cal,0,0,0.45375192165374756,0.5462480783462524
1716898384,cal,0,0,0.48750898241996765,0.51249098777771
306563249,test,0,1,0.5644580125808716,0.5644580125808716
1676032788,test,0,1,0.5290624499320984,0.5290624499320984
757474846,test,0,1,0.5698177218437195,0.5698177218437195
1094590675,test,0,1,0.5191431641578674,0.5191431641578674
1535985716,test,0,0,0.49250203371047974,0.5074979662895203
1970157292,test,0,0,0.44636857509613037,0.5536314249038696
28505570,test,0,0,0.49096888303756714,0.5090311169624329
210799354,test,0,0,0.49122321605682373,0.5087767839431763
240906909,cal,0,1,0.6169531941413879,0.6169531941413879
811670475,cal,0,1,0.5903427600860596,0.5903427600860596
924412113,cal,0,1,0.5405195951461792,0.5405195951461792
1373641175,cal,1,1,0.601152241230011,0.601152241230011
1615354021,cal,1,1,0.6138515472412109,0.6138515472412109
2130621142,cal,1,1,0.5382063984870911,0.5382063984870911
250338588,cal,0,0,0.48865821957588196,0.5113418102264404
1176524901,cal,0,1,0.5255373120307922,0.5255373120307922
524772644,cal,0,1,0.5047454237937927,0.5047454237937927
866516849,cal,0,0,0.4805719256401062,0.5194280743598938
193300844,cal,1,1,0.5692098140716553,0.5692098140716553
230691265,cal,1,1,0.5728809237480164,0.5728809237480164
1638327503,cal,1,1,0.5592547059059143,0.5592547059059143
47808467,cal,0,1,0.5263179540634155,0.5263179540634155
221414555,cal,0,1,0.5672678351402283,0.5672678351402283
1994195689,cal,0,1,0.5659160017967224,0.5659160017967224
1490590617,cal,0,1,0.5313701033592224,0.5313701033592224
1849232868,cal,0,1,0.5363137722015381,0.5363137722015381
1642747401,cal,0,1,0.5298352241516113,0.5298352241516113
1710751808,cal,0,1,0.5458168387413025,0.5458168387413025
358862125,cal,0,1,0.5666046738624573,0.5666046738624573
620289571,cal,0,1,0.5854061245918274,0.5854061245918274
669238980,cal,0,1,0.5803506970405579,0.5803506970405579
9762896,cal,0,1,0.5787203907966614,0.5787203907966614
296015259,cal,0,1,0.5710164308547974,0.5710164308547974
601092249,cal,0,1,0.5882768034934998,0.5882768034934998
685445232,test,1,1,0.5234528183937073,0.5234528183937073
890424213,test,1,1,0.5083350539207458,0.5083350539207458
726453904,test,0,0,0.4801648259162903,0.5198351740837097
1983407276,test,0,1,0.5032650232315063,0.5032650232315063
469835883,cal,0,1,0.5075082778930664,0.5075082778930664
1851071368,cal,0,0,0.4957152307033539,0.5042847394943237
677904237,cal,0,1,0.5054596066474915,0.5054596066474915
791428615,cal,0,1,0.5017815232276917,0.5017815232276917
711371159,cal,0,0,0.4930068850517273,0.5069931149482727
2118881544,cal,0,1,0.518959105014801,0.518959105014801
1242685768,cal,0,0,0.4876079261302948,0.5123920440673828
1443600180,cal,0,1,0.5104964971542358,0.5104964971542358
989204490,test,0,1,0.537865400314331,0.537865400314331
1930191347,test,0,0,0.4862179160118103,0.5137820839881897
1047187344,test,0,0,0.49754950404167175,0.5024504661560059
1423579032,test,0,0,0.498181015253067,0.5018190145492554
1444590464,test,0,0,0.47938868403434753,0.5206112861633301
1796096711,test,0,0,0.4723774790763855,0.5276225209236145
1940187596,test,0,1,0.5031596422195435,0.5031596422195435
2072628258,test,0,0,0.469816118478775,0.5301839113235474
968011786,cal,0,1,0.539349377155304,0.539349377155304
1241092452,cal,0,1,0.5186886787414551,0.5186886787414551
891407899,cal,0,1,0.5205283761024475,0.5205283761024475
1981150130,cal,0,1,0.5264686942100525,0.5264686942100525
132854615,test,0,1,0.5824242830276489,0.5824242830276489
642712133,test,0,1,0.5842578411102295,0.5842578411102295
678641250,test,0,1,0.5725055932998657,0.5725055932998657
1306714415,test,0,1,0.5793015956878662,0.5793015956878662
134106972,cal,0,1,0.5028719902038574,0.5028719902038574
856201580,cal,0,1,0.501183807849884,0.501183807849884
1428151727,cal,0,0,0.46797090768814087,0.5320290923118591
1854785704,cal,0,0,0.48733994364738464,0.512660026550293
522774530,test,0,1,0.5382509827613831,0.5382509827613831
1351435436,test,0,1,0.558814287185669,0.558814287185669
1583686456,test,0,1,0.5635055899620056,0.5635055899620056
1843554350,test,0,1,0.5574198961257935,0.5574198961257935
833534264,cal,0,1,0.5074414610862732,0.5074414610862732
1585651779,cal,0,0,0.4590266942977905,0.5409733057022095
443247841,cal,0,0,0.4621577262878418,0.5378422737121582
793798334,cal,0,1,0.5055587887763977,0.5055587887763977
81056672,cal,0,0,0.46888574957847595,0.5311142206192017
375335469,cal,0,0,0.4961472749710083,0.5038527250289917
626353220,cal,0,0,0.48659443855285645,0.5134055614471436
828707466,cal,0,0,0.4550507664680481,0.5449492335319519
1646676190,test,0,1,0.5060077905654907,0.5060077905654907
1920353048,test,0,0,0.48998787999153137,0.510012149810791
902339606,test,0,0,0.4920552968978882,0.5079447031021118
1206522886,test,0,0,0.496575266122818,0.5034247636795044
618761360,cal,0,0,0.4767036736011505,0.5232963562011719
736832107,cal,0,0,0.47731029987335205,0.522689700126648
1481204470,cal,1,0,0.47525790333747864,0.5247421264648438
1976885492,cal,1,0,0.49820083379745483,0.5017991662025452
1349705825,cal,0,0,0.4782363474369049,0.5217636823654175
1532355867,cal,0,0,0.45480024814605713,0.5451997518539429
293679874,cal,0,0,0.4728364646434784,0.5271635055541992
1924522453,cal,0,0,0.45030996203422546,0.5496900081634521
498670445,cal,1,0,0.49988827109336853,0.5001116991043091
1034353496,cal,1,1,0.5270594358444214,0.5270594358444214
1052964500,cal,1,1,0.5108217597007751,0.5108217597007751
1185349134,cal,0,1,0.504998505115509,0.504998505115509
2017553878,cal,0,1,0.5276384353637695,0.5276384353637695
487326769,cal,0,0,0.4572533369064331,0.5427466630935669
1421268903,cal,0,0,0.4881390929222107,0.5118609070777893
26259324,cal,0,0,0.4832340180873871,0.5167659521102905
1314443506,cal,0,0,0.43778666853904724,0.5622133016586304
459296727,cal,1,0,0.45271775126457214,0.5472822189331055
1298677090,cal,1,0,0.3700893521308899,0.6299106478691101
351516461,cal,0,0,0.4150334596633911,0.5849665403366089
1475725068,cal,0,0,0.4504546523094177,0.5495453476905823
675214433,cal,0,1,0.6156316995620728,0.6156316995620728
1144693344,cal,0,1,0.6417231559753418,0.6417231559753418
1982528399,cal,0,1,0.6011687517166138,0.6011687517166138
704765363,cal,0,1,0.6420682072639465,0.6420682072639465
2110033391,cal,0,1,0.6130124926567078,0.6130124926567078
20086151,cal,0,1,0.5169704556465149,0.5169704556465149
2068812306,cal,0,1,0.50384122133255,0.50384122133255
904105277,cal,0,1,0.5177698135375977,0.5177698135375977
1153855032,cal,0,0,0.47844576835632324,0.5215542316436768
736448877,cal,0,0,0.3255140483379364,0.6744859218597412
1026827895,cal,0,0,0.3789553642272949,0.6210446357727051
475410963,cal,0,0,0.3411903977394104,0.6588096022605896
1070420802,cal,0,0,0.4787193536758423,0.5212806463241577
836548015,cal,0,0,0.4786294400691986,0.521370530128479
907140921,cal,0,0,0.23942086100578308,0.7605791091918945
1364844215,cal,0,0,0.2855820059776306,0.7144179940223694
1762445904,cal,0,0,0.35227301716804504,0.6477270126342773
1894222824,cal,0,0,0.33076390624046326,0.6692360639572144
245889448,cal,0,1,0.536261260509491,0.536261260509491
559026576,cal,0,1,0.5533068180084229,0.5533068180084229
1075295399,cal,0,1,0.5389149785041809,0.5389149785041809
2020117659,cal,0,1,0.5335482358932495,0.5335482358932495
901592831,test,0,0,0.2539686858654022,0.7460312843322754
2100058222,test,0,0,0.22708182036876678,0.772918164730072
387012585,test,0,0,0.21883808076381683,0.781161904335022
1235570197,test,0,0,0.2174474596977234,0.7825525403022766
1328072139,test,0,0,0.21245244145393372,0.7875475883483887
2083134012,test,0,0,0.21933767199516296,0.7806622982025146
387009159,test,1,0,0.49890708923339844,0.5010929107666016
427428303,test,1,1,0.5131332874298096,0.5131332874298096
2110487418,test,1,1,0.5047162771224976,0.5047162771224976
392798912,test,0,1,0.5103969573974609,0.5103969573974609
602776950,test,0,1,0.5029596090316772,0.5029596090316772
1008151376,test,0,1,0.5015797019004822,0.5015797019004822
917890562,cal,0,1,0.532949686050415,0.532949686050415
1156915890,cal,0,1,0.5538121461868286,0.5538121461868286
7987055,cal,0,1,0.5445114374160767,0.5445114374160767
926797032,cal,0,1,0.525204598903656,0.525204598903656
111587136,cal,0,1,0.5488749742507935,0.5488749742507935
677961251,cal,0,0,0.47045204043388367,0.529547929763794
923675188,cal,0,0,0.49803224205970764,0.5019677877426147
169981073,cal,1,1,0.5503296852111816,0.5503296852111816
418866686,cal,1,1,0.5163320899009705,0.5163320899009705
627354927,cal,1,1,0.5105240345001221,0.5105240345001221
2082500802,cal,1,1,0.5570133924484253,0.5570133924484253
594779610,cal,0,0,0.4386488199234009,0.5613511800765991
1219424358,cal,0,0,0.4791160523891449,0.5208839178085327
1320863722,cal,0,0,0.48321831226348877,0.5167816877365112
700581311,cal,0,0,0.44859546422958374,0.5514045357704163
1417611299,cal,0,0,0.476174920797348,0.5238250494003296
504006059,cal,0,1,0.5803685188293457,0.5803685188293457
738319186,cal,0,1,0.6102688312530518,0.6102688312530518
1469172066,cal,0,1,0.6144027709960938,0.6144027709960938
1745235102,cal,0,1,0.5826526284217834,0.5826526284217834
177272376,cal,1,1,0.6148948073387146,0.6148948073387146
250726056,cal,1,1,0.5814154148101807,0.5814154148101807
1146260996,cal,1,1,0.6167833805084229,0.6167833805084229
1387660906,test,1,1,0.578071653842926,0.578071653842926
1477713197,test,1,1,0.5642029047012329,0.5642029047012329
693483037,test,1,1,0.5612349510192871,0.5612349510192871
1228183238,test,1,1,0.5561345815658569,0.5561345815658569
100989004,cal,0,1,0.6036102175712585,0.6036102175712585
1254330889,cal,0,1,0.5807980895042419,0.5807980895042419
133054172,cal,0,1,0.5861973762512207,0.5861973762512207
1940985422,cal,0,1,0.6165700554847717,0.6165700554847717
17699901,cal,0,1,0.5494588017463684,0.5494588017463684
696903152,cal,0,1,0.5483356714248657,0.5483356714248657
1378510365,cal,0,1,0.5480090379714966,0.5480090379714966
1662359882,cal,0,1,0.5636488199234009,0.5636488199234009
983957625,cal,1,1,0.5132037401199341,0.5132037401199341
1216006059,cal,1,1,0.5029674172401428,0.5029674172401428
238487252,cal,0,1,0.5119037628173828,0.5119037628173828
1123122942,cal,0,1,0.5005545616149902,0.5005545616149902
652405581,cal,1,1,0.5629807710647583,0.5629807710647583
879286325,cal,1,1,0.5450054407119751,0.5450054407119751
1514858304,cal,1,1,0.5700216293334961,0.5700216293334961
1817729149,cal,1,1,0.5434775352478027,0.5434775352478027
212065614,cal,0,1,0.5345872044563293,0.5345872044563293
534333673,cal,0,1,0.5718135833740234,0.5718135833740234
1425303796,cal,0,1,0.5796467065811157,0.5796467065811157
1573472745,cal,0,1,0.5129844546318054,0.5129844546318054
564459880,cal,0,0,0.47649332880973816,0.5235066413879395
1384216272,cal,0,0,0.4846699833869934,0.5153300166130066
315591373,cal,0,0,0.4796561300754547,0.5203438997268677
1580834966,cal,0,0,0.47630584239959717,0.5236941576004028
995110051,cal,1,1,0.5022891759872437,0.5022891759872437
1635233023,cal,1,0,0.4651986360549927,0.5348013639450073
35524292,cal,0,0,0.4973846971988678,0.5026153326034546
1982283505,cal,0,0,0.4914635121822357,0.5085364580154419
132262024,test,0,0,0.4612795114517212,0.5387204885482788
1947664747,test,0,1,0.5024648904800415,0.5024648904800415
994260584,test,0,0,0.4505939185619354,0.5494060516357422
1640044979,test,0,0,0.47151997685432434,0.528480052947998
446944489,test,0,1,0.5219828486442566,0.5219828486442566
1490755873,test,0,1,0.5125320553779602,0.5125320553779602
79738302,test,0,0,0.48956042528152466,0.5104395747184753
1874153830,test,0,1,0.5005459785461426,0.5005459785461426
362999403,cal,0,1,0.5912007689476013,0.5912007689476013
901001508,cal,0,1,0.5959586501121521,0.5959586501121521
494594646,cal,0,1,0.5797227621078491,0.5797227621078491
772266486,cal,0,1,0.5833106637001038,0.5833106637001038
1821583959,cal,0,1,0.588204562664032,0.588204562664032
1991299580,cal,0,1,0.5992397665977478,0.5992397665977478
398466487,cal,0,0,0.3743155300617218,0.6256844997406006
1940254677,cal,0,1,0.5515344738960266,0.5515344738960266
1198614180,cal,1,0,0.38152337074279785,0.6184766292572021
1605722199,cal,1,0,0.3386056423187256,0.6613943576812744
2055782490,cal,1,0,0.3977227807044983,0.6022772192955017
172311074,cal,0,1,0.531997561454773,0.531997561454773
226242771,cal,0,1,0.5201491117477417,0.5201491117477417
302290438,cal,0,1,0.522389829158783,0.522389829158783
946498106,cal,0,1,0.5314781069755554,0.5314781069755554
668718338,cal,0,1,0.5620628595352173,0.5620628595352173
1340361384,cal,0,1,0.581691563129425,0.581691563129425
1643197814,cal,0,1,0.5422033667564392,0.5422033667564392
500183427,cal,0,1,0.5519042015075684,0.5519042015075684
1095406834,cal,0,1,0.560469388961792,0.560469388961792
1325317089,cal,0,1,0.5747999548912048,0.5747999548912048
648057038,cal,0,0,0.48125579953193665,0.5187442302703857
1389296682,cal,0,0,0.4562467634677887,0.5437532663345337
99749756,cal,0,0,0.4500983953475952,0.5499016046524048
269700073,cal,0,0,0.45237740874290466,0.547622561454773
818080567,cal,0,1,0.5820207595825195,0.5820207595825195
927094559,cal,0,1,0.5779779553413391,0.5779779553413391
1024081361,cal,0,1,0.5869702100753784,0.5869702100753784
1292933693,cal,0,1,0.5765131711959839,0.5765131711959839
983184165,test,0,1,0.5142546892166138,0.5142546892166138
1497212618,test,0,1,0.5166611075401306,0.5166611075401306
1486265295,test,0,1,0.5131425261497498,0.5131425261497498
1678557222,test,0,1,0.5181816816329956,0.5181816816329956
444371989,cal,0,1,0.5147832632064819,0.5147832632064819
961596987,cal,0,1,0.5414546728134155,0.5414546728134155
392897228,cal,1,1,0.5317150950431824,0.5317150950431824
1283804942,cal,1,1,0.5133818984031677,0.5133818984031677
1478262422,cal,1,0,0.4991990029811859,0.5008009672164917
1766210915,cal,1,1,0.5227715969085693,0.5227715969085693
1187067109,cal,0,1,0.5367408990859985,0.5367408990859985
1457845296,cal,0,1,0.512945294380188,0.512945294380188
1809974417,cal,0,1,0.5257472395896912,0.5257472395896912
369129906,cal,0,1,0.5385535955429077,0.5385535955429077
671816139,cal,0,1,0.5291386842727661,0.5291386842727661
1695233916,cal,0,0,0.49366044998168945,0.5063395500183105
1745320549,cal,0,0,0.47448858618736267,0.5255113840103149
1793620707,cal,0,0,0.4876682460308075,0.5123317241668701
1849619759,cal,0,1,0.5151969194412231,0.5151969194412231
186372855,cal,1,1,0.5133548974990845,0.5133548974990845
1150237288,cal,1,1,0.5108195543289185,0.5108195543289185
1257022344,cal,1,0,0.4643878936767578,0.5356121063232422
127477761,cal,0,0,0.4997626543045044,0.5002373456954956
493430286,cal,0,1,0.5034371614456177,0.5034371614456177
467967137,cal,0,0,0.4965311586856842,0.5034688711166382
1675260027,cal,0,1,0.5085768699645996,0.5085768699645996
157246082,cal,0,0,0.46660494804382324,0.5333950519561768
523533564,cal,0,0,0.4844817817211151,0.5155181884765625
48667022,cal,0,0,0.4762688875198364,0.5237311124801636
1899643368,cal,0,0,0.4690254330635071,0.5309745669364929
1204560220,cal,0,0,0.46685701608657837,0.5331429839134216
1428753967,cal,0,0,0.4691237509250641,0.5308762788772583
628261526,cal,0,0,0.48205098509788513,0.5179489850997925
1087348665,cal,0,0,0.47037234902381897,0.5296276807785034
309084840,cal,0,1,0.6008421778678894,0.6008421778678894
1747147350,cal,0,1,0.5939111709594727,0.5939111709594727
25861161,cal,0,1,0.5865801572799683,0.5865801572799683
1393053913,cal,0,1,0.5890551805496216,0.5890551805496216
556937498,cal,0,0,0.4931163787841797,0.5068836212158203
1193324369,cal,0,0,0.4638296663761139,0.5361703634262085
107179758,cal,0,0,0.49962323904037476,0.5003767609596252
677183307,cal,0,0,0.4843529760837555,0.5156470537185669
1144891577,cal,0,0,0.4944334924221039,0.5055664777755737
1110204108,cal,0,1,0.5354270339012146,0.5354270339012146
1490839711,cal,0,1,0.5562425255775452,0.5562425255775452
647027401,cal,0,1,0.5652806162834167,0.5652806162834167
1597089142,cal,0,1,0.5247559547424316,0.5247559547424316
562912018,cal,0,0,0.4975472688674927,0.5024527311325073
1104628299,cal,0,1,0.5472443103790283,0.5472443103790283
1608847214,cal,0,1,0.5328609347343445,0.5328609347343445
1827735301,cal,0,1,0.5453879833221436,0.5453879833221436
874625865,cal,0,1,0.5530632734298706,0.5530632734298706
1265735355,cal,0,1,0.5189939737319946,0.5189939737319946
1706764829,cal,0,1,0.5096250772476196,0.5096250772476196
1988546863,cal,0,1,0.5476762652397156,0.5476762652397156
231448131,cal,1,1,0.5773442983627319,0.5773442983627319
762052227,cal,1,1,0.57414710521698,0.57414710521698
1345600597,cal,0,1,0.5598531365394592,0.5598531365394592
1924963943,cal,0,1,0.572986364364624,0.572986364364624
325775543,cal,0,0,0.4784943461418152,0.5215056538581848
637496080,cal,0,0,0.49703118205070496,0.5029687881469727
1667635361,cal,0,0,0.48843470215797424,0.5115653276443481
141755439,cal,0,0,0.48822057247161865,0.5117794275283813
1838068114,cal,0,1,0.5069079995155334,0.5069079995155334
1175223397,cal,0,1,0.6152216792106628,0.6152216792106628
2070382865,cal,0,1,0.6103928089141846,0.6103928089141846
74982576,cal,0,1,0.6190444827079773,0.6190444827079773
879615532,cal,0,1,0.6082612872123718,0.6082612872123718
913132883,cal,0,1,0.6213518381118774,0.6213518381118774
69934831,test,0,1,0.5103558301925659,0.5103558301925659
110652970,test,0,0,0.4785802364349365,0.5214197635650635
65558841,test,0,0,0.4923798739910126,0.507620096206665
189897355,test,0,1,0.5282073020935059,0.5282073020935059
168026535,cal,0,1,0.569758951663971,0.569758951663971
1491977729,cal,0,1,0.6183053851127625,0.6183053851127625
1698906790,cal,0,1,0.6088307499885559,0.6088307499885559
1762637461,cal,0,1,0.5780582427978516,0.5780582427978516
184187010,cal,1,1,0.6167609095573425,0.6167609095573425
1512279672,cal,1,1,0.5858582854270935,0.5858582854270935
422166314,cal,0,1,0.5314359664916992,0.5314359664916992
1402542570,cal,0,1,0.5330917835235596,0.5330917835235596
1420963109,cal,0,0,0.466977059841156,0.533022940158844
1967142629,cal,0,0,0.4634065628051758,0.5365934371948242
299053057,cal,0,1,0.5231181979179382,0.5231181979179382
323153015,cal,0,1,0.5119760632514954,0.5119760632514954
786279761,cal,0,0,0.4562763571739197,0.5437236428260803
1460544879,cal,0,0,0.46579623222351074,0.5342037677764893
680599029,cal,0,1,0.5625521540641785,0.5625521540641785
1689908676,cal,0,1,0.5699520111083984,0.5699520111083984
2117185614,cal,0,1,0.5655329823493958,0.5655329823493958
704537181,cal,0,1,0.5609346032142639,0.5609346032142639
1816191467,cal,0,1,0.5876300930976868,0.5876300930976868
2037879772,cal,0,1,0.5652941465377808,0.5652941465377808
354352249,cal,0,0,0.49762776494026184,0.5023722648620605
1600104001,cal,0,0,0.489335834980011,0.510664165019989
816425756,cal,0,0,0.47295281291007996,0.5270471572875977
859657424,cal,0,0,0.4674029052257538,0.5325970649719238
103830486,cal,0,1,0.5083721876144409,0.5083721876144409
2017514745,cal,0,0,0.4975241720676422,0.5024758577346802
273865557,cal,0,1,0.5120017528533936,0.5120017528533936
534802314,cal,0,0,0.4831174612045288,0.5168825387954712
2137993797,cal,0,1,0.5160055756568909,0.5160055756568909
946712599,cal,0,1,0.5199903249740601,0.5199903249740601
1444784451,cal,0,1,0.5153796076774597,0.5153796076774597
1759215228,cal,0,1,0.5132958889007568,0.5132958889007568
1878824533,cal,0,1,0.5216568112373352,0.5216568112373352
1098795598,cal,0,1,0.5394003987312317,0.5394003987312317
1748383741,cal,0,1,0.5151689052581787,0.5151689052581787
8860430,cal,0,1,0.5398457646369934,0.5398457646369934
1039981928,cal,0,1,0.5122216939926147,0.5122216939926147
726368865,test,0,1,0.546454131603241,0.546454131603241
2013270031,test,0,1,0.5665479302406311,0.5665479302406311
481524729,test,0,1,0.5561363101005554,0.5561363101005554
1924946373,test,0,1,0.5494964122772217,0.5494964122772217
603017727,cal,1,1,0.5924033522605896,0.5924033522605896
1943414998,cal,1,1,0.5765295624732971,0.5765295624732971
244380688,cal,1,1,0.5767202973365784,0.5767202973365784
1708146489,cal,1,1,0.5694745779037476,0.5694745779037476
1785245808,cal,0,0,0.48512664437294006,0.5148733854293823
1805134893,cal,0,1,0.5127341151237488,0.5127341151237488
2028010187,cal,0,1,0.5092526078224182,0.5092526078224182
1690035103,cal,1,0,0.4780675768852234,0.5219324231147766
2115811863,cal,1,1,0.5224402546882629,0.5224402546882629
299112655,cal,1,0,0.49598902463912964,0.5040109753608704
2088134273,cal,1,0,0.4969797134399414,0.5030202865600586
1720894547,cal,0,0,0.4821545481681824,0.5178454518318176
2080492652,cal,0,0,0.45384952425956726,0.5461504459381104
147467254,cal,0,0,0.46545037627220154,0.5345495939254761
777490771,cal,0,0,0.46726194024086,0.5327380895614624
99289971,cal,0,0,0.46451136469841003,0.5354886054992676
1765830652,cal,0,0,0.4674801528453827,0.5325198173522949
896970536,test,0,1,0.5872358083724976,0.5872358083724976
1026748343,test,0,1,0.5352858304977417,0.5352858304977417
1990465411,test,0,1,0.5609889030456543,0.5609889030456543
600385993,test,1,1,0.5604901313781738,0.5604901313781738
1276508317,test,1,1,0.5618086457252502,0.5618086457252502
1649145773,test,1,1,0.5806675553321838,0.5806675553321838
1334424431,cal,1,0,0.4818311929702759,0.5181688070297241
1649263215,cal,1,0,0.4664333164691925,0.5335667133331299
913567990,cal,1,0,0.47548720240592957,0.524512767791748
1552388447,cal,1,0,0.4551291763782501,0.5448708534240723
1071728406,cal,0,1,0.5921812057495117,0.5921812057495117
1123168760,cal,0,1,0.6003707647323608,0.6003707647323608
1773135321,cal,0,1,0.5944716334342957,0.5944716334342957
1881482144,cal,0,1,0.6026025414466858,0.6026025414466858
982144943,cal,0,1,0.6186261773109436,0.6186261773109436
1740081621,cal,0,1,0.6343138217926025,0.6343138217926025
442712850,cal,0,1,0.6280961036682129,0.6280961036682129
1223976716,cal,0,1,0.6133670806884766,0.6133670806884766
1262055390,cal,0,1,0.5165514349937439,0.5165514349937439
1365501342,cal,0,1,0.5166362524032593,0.5166362524032593
850177187,cal,0,1,0.5163332223892212,0.5163332223892212
1314490745,cal,0,1,0.5162981152534485,0.5162981152534485
649510685,cal,0,1,0.5029726028442383,0.5029726028442383
1656707447,cal,0,0,0.4542912542819977,0.5457087755203247
1014559685,cal,0,0,0.21515455842018127,0.7848454713821411
1908220636,cal,0,0,0.48342543840408325,0.5165745615959167
347017785,test,0,0,0.4658230245113373,0.5341769456863403
1172178848,test,0,0,0.47537004947662354,0.5246299505233765
1993684471,test,0,0,0.4398573637008667,0.5601426362991333
286197565,test,1,0,0.48246413469314575,0.5175358653068542
425671587,test,1,0,0.4684058427810669,0.5315941572189331
1344937704,test,1,1,0.5088803768157959,0.5088803768157959
1574740592,test,1,0,0.47667446732521057,0.5233255624771118
277423127,cal,0,0,0.49353089928627014,0.5064691305160522
1425892741,cal,0,0,0.4536071717739105,0.5463927984237671
60732851,cal,0,0,0.43926239013671875,0.5607376098632812
385503077,cal,0,0,0.4852451682090759,0.5147548317909241
582160383,test,0,1,0.6117355823516846,0.6117355823516846
1424466714,test,0,1,0.5934459567070007,0.5934459567070007
939717195,test,0,1,0.5974271297454834,0.5974271297454834
960716149,test,0,1,0.6139347553253174,0.6139347553253174
1053601684,test,0,1,0.6098756790161133,0.6098756790161133
341202777,cal,1,1,0.5807161331176758,0.5807161331176758
396769252,cal,1,1,0.5939629077911377,0.5939629077911377
394985142,cal,0,1,0.5924977660179138,0.5924977660179138
520834453,cal,0,1,0.5923508405685425,0.5923508405685425
642048316,cal,0,1,0.598251461982727,0.598251461982727
1990877437,cal,0,1,0.5776433348655701,0.5776433348655701
726039287,test,0,0,0.47998717427253723,0.5200128555297852
1596143162,test,0,0,0.42709338665008545,0.5729066133499146
490233467,test,0,0,0.4983614981174469,0.5016385316848755
1411702523,test,0,0,0.489142507314682,0.5108574628829956
258651755,test,0,1,0.5843684673309326,0.5843684673309326
342121731,test,0,1,0.583279013633728,0.583279013633728
273295768,test,0,1,0.5907620191574097,0.5907620191574097
995273550,test,0,1,0.5697795152664185,0.5697795152664185
1177441623,test,0,1,0.5799040794372559,0.5799040794372559
119641830,test,0,0,0.47577857971191406,0.5242214202880859
668879889,test,0,0,0.49861931800842285,0.5013806819915771
307520062,test,1,0,0.4776539206504822,0.5223460793495178
1517345892,test,1,0,0.4955787658691406,0.5044212341308594
1829316911,test,1,0,0.4936448633670807,0.5063551664352417
1011871214,cal,1,0,0.4760753810405731,0.5239245891571045
1108372751,cal,1,0,0.44529831409454346,0.5547016859054565
1902008468,cal,0,1,0.5080004334449768,0.5080004334449768
2106808640,cal,0,1,0.5144681930541992,0.5144681930541992
1524000871,test,0,0,0.47226548194885254,0.5277345180511475
1870039492,test,0,0,0.49854546785354614,0.5014545321464539
542756935,test,0,0,0.49138393998146057,0.5086160898208618
1283695217,test,0,0,0.46981173753738403,0.530188262462616
934886864,cal,0,1,0.5431362986564636,0.5431362986564636
1833538271,cal,0,1,0.543191134929657,0.543191134929657
329697695,cal,1,1,0.5457565188407898,0.5457565188407898
1298110091,cal,1,1,0.5301579833030701,0.5301579833030701
82026330,cal,0,0,0.2931157648563385,0.7068842649459839
1340373550,cal,0,0,0.3334715664386749,0.6665284633636475
1902471620,cal,0,0,0.318101167678833,0.681898832321167
2086364819,cal,0,0,0.36070358753204346,0.6392964124679565
916725986,cal,1,1,0.5048835873603821,0.5048835873603821
1979267658,cal,1,1,0.5176303386688232,0.5176303386688232
983968183,cal,0,0,0.47873106598854065,0.5212689638137817
1396562631,cal,0,1,0.5049805641174316,0.5049805641174316
156479660,cal,0,0,0.49005892872810364,0.5099411010742188
1448883970,cal,0,1,0.5422104001045227,0.5422104001045227
1634644210,cal,0,1,0.5219714641571045,0.5219714641571045
292915189,cal,0,0,0.48459169268608093,0.5154082775115967
297731185,cal,0,1,0.5371902585029602,0.5371902585029602
898119471,cal,0,1,0.5084114670753479,0.5084114670753479
833126572,cal,0,1,0.5255385637283325,0.5255385637283325
1921817087,cal,0,1,0.5068082213401794,0.5068082213401794
913137141,cal,0,1,0.5102485418319702,0.5102485418319702
1487696886,cal,0,0,0.4907085597515106,0.509291410446167
525762508,cal,0,1,0.5837633609771729,0.5837633609771729
2048258322,cal,0,1,0.5868979096412659,0.5868979096412659
1372767026,cal,0,1,0.5817241072654724,0.5817241072654724
1902958643,cal,0,1,0.5928657650947571,0.5928657650947571
125769615,cal,0,0,0.48149698972702026,0.5185030102729797
362303403,cal,0,0,0.4816505014896393,0.5183495283126831
765642365,cal,0,1,0.5172479152679443,0.5172479152679443
2123324023,cal,0,0,0.46731963753700256,0.5326803922653198
258947692,cal,0,0,0.4776678681373596,0.5223321318626404
515800754,cal,0,0,0.4720924496650696,0.5279075503349304
1999772196,cal,0,0,0.46537768840789795,0.534622311592102
1302203221,cal,1,0,0.48970338702201843,0.5102965831756592
1467358821,cal,1,0,0.45320966839790344,0.546790361404419
1273290077,cal,0,0,0.46127423644065857,0.538725733757019
2004065013,cal,0,0,0.48096755146980286,0.5190324783325195
492037427,cal,0,1,0.5652662515640259,0.5652662515640259
678207547,cal,0,1,0.5946286916732788,0.5946286916732788
206046710,cal,0,1,0.589551568031311,0.589551568031311
1835353477,cal,0,1,0.5449101328849792,0.5449101328849792
738812281,cal,1,1,0.5435704588890076,0.5435704588890076
1507801885,cal,1,1,0.5212805271148682,0.5212805271148682
216495294,cal,0,1,0.5165506601333618,0.5165506601333618
1240341353,cal,0,1,0.5456540584564209,0.5456540584564209
775650314,cal,0,0,0.37188446521759033,0.6281155347824097
1875031454,cal,0,0,0.4166315495967865,0.5833684206008911
654722120,cal,0,0,0.4583328664302826,0.541667103767395
1885958153,cal,0,0,0.4503024220466614,0.5496975779533386
1984562699,cal,0,0,0.47191765904426575,0.5280823707580566
683151997,cal,0,1,0.5201943516731262,0.5201943516731262
1316563430,cal,0,0,0.46411532163619995,0.5358846783638
1657514767,cal,0,0,0.4653097689151764,0.534690260887146
2060460898,cal,0,0,0.49618637561798096,0.503813624382019
1715720547,cal,0,1,0.5180115699768066,0.5180115699768066
2128343739,cal,0,0,0.483012318611145,0.516987681388855
694656201,cal,0,0,0.4676063358783722,0.5323936939239502
1034696973,cal,0,1,0.5107656717300415,0.5107656717300415
1807174290,cal,0,1,0.5162257552146912,0.5162257552146912
1838448164,cal,0,1,0.5034278035163879,0.5034278035163879
561406984,cal,0,0,0.49062877893447876,0.5093712210655212
1991011210,cal,0,0,0.49716290831565857,0.502837061882019
11943445,cal,0,1,0.5560141801834106,0.5560141801834106
1480762874,cal,0,1,0.5413368344306946,0.5413368344306946
1155655276,cal,0,1,0.5950180888175964,0.5950180888175964
1847226167,cal,0,1,0.5557378530502319,0.5557378530502319
1128280181,cal,1,0,0.44616857171058655,0.5538314580917358
1764572894,cal,1,0,0.49816662073135376,0.5018333792686462
1215197574,cal,1,0,0.4386250674724579,0.5613749027252197
1995520702,cal,1,0,0.4664839804172516,0.5335160493850708
557902400,cal,0,0,0.4869058132171631,0.5130941867828369
1402770140,cal,0,0,0.46918362379074097,0.530816376209259
1443546809,cal,0,0,0.4741443991661072,0.5258556008338928
1503928802,cal,0,0,0.49088844656944275,0.5091115236282349
227894185,cal,0,1,0.5529287457466125,0.5529287457466125
1503533218,cal,0,1,0.5569616556167603,0.5569616556167603
600659298,cal,0,1,0.5358380675315857,0.5358380675315857
1913958970,cal,0,1,0.5538374781608582,0.5538374781608582
292760688,cal,0,1,0.6075158715248108,0.6075158715248108
634209182,cal,0,1,0.6060293316841125,0.6060293316841125
1563668953,cal,0,1,0.5723279118537903,0.5723279118537903
881196824,cal,1,1,0.6045176982879639,0.6045176982879639
1230587584,cal,1,1,0.5901553630828857,0.5901553630828857
1654214137,cal,0,0,0.49516597390174866,0.5048340559005737
1753679561,cal,0,1,0.5536677837371826,0.5536677837371826
126787568,cal,0,0,0.499836802482605,0.500163197517395
896379396,cal,0,0,0.49944421648979187,0.5005557537078857
38687435,cal,0,1,0.586905300617218,0.586905300617218
152004178,cal,0,1,0.5728510022163391,0.5728510022163391
763601736,cal,0,1,0.5416189432144165,0.5416189432144165
1418672670,cal,0,1,0.5623793601989746,0.5623793601989746
1663773293,cal,0,1,0.561494767665863,0.561494767665863
1822803221,cal,0,1,0.5563857555389404,0.5563857555389404
1241241602,cal,0,1,0.5677829384803772,0.5677829384803772
1644039868,cal,0,1,0.5896399021148682,0.5896399021148682
578174239,cal,0,1,0.5990487337112427,0.5990487337112427
584781136,cal,0,1,0.5737992525100708,0.5737992525100708
1160432033,cal,0,1,0.5983248949050903,0.5983248949050903
1183214834,cal,1,1,0.546690046787262,0.546690046787262
1253966080,cal,1,1,0.5253816246986389,0.5253816246986389
200520414,cal,0,1,0.5557652115821838,0.5557652115821838
478904995,cal,0,1,0.5082917213439941,0.5082917213439941
1144373872,cal,0,1,0.5089467763900757,0.5089467763900757
1285868936,cal,0,1,0.5163290500640869,0.5163290500640869
1696722394,cal,0,1,0.5494022965431213,0.5494022965431213
1836936361,test,1,1,0.5015345811843872,0.5015345811843872
1920951804,test,1,0,0.49152910709381104,0.508470892906189
1031012058,test,0,0,0.4821924865245819,0.5178074836730957
1832966205,test,0,0,0.4955053925514221,0.5044946074485779
482909518,test,1,1,0.5535972714424133,0.5535972714424133
1102416548,test,1,1,0.5555052161216736,0.5555052161216736
436904654,test,0,1,0.5753306746482849,0.5753306746482849
1911995763,test,0,1,0.5581853985786438,0.5581853985786438
510087951,cal,0,0,0.4992896318435669,0.5007103681564331
617158455,cal,0,1,0.5405253767967224,0.5405253767967224
926902573,cal,0,1,0.5347130298614502,0.5347130298614502
1369479624,cal,0,0,0.4973599910736084,0.5026400089263916
553360957,cal,0,0,0.48474329710006714,0.5152567028999329
874687053,cal,0,1,0.5144461393356323,0.5144461393356323
760725954,cal,0,0,0.47900864481925964,0.520991325378418
1453711605,cal,0,0,0.4899269640445709,0.5100730657577515
1348925797,cal,0,0,0.49739107489585876,0.5026088953018188
1957550184,cal,0,0,0.49129486083984375,0.5087051391601562
1013285628,cal,0,0,0.49855756759643555,0.5014424324035645
1427351467,cal,0,0,0.48726487159729004,0.51273512840271
1707801481,cal,0,1,0.5319559574127197,0.5319559574127197
1884463993,cal,0,1,0.5034390687942505,0.5034390687942505
571275219,cal,0,1,0.5384604930877686,0.5384604930877686
1646116751,cal,0,1,0.5374817252159119,0.5374817252159119
2026328985,cal,0,0,0.4950496256351471,0.5049504041671753
709408736,cal,1,0,0.4907308518886566,0.509269118309021
2010227236,cal,1,0,0.46423470973968506,0.5357652902603149
692577599,cal,0,0,0.4628385603427887,0.5371614694595337
1423357018,cal,0,0,0.4587818682193756,0.5412181615829468
274183873,cal,0,0,0.49669039249420166,0.5033096075057983
1361513537,cal,0,1,0.5136843323707581,0.5136843323707581
344820562,cal,0,1,0.5121945738792419,0.5121945738792419
1210950851,cal,0,0,0.49115413427352905,0.508845865726471
62441490,cal,0,0,0.49518510699272156,0.504814863204956
115146648,cal,0,0,0.48101913928985596,0.518980860710144
357987808,cal,0,0,0.4965064823627472,0.5034935474395752
1646269275,cal,0,0,0.4974382221698761,0.5025618076324463
1680370917,cal,0,0,0.490045964717865,0.509954035282135
1716083705,cal,0,0,0.4780347943305969,0.5219652056694031
2068672769,cal,0,0,0.4955616593360901,0.5044383406639099
2076462069,cal,0,0,0.4856100082397461,0.5143899917602539
918012251,test,0,0,0.41630953550338745,0.5836904644966125
1123527498,test,0,0,0.3428821563720703,0.6571178436279297
625895875,test,0,0,0.46074140071868896,0.539258599281311
950063228,test,0,0,0.35634031891822815,0.6436597108840942
256694782,cal,0,1,0.5354615449905396,0.5354615449905396
2073571339,cal,0,1,0.5647744536399841,0.5647744536399841
3807650,cal,0,1,0.5310658812522888,0.5310658812522888
2029581885,cal,0,1,0.5581235885620117,0.5581235885620117
457911535,cal,0,1,0.570292592048645,0.570292592048645
2092132689,cal,0,1,0.573504626750946,0.573504626750946
324918331,cal,0,1,0.5566683411598206,0.5566683411598206
1913904373,cal,0,1,0.5759144425392151,0.5759144425392151
690125725,cal,0,0,0.49767908453941345,0.5023208856582642
1161526333,cal,0,0,0.4715077877044678,0.5284922122955322
419140975,cal,0,0,0.481009304523468,0.518990695476532
907556597,cal,0,0,0.48161986470222473,0.5183801651000977
1624383188,cal,0,0,0.47212323546409607,0.5278767347335815
1083637682,test,0,1,0.6101405620574951,0.6101405620574951
1345441828,test,0,1,0.6010671854019165,0.6010671854019165
1949327018,test,0,1,0.5689294338226318,0.5689294338226318
899792065,test,0,1,0.6167056560516357,0.6167056560516357
1948149267,test,0,1,0.6017799973487854,0.6017799973487854
154758826,test,0,1,0.5705792307853699,0.5705792307853699
202703385,test,0,1,0.5687386989593506,0.5687386989593506
228566015,test,0,1,0.5643348693847656,0.5643348693847656
1465766938,test,0,1,0.5531294345855713,0.5531294345855713
1572739465,test,0,1,0.579795241355896,0.579795241355896
1180870373,test,0,1,0.6130620837211609,0.6130620837211609
1443649248,test,0,1,0.603073239326477,0.603073239326477
272030782,test,0,1,0.5972767472267151,0.5972767472267151
1441492224,test,0,1,0.6113590002059937,0.6113590002059937
395871604,test,0,0,0.4681982100009918,0.5318018198013306
557425151,test,0,0,0.4867573082447052,0.5132427215576172
1150459402,test,0,1,0.5145350098609924,0.5145350098609924
2048022067,test,0,0,0.4952855706214905,0.5047144293785095
1967350507,cal,0,1,0.5019245743751526,0.5019245743751526
1969188377,cal,0,0,0.46995171904563904,0.5300482511520386
496922265,cal,0,0,0.46656420826911926,0.5334358215332031
1370201556,cal,0,1,0.5099249482154846,0.5099249482154846
57171544,test,0,1,0.5078133940696716,0.5078133940696716
823872451,test,0,1,0.5202100872993469,0.5202100872993469
386647681,test,0,1,0.5086231827735901,0.5086231827735901
902190324,test,0,1,0.5205258131027222,0.5205258131027222
1938449367,cal,1,0,0.4642940163612366,0.5357059836387634
2025091558,cal,1,1,0.5038678050041199,0.5038678050041199
211811677,cal,0,0,0.4685932397842407,0.5314067602157593
768375237,cal,0,0,0.4919448494911194,0.5080551505088806
1041827864,cal,1,1,0.5818540453910828,0.5818540453910828
1490109879,cal,1,1,0.5999547839164734,0.5999547839164734
266510208,cal,0,1,0.6013560891151428,0.6013560891151428
2025490793,cal,0,1,0.5724966526031494,0.5724966526031494
155878040,test,0,0,0.4878796637058258,0.5121203660964966
651597585,test,0,0,0.4950433075428009,0.5049567222595215
371199579,test,0,0,0.4668666124343872,0.5331333875656128
1558043452,test,0,0,0.48195672035217285,0.5180432796478271
1556697168,test,0,1,0.5027779340744019,0.5027779340744019
1784537872,test,0,0,0.4886951148509979,0.5113048553466797
857953566,test,0,1,0.5063909292221069,0.5063909292221069
867941700,test,0,0,0.4894156754016876,0.5105843544006348
532180287,cal,0,0,0.49507614970207214,0.5049238204956055
1271101618,cal,0,1,0.5357943177223206,0.5357943177223206
1007669362,cal,0,1,0.515002429485321,0.515002429485321
1795005889,cal,0,1,0.5242786407470703,0.5242786407470703
1269850857,cal,0,1,0.5463845133781433,0.5463845133781433
1273608861,cal,0,1,0.5606502294540405,0.5606502294540405
2066363628,cal,0,1,0.5749476552009583,0.5749476552009583
502501994,cal,1,1,0.5628215074539185,0.5628215074539185
1783867310,cal,1,1,0.5588554739952087,0.5588554739952087
391623809,cal,0,1,0.5836102366447449,0.5836102366447449
1745488256,cal,0,1,0.5800663232803345,0.5800663232803345
2021733771,cal,0,1,0.5548989176750183,0.5548989176750183
173691227,cal,0,1,0.5811994075775146,0.5811994075775146
592889490,cal,0,1,0.5812968611717224,0.5812968611717224
1968364204,cal,0,1,0.5585664510726929,0.5585664510726929
329289171,cal,0,0,0.47229185700416565,0.5277081727981567
495924062,cal,0,0,0.4620690643787384,0.537930965423584
806011842,cal,0,0,0.49063360691070557,0.5093663930892944
1455356232,cal,0,0,0.4639602303504944,0.5360397696495056
1002924244,cal,1,1,0.5832008123397827,0.5832008123397827
1157112693,cal,1,1,0.5949825644493103,0.5949825644493103
1387561184,cal,1,1,0.582572340965271,0.582572340965271
187774517,cal,0,1,0.5954159498214722,0.5954159498214722
1560625889,cal,0,1,0.5972557067871094,0.5972557067871094
1763223520,cal,0,1,0.5935227870941162,0.5935227870941162
972192716,cal,0,1,0.5502385497093201,0.5502385497093201
1803805719,cal,0,1,0.5551334619522095,0.5551334619522095
372492313,cal,0,1,0.5553391575813293,0.5553391575813293
386573728,cal,0,1,0.5395017266273499,0.5395017266273499
23510593,cal,1,1,0.5891258120536804,0.5891258120536804
1166356207,cal,1,1,0.6128945350646973,0.6128945350646973
63663792,cal,0,1,0.6136350035667419,0.6136350035667419
157759503,cal,0,1,0.5933085680007935,0.5933085680007935
1416101210,cal,0,0,0.49299362301826477,0.5070064067840576
1649683346,cal,0,0,0.47079798579216003,0.5292019844055176
985595853,cal,0,0,0.49058160185813904,0.5094183683395386
1319654287,cal,0,0,0.4615519940853119,0.5384479761123657
1068982910,cal,0,1,0.5247557163238525,0.5247557163238525
1365537187,cal,0,0,0.49387890100479126,0.5061210989952087
1465228626,cal,0,1,0.5210050344467163,0.5210050344467163
1798743702,cal,0,1,0.5291365385055542,0.5291365385055542
932394964,cal,0,0,0.48936769366264343,0.5106322765350342
951244069,cal,0,1,0.5085859894752502,0.5085859894752502
1433340604,cal,0,1,0.5340899229049683,0.5340899229049683
831916053,cal,0,0,0.4965280592441559,0.5034719705581665
2064316374,cal,0,1,0.5164053440093994,0.5164053440093994
1071596829,cal,0,1,0.5169907808303833,0.5169907808303833
1351129483,cal,0,0,0.4937264621257782,0.5062735080718994
6052628,cal,0,1,0.58421391248703,0.58421391248703
1984820202,cal,0,1,0.5795177817344666,0.5795177817344666
70293834,cal,0,1,0.581037700176239,0.581037700176239
1264078714,cal,0,1,0.585146963596344,0.585146963596344
110323405,cal,0,0,0.4622342586517334,0.5377657413482666
939675294,cal,0,0,0.4663172960281372,0.5336827039718628
22168170,cal,0,0,0.4803263247013092,0.5196737051010132
584307441,cal,0,0,0.4632013142108917,0.5367987155914307
233214586,cal,0,1,0.6147780418395996,0.6147780418395996
1386317105,cal,0,1,0.6153269410133362,0.6153269410133362
839589610,cal,0,1,0.587160587310791,0.587160587310791
843162017,cal,0,1,0.5873683094978333,0.5873683094978333
260131559,cal,0,1,0.6303657293319702,0.6303657293319702
919821661,cal,0,1,0.5976694822311401,0.5976694822311401
287291133,cal,0,1,0.6169637441635132,0.6169637441635132
1226162513,cal,0,1,0.6080930233001709,0.6080930233001709
1421032662,test,0,0,0.4978821277618408,0.5021178722381592
2004142240,test,0,0,0.49129393696784973,0.5087060928344727
47897447,test,0,1,0.5095271468162537,0.5095271468162537
1153657584,test,0,0,0.48619741201400757,0.5138025879859924
357727549,test,0,1,0.5883365273475647,0.5883365273475647
1550707726,test,0,1,0.5993434190750122,0.5993434190750122
1101708082,test,0,1,0.6017107963562012,0.6017107963562012
1768720938,test,0,1,0.6026862263679504,0.6026862263679504
179977289,cal,1,0,0.4998890459537506,0.5001109838485718
1051182396,cal,1,0,0.4610726237297058,0.5389273762702942
455627632,cal,1,0,0.4970414340496063,0.5029585361480713
1930272915,cal,1,0,0.48081570863723755,0.5191842913627625
177556100,test,0,1,0.5252813100814819,0.5252813100814819
1773446463,test,0,1,0.5347306728363037,0.5347306728363037
372807903,test,1,1,0.5454562902450562,0.5454562902450562
1761399480,test,1,1,0.5219264030456543,0.5219264030456543
699997993,cal,0,1,0.5918548107147217,0.5918548107147217
1319535576,cal,0,1,0.5812081098556519,0.5812081098556519
1022314316,cal,0,1,0.562766969203949,0.562766969203949
1111960447,cal,0,1,0.5565304756164551,0.5565304756164551
475865394,cal,1,1,0.5480433702468872,0.5480433702468872
1296917290,cal,1,1,0.5251624584197998,0.5251624584197998
1909094798,cal,0,1,0.5414124727249146,0.5414124727249146
1984074073,cal,0,1,0.5291123986244202,0.5291123986244202
108468220,cal,0,1,0.5683180093765259,0.5683180093765259
534376076,cal,0,1,0.5648583769798279,0.5648583769798279
210990431,cal,0,1,0.5762130618095398,0.5762130618095398
1997731637,cal,0,1,0.5660130381584167,0.5660130381584167
357463380,test,0,1,0.5246145129203796,0.5246145129203796
1576254582,test,0,1,0.5162874460220337,0.5162874460220337
1458486693,test,0,1,0.5313274264335632,0.5313274264335632
1883019142,test,0,1,0.5263632535934448,0.5263632535934448
117988714,cal,0,1,0.5624019503593445,0.5624019503593445
1787342324,cal,0,1,0.5555986166000366,0.5555986166000366
289733828,cal,1,1,0.541788637638092,0.541788637638092
719800430,cal,1,1,0.5364214777946472,0.5364214777946472
413799158,cal,0,1,0.5050727725028992,0.5050727725028992
1622328001,cal,0,0,0.4907568097114563,0.5092431902885437
137392655,cal,0,1,0.5048927664756775,0.5048927664756775
1148108125,cal,0,0,0.4911419451236725,0.5088580846786499
165367016,cal,0,1,0.5735304951667786,0.5735304951667786
1424155280,cal,0,1,0.5924920439720154,0.5924920439720154
558599863,cal,0,1,0.5881914496421814,0.5881914496421814
1448259964,cal,0,1,0.5644327402114868,0.5644327402114868
1035672706,cal,0,0,0.4935418367385864,0.5064581632614136
1833980871,cal,0,0,0.4734441339969635,0.5265558958053589
294569787,cal,0,0,0.48310354351997375,0.5168964862823486
1056849096,cal,0,0,0.4979732930660248,0.5020266771316528
1236589164,cal,0,0,0.4962919354438782,0.5037080645561218
1446319602,cal,0,0,0.4940875172615051,0.5059124827384949
2066705502,cal,0,1,0.5134247541427612,0.5134247541427612
1557445004,cal,0,0,0.4948174059391022,0.5051826238632202
1848497764,cal,0,0,0.48827895522117615,0.5117210149765015
102077825,test,0,1,0.5191013813018799,0.5191013813018799
1013541084,test,0,1,0.5190189480781555,0.5190189480781555
1092318422,test,0,1,0.508563756942749,0.508563756942749
1875291892,test,0,1,0.5224626064300537,0.5224626064300537
243099713,test,0,0,0.4985238015651703,0.5014761686325073
569320498,test,0,1,0.510296642780304,0.510296642780304
1506507309,test,0,1,0.5480102896690369,0.5480102896690369
1377475453,test,0,1,0.5087876915931702,0.5087876915931702
1821681791,test,0,1,0.5106337070465088,0.5106337070465088
467100054,cal,0,1,0.5067822337150574,0.5067822337150574
1167594022,cal,0,0,0.4899061322212219,0.5100938677787781
1411255306,cal,0,1,0.5036464929580688,0.5036464929580688
1923815442,cal,0,0,0.48941314220428467,0.5105868577957153
684548968,cal,0,1,0.589753270149231,0.589753270149231
1140113947,cal,0,1,0.5909116864204407,0.5909116864204407
1236398954,cal,0,1,0.5897975564002991,0.5897975564002991
2092384759,cal,0,1,0.5900524258613586,0.5900524258613586
886991630,cal,0,0,0.4705917239189148,0.5294082760810852
1413710559,cal,0,0,0.4504343867301941,0.5495656132698059
498490000,cal,0,0,0.46570906043052673,0.5342909097671509
1514069703,cal,0,0,0.46970346570014954,0.5302965641021729
1626603154,cal,0,0,0.49657267332077026,0.5034273266792297
2015402274,cal,0,0,0.4749339818954468,0.5250660181045532
1480806753,cal,0,1,0.5168918371200562,0.5168918371200562
2048494918,cal,0,0,0.4837893843650818,0.5162106156349182
461252051,cal,0,1,0.5664735436439514,0.5664735436439514
751442578,cal,0,1,0.568666934967041,0.568666934967041
1088926950,cal,0,1,0.532759964466095,0.532759964466095
429750986,cal,0,1,0.5557877421379089,0.5557877421379089
676429073,cal,0,1,0.5517890453338623,0.5517890453338623
1361529898,cal,0,1,0.5622398257255554,0.5622398257255554
407099074,cal,0,1,0.5477233529090881,0.5477233529090881
1072727569,cal,0,1,0.5463913679122925,0.5463913679122925
1422906534,cal,0,1,0.5515416264533997,0.5515416264533997
2038331497,cal,0,1,0.5484890341758728,0.5484890341758728
847679471,cal,0,1,0.6154327392578125,0.6154327392578125
928836738,cal,0,1,0.6159484386444092,0.6159484386444092
1956961360,cal,0,1,0.6212139129638672,0.6212139129638672
90298460,cal,0,1,0.6228572726249695,0.6228572726249695
180674921,cal,0,1,0.6155282258987427,0.6155282258987427
416873028,cal,0,1,0.6232343912124634,0.6232343912124634
2034791293,cal,0,1,0.6259567141532898,0.6259567141532898
436535910,cal,0,1,0.5688446760177612,0.5688446760177612
1368079344,cal,0,1,0.5590466856956482,0.5590466856956482
1762542834,cal,0,1,0.5701749920845032,0.5701749920845032
2119271081,cal,0,1,0.5638583898544312,0.5638583898544312
89313339,cal,0,1,0.5189027786254883,0.5189027786254883
1347632164,cal,0,0,0.49057069420814514,0.5094293355941772
1979121455,cal,0,1,0.5147414803504944,0.5147414803504944
32319003,cal,0,1,0.5035536289215088,0.5035536289215088
33009280,cal,0,1,0.5014445781707764,0.5014445781707764
209832310,cal,0,1,0.5125499367713928,0.5125499367713928
985537474,cal,0,0,0.4819567799568176,0.5180432200431824
1544998939,cal,0,1,0.5001023411750793,0.5001023411750793
469375902,cal,0,0,0.48011764883995056,0.519882321357727
1955312386,cal,0,1,0.5144574642181396,0.5144574642181396
826779647,test,0,0,0.4600793421268463,0.5399206876754761
1690168731,test,0,0,0.4153097867965698,0.5846902132034302
372220635,test,1,0,0.3981103301048279,0.6018896698951721
936578725,test,1,0,0.44424062967300415,0.5557593703269958
1720329234,test,1,0,0.3843606412410736,0.615639328956604
1094489100,cal,0,1,0.5228591561317444,0.5228591561317444
1505727762,cal,0,0,0.47404053807258606,0.5259594917297363
1937699038,cal,0,1,0.5453234910964966,0.5453234910964966
664520660,cal,0,1,0.5080083608627319,0.5080083608627319
2026875863,cal,0,1,0.545962393283844,0.545962393283844
999294773,cal,0,0,0.45856648683547974,0.5414335131645203
1831686613,cal,0,0,0.4871377646923065,0.5128622055053711
323733429,cal,0,0,0.4826667010784149,0.5173332691192627
1510561514,cal,0,0,0.4722549021244049,0.5277451276779175
1453737311,cal,0,0,0.4579102098941803,0.5420898199081421
1683172890,cal,0,0,0.47722703218460083,0.5227729678153992
513017796,cal,1,0,0.48580557107925415,0.5141944289207458
845868586,cal,1,0,0.4580114483833313,0.5419885516166687
331990135,test,0,1,0.5078262090682983,0.5078262090682983
1594273796,test,0,1,0.5014517307281494,0.5014517307281494
671032023,test,0,1,0.5085078477859497,0.5085078477859497
901533272,test,0,0,0.49395957589149475,0.5060404539108276
29688506,cal,0,0,0.4870804250240326,0.512919545173645
1712905937,cal,0,0,0.4946223497390747,0.5053776502609253
730617234,cal,0,0,0.48667433857917786,0.5133256912231445
1999803686,cal,0,1,0.5016825199127197,0.5016825199127197
625898388,cal,0,1,0.587533712387085,0.587533712387085
964292103,cal,0,1,0.5970197916030884,0.5970197916030884
1801137787,cal,0,1,0.5922096371650696,0.5922096371650696
59420583,cal,0,1,0.5639554858207703,0.5639554858207703
828053698,cal,0,1,0.5663707852363586,0.5663707852363586
1177773888,cal,0,1,0.5729295611381531,0.5729295611381531
628228078,test,0,1,0.5428981184959412,0.5428981184959412
1990974976,test,0,1,0.5607469081878662,0.5607469081878662
838864474,test,0,1,0.5376314520835876,0.5376314520835876
1050006630,test,0,1,0.5358582735061646,0.5358582735061646
62456969,cal,0,1,0.5011335015296936,0.5011335015296936
1845502573,cal,0,1,0.5101584792137146,0.5101584792137146
32218025,cal,0,1,0.523432731628418,0.523432731628418
773190904,cal,0,0,0.49840816855430603,0.5015918016433716
992394416,cal,0,0,0.4656330347061157,0.5343669652938843
2074699222,cal,0,0,0.4836520850658417,0.5163478851318359
783200395,cal,0,0,0.45412981510162354,0.5458701848983765
1906415588,cal,0,0,0.49184295535087585,0.5081570148468018
1066840569,cal,0,0,0.47415876388549805,0.525841236114502
2028845048,cal,0,0,0.4770355522632599,0.5229644775390625
175796559,cal,0,0,0.48645031452178955,0.5135496854782104
775905981,cal,0,0,0.47800156474113464,0.521998405456543
454124097,cal,1,1,0.6038705706596375,0.6038705706596375
557781911,cal,1,1,0.5567243099212646,0.5567243099212646
2082458736,cal,1,1,0.556286633014679,0.556286633014679
158205583,cal,0,1,0.5541961789131165,0.5541961789131165
954484625,cal,0,1,0.608106791973114,0.608106791973114
1032777191,cal,0,1,0.5310980677604675,0.5310980677604675
1160308336,cal,0,1,0.5482227802276611,0.5482227802276611
1843677440,cal,0,1,0.5175982117652893,0.5175982117652893
2062149895,cal,0,1,0.5153898000717163,0.5153898000717163
1267937436,cal,0,1,0.5707852840423584,0.5707852840423584
1928618062,cal,0,1,0.579289972782135,0.579289972782135
843199821,cal,0,1,0.5827123522758484,0.5827123522758484
1806925735,cal,0,1,0.5785621404647827,0.5785621404647827
1266745668,test,0,0,0.48657310009002686,0.5134268999099731
1491899275,test,0,1,0.5139440298080444,0.5139440298080444
22058316,test,1,0,0.4947660565376282,0.5052339434623718
732919056,test,1,0,0.4914075434207916,0.5085924863815308
1162941650,cal,0,1,0.5117488503456116,0.5117488503456116
1509557418,cal,0,0,0.47905468940734863,0.5209453105926514
1121556266,cal,0,1,0.5092898607254028,0.5092898607254028
2132997746,cal,0,1,0.5160396099090576,0.5160396099090576
789323991,cal,0,1,0.5837898850440979,0.5837898850440979
1187907340,cal,0,1,0.5911871194839478,0.5911871194839478
311019410,cal,0,1,0.5716320276260376,0.5716320276260376
1055935395,cal,0,1,0.5735518932342529,0.5735518932342529
1282674566,cal,0,1,0.5785284638404846,0.5785284638404846
19998566,cal,1,1,0.5111960768699646,0.5111960768699646
27255264,cal,1,0,0.4964265525341034,0.5035734176635742
619933161,cal,0,1,0.5177560448646545,0.5177560448646545
1672237696,cal,0,1,0.5062116384506226,0.5062116384506226
498216143,test,0,1,0.5281053781509399,0.5281053781509399
682760328,test,0,1,0.5378193855285645,0.5378193855285645
802507973,test,0,1,0.536235511302948,0.536235511302948
1100219031,test,0,1,0.5510463118553162,0.5510463118553162
16728092,cal,0,1,0.5780726075172424,0.5780726075172424
1004544277,cal,0,1,0.6172410845756531,0.6172410845756531
1674777976,cal,0,1,0.5845566987991333,0.5845566987991333
1793102159,cal,0,1,0.6037124991416931,0.6037124991416931
752293679,cal,0,1,0.5552239418029785,0.5552239418029785
1339357847,cal,0,1,0.5545614957809448,0.5545614957809448
154651696,cal,0,1,0.5550752878189087,0.5550752878189087
1356437896,cal,0,1,0.5719566345214844,0.5719566345214844
104731788,cal,0,0,0.48042869567871094,0.5195713043212891
384720221,cal,0,0,0.48334988951683044,0.5166500806808472
589346694,cal,0,0,0.3768470287322998,0.6231529712677002
1590016099,cal,0,1,0.5303834080696106,0.5303834080696106
662430167,cal,0,1,0.5054007172584534,0.5054007172584534
977188713,cal,0,0,0.40166398882865906,0.5983359813690186
1862506268,cal,0,0,0.37056800723075867,0.629431962966919
1916497595,cal,0,0,0.4734021723270416,0.5265978574752808
87547612,cal,1,1,0.6184442639350891,0.6184442639350891
2065520937,cal,1,1,0.6101089119911194,0.6101089119911194
618303407,cal,0,1,0.6220256686210632,0.6220256686210632
2091042421,cal,0,1,0.6118521094322205,0.6118521094322205
40566615,cal,0,1,0.5337173938751221,0.5337173938751221
1103900282,cal,0,1,0.5148109793663025,0.5148109793663025
479475864,cal,1,1,0.5206691026687622,0.5206691026687622
1004138090,cal,1,1,0.5276157259941101,0.5276157259941101
136185442,cal,0,1,0.5201268196105957,0.5201268196105957
498637624,cal,0,0,0.4733874201774597,0.5266125798225403
657011726,cal,0,0,0.46469128131866455,0.5353087186813354
1731719273,cal,0,0,0.4646318256855011,0.5353682041168213
1428253621,cal,0,0,0.47548794746398926,0.5245120525360107
1515666251,cal,0,1,0.5055882930755615,0.5055882930755615
1087806646,cal,0,1,0.5011795163154602,0.5011795163154602
1728043981,cal,0,0,0.49171748757362366,0.5082825422286987
1067350511,cal,0,1,0.5145789980888367,0.5145789980888367
1337915015,cal,0,0,0.49353817105293274,0.5064618587493896
594317680,cal,0,1,0.504480242729187,0.504480242729187
1843757504,cal,0,0,0.4900621771812439,0.5099378228187561
1391411353,cal,0,1,0.5113477110862732,0.5113477110862732
1985637194,cal,0,0,0.4866144359111786,0.513385534286499
820398317,cal,1,0,0.49641740322113037,0.5035825967788696
1701679488,cal,1,0,0.49283409118652344,0.5071659088134766
69626114,cal,0,1,0.6116390824317932,0.6116390824317932
1040960141,cal,0,1,0.6060303449630737,0.6060303449630737
1898429001,cal,0,1,0.6178638935089111,0.6178638935089111
29385821,cal,0,1,0.5835141539573669,0.5835141539573669
869064635,cal,0,1,0.605354368686676,0.605354368686676
1488537533,cal,0,1,0.581641674041748,0.581641674041748
1115643101,test,0,1,0.6020047068595886,0.6020047068595886
1935829544,test,0,1,0.6158691048622131,0.6158691048622131
159628149,test,0,1,0.6186225414276123,0.6186225414276123
1551743306,test,0,1,0.6124662756919861,0.6124662756919861
933590930,cal,0,0,0.4922769069671631,0.5077230930328369
1385465747,cal,0,1,0.5157800912857056,0.5157800912857056
1413047543,cal,0,0,0.4732888340950012,0.5267111659049988
383994922,cal,0,1,0.5155556201934814,0.5155556201934814
1372752434,cal,0,0,0.47287577390670776,0.5271242260932922
1496314906,cal,0,0,0.477862685918808,0.5221372842788696
434526270,cal,0,0,0.476920485496521,0.523079514503479
1027814295,cal,0,0,0.46808430552482605,0.5319156646728516
478312670,cal,0,0,0.4531375765800476,0.5468624234199524
1315671789,cal,0,0,0.46644461154937744,0.5335553884506226
2083763270,cal,0,0,0.48211121559143066,0.5178887844085693
466639173,test,0,1,0.5217854976654053,0.5217854976654053
580606287,test,0,1,0.5063133239746094,0.5063133239746094
1892822556,test,0,1,0.5292021632194519,0.5292021632194519
2014147554,test,0,1,0.5431079864501953,0.5431079864501953
1098991335,test,0,1,0.5424898266792297,0.5424898266792297
1744613707,test,0,0,0.48092514276504517,0.5190748572349548
2104809900,test,0,1,0.5312235355377197,0.5312235355377197
1062573473,cal,1,0,0.4869656264781952,0.5130343437194824
1209870218,cal,1,1,0.5266133546829224,0.5266133546829224
482775874,cal,0,0,0.4888693690299988,0.5111306309700012
560510558,cal,0,1,0.513089656829834,0.513089656829834
1051738303,cal,0,1,0.519180417060852,0.519180417060852
1716125308,cal,0,1,0.5034393668174744,0.5034393668174744
484415869,cal,0,1,0.5003412961959839,0.5003412961959839
1313372833,cal,0,0,0.4652371406555176,0.5347628593444824
595020125,test,0,1,0.5653005838394165,0.5653005838394165
842908419,test,0,1,0.5550535917282104,0.5550535917282104
1820177727,test,0,1,0.5523785948753357,0.5523785948753357
1909978359,test,0,1,0.576994001865387,0.576994001865387
233978481,test,0,1,0.5577856302261353,0.5577856302261353
1312821620,test,0,1,0.5554757118225098,0.5554757118225098
242822168,cal,1,0,0.47698602080345154,0.5230139493942261
1257685849,cal,1,0,0.456033855676651,0.5439661741256714
238620193,cal,0,0,0.4617146849632263,0.5382853150367737
1449353698,cal,0,0,0.48492202162742615,0.5150779485702515
342493770,cal,0,1,0.5892173051834106,0.5892173051834106
551924503,cal,0,1,0.6388768553733826,0.6388768553733826
884840452,cal,0,1,0.6360294222831726,0.6360294222831726
1474719519,cal,0,1,0.5875190496444702,0.5875190496444702
900108392,cal,0,1,0.5084379315376282,0.5084379315376282
1764319267,cal,0,1,0.5057098865509033,0.5057098865509033
1242778806,cal,1,0,0.4951149523258209,0.5048850774765015
1592211523,cal,1,1,0.5071606636047363,0.5071606636047363
239969915,test,0,1,0.5652932524681091,0.5652932524681091
535757590,test,0,1,0.5996263027191162,0.5996263027191162
847399304,test,0,1,0.5825942158699036,0.5825942158699036
220815564,test,1,1,0.5552037358283997,0.5552037358283997
1886103807,test,1,1,0.5903289318084717,0.5903289318084717
1346272574,test,1,0,0.483364999294281,0.516635000705719
1807537795,test,1,0,0.49059629440307617,0.5094037055969238
831312129,test,0,0,0.49664053320884705,0.5033594369888306
1962103561,test,0,0,0.4834645092487335,0.5165355205535889
1986870567,test,0,0,0.49155348539352417,0.5084465146064758
2080005044,test,0,0,0.45306846499443054,0.5469315052032471
590630069,test,0,0,0.4835760295391083,0.5164239406585693
1901589042,test,0,0,0.46141573786735535,0.5385842323303223
601760242,test,0,1,0.5034512877464294,0.5034512877464294
1527935922,test,0,1,0.5423397421836853,0.5423397421836853
1913270069,test,0,1,0.5339598655700684,0.5339598655700684
234751956,test,0,1,0.526984691619873,0.526984691619873
377714113,test,0,1,0.5073944330215454,0.5073944330215454
1665338424,test,0,1,0.5243585109710693,0.5243585109710693
37047290,cal,0,1,0.5702086687088013,0.5702086687088013
1420878875,cal,0,1,0.5865499377250671,0.5865499377250671
1038737555,cal,0,1,0.5583652853965759,0.5583652853965759
1921602811,cal,0,1,0.5598352551460266,0.5598352551460266
1002348595,cal,1,0,0.4842124581336975,0.5157875418663025
1404728343,cal,1,0,0.498019814491272,0.501980185508728
220537118,cal,0,0,0.4741305708885193,0.5258694291114807
1477486748,cal,0,0,0.4711056053638458,0.5288944244384766
285148032,cal,0,0,0.4850390553474426,0.5149609446525574
358366490,cal,0,0,0.4876824915409088,0.5123175382614136
1422308729,cal,1,0,0.49602288007736206,0.5039771199226379
1961067528,cal,1,0,0.4847829043865204,0.5152170658111572
729348158,test,0,0,0.4809229373931885,0.5190770626068115
1029455238,test,0,1,0.5129647850990295,0.5129647850990295
159626002,test,0,1,0.5068073868751526,0.5068073868751526
1540656661,test,0,0,0.46294185519218445,0.5370581150054932
468181804,cal,0,0,0.49255073070526123,0.5074492692947388
1392248713,cal,0,0,0.46979448199272156,0.530205488204956
758395875,cal,1,0,0.4837900698184967,0.5162099599838257
1906232888,cal,1,0,0.476775199174881,0.5232248306274414
188303768,test,0,1,0.5661349892616272,0.5661349892616272
677526701,test,0,1,0.5530630946159363,0.5530630946159363
1304632393,test,0,1,0.5732840895652771,0.5732840895652771
2016234414,test,0,1,0.5906733274459839,0.5906733274459839
111244684,test,0,1,0.5941892266273499,0.5941892266273499
622712239,test,0,1,0.5721301436424255,0.5721301436424255
1328628442,test,0,1,0.5660533905029297,0.5660533905029297
415804861,cal,0,0,0.493479460477829,0.5065205097198486
719075506,cal,0,1,0.5064349174499512,0.5064349174499512
1395760879,cal,0,0,0.45359694957733154,0.5464030504226685
1696805912,cal,0,0,0.4904724359512329,0.5095275640487671
634670456,cal,1,1,0.5004323124885559,0.5004323124885559
1740294447,cal,1,0,0.4645598232746124,0.53544020652771
1132372131,cal,0,0,0.4767109453678131,0.5232890844345093
1737309444,cal,0,0,0.4934340715408325,0.5065659284591675
183881432,test,0,0,0.4806194603443146,0.5193805694580078
1552586299,test,0,1,0.5109341144561768,0.5109341144561768
775395672,test,0,1,0.5111731290817261,0.5111731290817261
1583190925,test,0,0,0.47768744826316833,0.5223125219345093
111081174,cal,0,1,0.6234438419342041,0.6234438419342041
1027084774,cal,0,1,0.6117303371429443,0.6117303371429443
123534365,cal,0,1,0.6228713393211365,0.6228713393211365
897349809,cal,0,1,0.613166093826294,0.613166093826294
179772414,cal,0,0,0.4801214933395386,0.5198785066604614
281926985,cal,0,0,0.4627513885498047,0.5372486114501953
1339345912,cal,0,0,0.4635778069496155,0.5364221930503845
1164947947,cal,0,0,0.4604555666446686,0.5395444631576538
1530958790,cal,0,0,0.4616921842098236,0.538307785987854
719370309,cal,0,1,0.562778115272522,0.562778115272522
1133588955,cal,0,1,0.5515832901000977,0.5515832901000977
954272468,cal,0,1,0.563983678817749,0.563983678817749
1144801998,cal,0,1,0.5580122470855713,0.5580122470855713
1912861787,cal,0,1,0.5655182600021362,0.5655182600021362
2143296208,cal,0,1,0.5437948703765869,0.5437948703765869
655336164,cal,0,1,0.5283592939376831,0.5283592939376831
726398203,cal,0,1,0.5416906476020813,0.5416906476020813
1318073367,cal,0,1,0.5018221139907837,0.5018221139907837
1569844018,cal,0,1,0.5434162020683289,0.5434162020683289
2012538434,cal,0,1,0.5324534773826599,0.5324534773826599
295905744,cal,1,1,0.5363152623176575,0.5363152623176575
315491946,cal,1,1,0.547532320022583,0.547532320022583
583713483,cal,1,1,0.5419695973396301,0.5419695973396301
883504989,cal,1,1,0.5324931740760803,0.5324931740760803
1412912545,cal,1,1,0.519273579120636,0.519273579120636
1665506463,cal,1,1,0.5406008958816528,0.5406008958816528
675194585,cal,0,0,0.23949430882930756,0.7605056762695312
1032653021,cal,0,0,0.2482941448688507,0.7517058849334717
1395631511,cal,0,0,0.4934132695198059,0.5065867304801941
1986793649,cal,0,1,0.529678225517273,0.529678225517273
787652499,cal,0,1,0.5218139290809631,0.5218139290809631
917833421,cal,0,1,0.5117278099060059,0.5117278099060059
1514395554,cal,0,0,0.4920262098312378,0.5079737901687622
1626114519,cal,0,0,0.47677797079086304,0.523222029209137
1779521402,cal,0,0,0.4884713292121887,0.5115286707878113
422556300,test,0,1,0.5930332541465759,0.5930332541465759
1553978082,test,0,1,0.6177555918693542,0.6177555918693542
1579798007,test,0,1,0.6155601739883423,0.6155601739883423
1170957065,test,0,1,0.6133838295936584,0.6133838295936584
1586406000,test,0,1,0.5739844441413879,0.5739844441413879
1933946637,test,0,1,0.6213238835334778,0.6213238835334778
1347932598,cal,0,0,0.4907226860523224,0.50927734375
1639558470,cal,0,0,0.4645219147205353,0.5354781150817871
1046610324,cal,0,0,0.45042523741722107,0.5495747327804565
1495408808,cal,0,0,0.46927133202552795,0.5307286977767944
661352576,cal,0,1,0.5550374388694763,0.5550374388694763
1029939477,cal,0,1,0.5711917877197266,0.5711917877197266
1456038172,cal,0,1,0.569226086139679,0.569226086139679
1416093920,cal,0,1,0.56033855676651,0.56033855676651
1485759556,cal,0,1,0.5657301545143127,0.5657301545143127
1926946495,cal,0,1,0.5618358254432678,0.5618358254432678
445421651,test,0,1,0.5662328004837036,0.5662328004837036
2048604577,test,0,1,0.5673663020133972,0.5673663020133972
2106686626,test,0,1,0.5781041383743286,0.5781041383743286
1254266003,test,0,1,0.5432440042495728,0.5432440042495728
1791547904,test,0,1,0.5801600217819214,0.5801600217819214
2146141205,test,0,1,0.5692046284675598,0.5692046284675598
820377407,cal,0,0,0.4838739335536957,0.5161260366439819
1032254612,cal,0,0,0.4864497482776642,0.5135502815246582
364521222,cal,0,0,0.4784376323223114,0.5215623378753662
526023228,cal,0,0,0.4692367911338806,0.5307632088661194
29889573,cal,0,0,0.4768512547016144,0.523148775100708
848847535,cal,0,0,0.4836946427822113,0.5163053274154663
247736000,cal,0,1,0.513249933719635,0.513249933719635
2076992444,cal,0,1,0.5046992301940918,0.5046992301940918
334822833,cal,0,1,0.525286853313446,0.525286853313446
1587308996,cal,0,1,0.546337366104126,0.546337366104126
1325620948,cal,0,1,0.5359715223312378,0.5359715223312378
1677056104,cal,0,1,0.5422029495239258,0.5422029495239258
209342482,cal,1,1,0.5862895846366882,0.5862895846366882
1431924062,cal,1,1,0.5826446413993835,0.5826446413993835
268932727,cal,0,1,0.5869402885437012,0.5869402885437012
884857592,cal,0,1,0.5787388682365417,0.5787388682365417
154794478,cal,0,1,0.646388053894043,0.646388053894043
173293257,cal,0,1,0.6225221753120422,0.6225221753120422
432210619,cal,0,1,0.6606678366661072,0.6606678366661072
785541547,cal,0,1,0.6463401913642883,0.6463401913642883
1409979590,cal,0,1,0.6534410715103149,0.6534410715103149
1535644215,cal,0,1,0.6329324245452881,0.6329324245452881
58498843,cal,0,1,0.524075448513031,0.524075448513031
588013081,cal,0,1,0.537903904914856,0.537903904914856
671342702,cal,1,1,0.5334000587463379,0.5334000587463379
1506392319,cal,1,1,0.5357381701469421,0.5357381701469421
38981656,cal,0,0,0.470770925283432,0.5292290449142456
1635404253,cal,0,0,0.4975098967552185,0.5024901032447815
2016619119,cal,0,0,0.4503416121006012,0.5496584177017212
557046384,cal,0,0,0.4769197404384613,0.5230802297592163
2003156477,cal,0,0,0.45960763096809387,0.5403923988342285
589592947,cal,0,0,0.47498899698257446,0.5250110030174255
988359445,cal,0,1,0.5171264410018921,0.5171264410018921
748075820,cal,0,1,0.517509937286377,0.517509937286377
1125194530,cal,0,0,0.4752967953681946,0.5247032046318054
1851528738,cal,0,0,0.22557570040225983,0.7744243144989014
1897862012,cal,0,0,0.27422773838043213,0.7257722616195679
592809359,cal,0,0,0.2322351038455963,0.7677649259567261
1986466807,cal,0,0,0.25233885645866394,0.7476611137390137
2100442822,cal,0,0,0.22508452832698822,0.7749154567718506
1729560499,cal,0,1,0.5315248966217041,0.5315248966217041
1896433331,cal,0,1,0.5220023989677429,0.5220023989677429
1541528393,cal,0,1,0.5220576524734497,0.5220576524734497
1789916483,cal,0,1,0.5386062860488892,0.5386062860488892
1116133987,cal,0,0,0.31396108865737915,0.6860389113426208
1332070504,cal,0,0,0.2785493731498718,0.7214506268501282
1665098758,cal,0,0,0.27219587564468384,0.7278041243553162
1975369208,cal,0,0,0.2639053761959076,0.73609459400177
1179624847,cal,0,1,0.5132408142089844,0.5132408142089844
1709688604,cal,0,1,0.5187208652496338,0.5187208652496338
1906714072,cal,0,1,0.5103532671928406,0.5103532671928406
2084662747,cal,0,1,0.5055944919586182,0.5055944919586182
665997729,test,0,1,0.5707084536552429,0.5707084536552429
919331182,test,0,1,0.5665845274925232,0.5665845274925232
1205359306,test,0,1,0.5616257786750793,0.5616257786750793
1776833694,test,0,1,0.5288316607475281,0.5288316607475281
949631286,test,0,1,0.5475484132766724,0.5475484132766724
1302446422,test,0,1,0.5255296230316162,0.5255296230316162
1428980376,test,0,1,0.5548871159553528,0.5548871159553528
1640890791,test,0,1,0.5542960166931152,0.5542960166931152
921683391,cal,0,1,0.561896026134491,0.561896026134491
1155134550,cal,0,1,0.5885118842124939,0.5885118842124939
620064621,cal,0,1,0.5584056973457336,0.5584056973457336
2123461235,cal,0,1,0.597888171672821,0.597888171672821
573119264,cal,0,0,0.4851865768432617,0.5148134231567383
810973868,cal,0,0,0.48716843128204346,0.5128315687179565
581372478,cal,0,0,0.4969273507595062,0.5030726194381714
1951725040,cal,0,0,0.46202799677848816,0.5379719734191895
115243889,cal,0,1,0.5149089694023132,0.5149089694023132
1329629726,cal,0,1,0.5021685361862183,0.5021685361862183
782240067,cal,1,1,0.5072919726371765,0.5072919726371765
977257608,cal,1,0,0.49444130063056946,0.5055587291717529
115417008,cal,0,1,0.5810121893882751,0.5810121893882751
1626868326,cal,0,1,0.6173784732818604,0.6173784732818604
611331993,cal,1,1,0.5826233625411987,0.5826233625411987
1603542732,cal,1,1,0.5865993499755859,0.5865993499755859
114878894,cal,0,1,0.572600781917572,0.572600781917572
1730058338,cal,0,1,0.5744186043739319,0.5744186043739319
958891809,cal,0,1,0.5650591254234314,0.5650591254234314
1995965602,cal,0,1,0.582275927066803,0.582275927066803
605780951,cal,1,1,0.5791656970977783,0.5791656970977783
1004827322,cal,1,1,0.590250551700592,0.590250551700592
1444715577,cal,1,1,0.5975139737129211,0.5975139737129211
106534316,cal,0,1,0.5728870630264282,0.5728870630264282
369576125,cal,0,1,0.5878859162330627,0.5878859162330627
476496034,cal,0,1,0.5738577842712402,0.5738577842712402
1740940226,cal,0,1,0.5753660202026367,0.5753660202026367
785771226,cal,0,0,0.4721898138523102,0.5278102159500122
903127276,cal,0,0,0.46174103021621704,0.538258969783783
1108496603,cal,0,0,0.47533249855041504,0.524667501449585
33792088,cal,0,0,0.46339356899261475,0.5366064310073853
1256381396,cal,0,0,0.47849005460739136,0.5215099453926086
1792235945,cal,0,0,0.46445947885513306,0.5355405211448669
959712251,cal,0,1,0.506321370601654,0.506321370601654
2102605470,cal,0,1,0.5220593810081482,0.5220593810081482
747963707,cal,0,0,0.4970509707927704,0.5029489994049072
876016723,cal,0,1,0.5172315239906311,0.5172315239906311
1006516323,cal,0,0,0.48755475878715515,0.5124452114105225
397593699,test,0,1,0.50538569688797,0.50538569688797
1512090878,test,0,1,0.5142652988433838,0.5142652988433838
852029882,test,0,1,0.515809953212738,0.515809953212738
1996141567,test,0,1,0.5189821124076843,0.5189821124076843
626746322,cal,0,1,0.5520053505897522,0.5520053505897522
1334894287,cal,0,1,0.536429762840271,0.536429762840271
1563124928,cal,0,1,0.5438496470451355,0.5438496470451355
129609192,cal,1,1,0.5457528829574585,0.5457528829574585
754579791,cal,1,1,0.5516597628593445,0.5516597628593445
1931036504,cal,1,1,0.5286576747894287,0.5286576747894287
1070533658,test,0,0,0.48629364371299744,0.5137063264846802
1943545971,test,0,1,0.5065199732780457,0.5065199732780457
1211338064,test,0,0,0.49233531951904297,0.507664680480957
1444988411,test,0,1,0.5194829702377319,0.5194829702377319
764524037,cal,1,1,0.6002717018127441,0.6002717018127441
1552376199,cal,1,1,0.6081753969192505,0.6081753969192505
1661394668,cal,1,1,0.6009762287139893,0.6009762287139893
1928166908,cal,1,1,0.5996992588043213,0.5996992588043213
383822298,cal,0,1,0.5843157768249512,0.5843157768249512
650043287,cal,0,1,0.591914176940918,0.591914176940918
1004071591,cal,0,1,0.5958845615386963,0.5958845615386963
532622882,cal,0,1,0.5948433876037598,0.5948433876037598
1026490160,cal,0,1,0.6014269590377808,0.6014269590377808
1528362488,cal,0,1,0.6011876463890076,0.6011876463890076
1401732643,cal,0,1,0.592149019241333,0.592149019241333
1626162624,cal,0,1,0.5948737859725952,0.5948737859725952
570355487,cal,0,1,0.5662900805473328,0.5662900805473328
1301071682,cal,0,1,0.5604074597358704,0.5604074597358704
1544835477,cal,0,1,0.5768154859542847,0.5768154859542847
702778288,cal,0,1,0.5857515931129456,0.5857515931129456
1549974168,cal,0,1,0.5983972549438477,0.5983972549438477
812834147,cal,0,1,0.5623965859413147,0.5623965859413147
1009349413,cal,0,1,0.5676341652870178,0.5676341652870178
927957765,cal,0,1,0.5511801242828369,0.5511801242828369
1462852224,cal,0,1,0.5506724119186401,0.5506724119186401
395070772,cal,0,1,0.5480474233627319,0.5480474233627319
841958611,cal,0,1,0.5207085609436035,0.5207085609436035
1637964498,cal,0,1,0.5501234531402588,0.5501234531402588
1701274140,cal,0,1,0.5161768198013306,0.5161768198013306
1863548816,cal,0,1,0.5481096506118774,0.5481096506118774
36185218,cal,1,1,0.5717935562133789,0.5717935562133789
153466729,cal,1,1,0.5450610518455505,0.5450610518455505
609146725,cal,0,1,0.5664219260215759,0.5664219260215759
1331617737,cal,0,1,0.5671993494033813,0.5671993494033813
1431376745,cal,1,1,0.5534546971321106,0.5534546971321106
2110057477,cal,1,1,0.5236842036247253,0.5236842036247253
261276895,cal,0,1,0.5213099718093872,0.5213099718093872
634274430,cal,0,1,0.5263157486915588,0.5263157486915588
743568274,cal,0,1,0.5877000093460083,0.5877000093460083
1133272310,cal,0,1,0.5968384742736816,0.5968384742736816
277887734,cal,1,1,0.5879151225090027,0.5879151225090027
1557454536,cal,1,1,0.5953789353370667,0.5953789353370667
489040439,cal,0,0,0.4899609684944153,0.5100390315055847
1324349541,cal,0,0,0.4981018006801605,0.5018981695175171
413123497,cal,0,0,0.4705175459384918,0.5294824838638306
1233048638,cal,0,0,0.4764192998409271,0.5235806703567505
1978211567,test,0,1,0.6106691956520081,0.6106691956520081
2071665163,test,0,1,0.5660094022750854,0.5660094022750854
195130871,test,0,1,0.6149554252624512,0.6149554252624512
650602421,test,0,1,0.6114371418952942,0.6114371418952942
231713766,cal,1,1,0.557333767414093,0.557333767414093
454242968,cal,1,1,0.5838255882263184,0.5838255882263184
1644299693,cal,1,1,0.5676437020301819,0.5676437020301819
765775148,cal,0,1,0.5607686638832092,0.5607686638832092
1909977542,cal,0,1,0.5917550325393677,0.5917550325393677
2069960058,cal,0,1,0.5803258419036865,0.5803258419036865
127745528,cal,0,1,0.562789261341095,0.562789261341095
215792888,cal,0,1,0.5530611276626587,0.5530611276626587
1151298885,cal,0,1,0.5499454140663147,0.5499454140663147
897412072,cal,1,1,0.5907250046730042,0.5907250046730042
1857464328,cal,1,1,0.5625594258308411,0.5625594258308411
295786947,cal,0,1,0.5867952704429626,0.5867952704429626
675424546,cal,0,1,0.5728343725204468,0.5728343725204468
1492002733,cal,0,1,0.5983286499977112,0.5983286499977112
130144867,cal,0,1,0.5545555353164673,0.5545555353164673
895134311,cal,0,1,0.576065719127655,0.576065719127655
1490065261,cal,0,1,0.5650293827056885,0.5650293827056885
211625370,cal,0,0,0.4988192915916443,0.5011807084083557
1988631038,cal,0,1,0.50677889585495,0.50677889585495
920878655,cal,0,0,0.47588032484054565,0.5241196751594543
1988297955,cal,0,0,0.48977941274642944,0.5102205872535706
17597218,cal,1,1,0.5775269865989685,0.5775269865989685
422165799,cal,1,1,0.5995268821716309,0.5995268821716309
867051331,cal,0,1,0.6032248139381409,0.6032248139381409
1916582484,cal,0,1,0.5693967342376709,0.5693967342376709
68920186,cal,0,0,0.2857721149921417,0.7142279148101807
995762152,cal,0,0,0.2896071672439575,0.7103928327560425
486644584,cal,0,0,0.2865373492240906,0.7134626507759094
809852505,cal,0,0,0.26532259583473206,0.7346774339675903
15326937,cal,0,1,0.5462045669555664,0.5462045669555664
142391620,cal,0,1,0.5635417103767395,0.5635417103767395
883258970,cal,0,1,0.5500459671020508,0.5500459671020508
1014950007,cal,0,1,0.5598024129867554,0.5598024129867554
1518135778,cal,0,1,0.5686275959014893,0.5686275959014893
1657046304,cal,0,1,0.5582497715950012,0.5582497715950012
77993212,cal,0,1,0.5830875039100647,0.5830875039100647
148087415,cal,0,1,0.5906857848167419,0.5906857848167419
715607235,cal,0,1,0.5624789595603943,0.5624789595603943
999903865,cal,0,1,0.5674680471420288,0.5674680471420288
1440993576,cal,0,1,0.5221187472343445,0.5221187472343445
830618523,cal,0,1,0.5420410633087158,0.5420410633087158
2031110360,cal,0,0,0.4822600483894348,0.5177399516105652
1249053441,cal,0,0,0.49273809790611267,0.5072618722915649
1804971989,cal,0,1,0.5442631244659424,0.5442631244659424
1436996388,cal,0,1,0.5048755407333374,0.5048755407333374
1911180846,cal,0,1,0.5060062408447266,0.5060062408447266
2040462482,cal,0,1,0.5310920476913452,0.5310920476913452
392067061,cal,1,1,0.5195938348770142,0.5195938348770142
793836288,cal,1,1,0.531650185585022,0.531650185585022
1287075444,cal,1,1,0.5175741314888,0.5175741314888
1670754453,cal,1,0,0.49942296743392944,0.5005770325660706
555384996,test,0,1,0.5937069058418274,0.5937069058418274
953560304,test,0,1,0.6052524447441101,0.6052524447441101
1072305662,test,0,1,0.6054816246032715,0.6054816246032715
1099292428,test,0,1,0.5894190669059753,0.5894190669059753
685424449,test,0,1,0.6081135869026184,0.6081135869026184
1153887522,test,0,1,0.5790109038352966,0.5790109038352966
1440139384,test,0,1,0.6006236672401428,0.6006236672401428
1441808935,test,0,1,0.5906062722206116,0.5906062722206116
218130588,cal,0,1,0.5075158476829529,0.5075158476829529
466667449,cal,0,0,0.48024782538414,0.5197521448135376
651560942,cal,0,0,0.466137558221817,0.5338624715805054
1329949034,cal,0,0,0.48495545983314514,0.5150445699691772
1475987630,cal,0,0,0.4942508935928345,0.5057491064071655
766050208,cal,0,0,0.467464417219162,0.5325355529785156
934932466,cal,0,0,0.49166378378868103,0.5083361864089966
1807838375,cal,1,0,0.4902245104312897,0.5097755193710327
2066554741,cal,1,0,0.495889276266098,0.5041106939315796
398340977,cal,0,0,0.46640855073928833,0.5335914492607117
1332836062,cal,0,0,0.48397523164749146,0.5160247683525085
846188042,cal,0,0,0.4839041531085968,0.5160958766937256
879853645,cal,0,0,0.48786333203315735,0.512136697769165
263820698,test,0,1,0.5037369132041931,0.5037369132041931
453901025,test,0,1,0.5313680171966553,0.5313680171966553
670417233,test,0,1,0.5462551712989807,0.5462551712989807
67241340,test,0,1,0.5287166237831116,0.5287166237831116
332358482,test,0,1,0.5007222294807434,0.5007222294807434
2060968817,test,0,1,0.543219804763794,0.543219804763794
281150220,cal,1,1,0.5289399027824402,0.5289399027824402
1257680007,cal,1,1,0.5157164335250854,0.5157164335250854
550712579,cal,0,1,0.5323129892349243,0.5323129892349243
898193842,cal,0,1,0.5287892818450928,0.5287892818450928
643260440,cal,0,1,0.5965146422386169,0.5965146422386169
861239030,cal,0,1,0.5588572025299072,0.5588572025299072
1219695918,cal,1,1,0.5651634335517883,0.5651634335517883
1293582779,cal,1,1,0.5815437436103821,0.5815437436103821
352477537,test,0,1,0.5047841668128967,0.5047841668128967
1009593327,test,0,0,0.4884432852268219,0.5115567445755005
1078134373,test,0,0,0.4999108612537384,0.500089168548584
1257598759,test,0,0,0.4882330894470215,0.5117669105529785
1380832898,cal,0,0,0.46371203660964966,0.5362879633903503
1575904216,cal,0,0,0.47188520431518555,0.5281147956848145
1286324367,cal,0,0,0.4642476737499237,0.5357522964477539
1309379662,cal,0,0,0.4900050461292267,0.5099949836730957
661036489,test,1,1,0.5759873986244202,0.5759873986244202
959500432,test,1,1,0.5636352300643921,0.5636352300643921
1497726656,test,0,1,0.579750120639801,0.579750120639801
1888965912,test,0,1,0.5843092799186707,0.5843092799186707
1531879119,test,1,1,0.6096508502960205,0.6096508502960205
1593856707,test,1,1,0.638184666633606,0.638184666633606
435616956,test,0,1,0.6267268061637878,0.6267268061637878
1563922629,test,0,1,0.6231777667999268,0.6231777667999268
1600147897,test,0,1,0.5827943086624146,0.5827943086624146
604905139,test,0,1,0.5050308108329773,0.5050308108329773
1094230110,test,0,1,0.5397863984107971,0.5397863984107971
1496014493,test,0,0,0.4937713146209717,0.5062286853790283
33447509,test,0,0,0.4567258954048157,0.5432741045951843
597902957,test,0,1,0.5042219161987305,0.5042219161987305
11837245,cal,0,1,0.6042640209197998,0.6042640209197998
795331633,cal,0,1,0.6143471598625183,0.6143471598625183
1343847917,cal,0,1,0.5809969902038574,0.5809969902038574
677581290,cal,0,1,0.6074239015579224,0.6074239015579224
1999093250,cal,0,1,0.5820809006690979,0.5820809006690979
91238884,cal,0,0,0.48603352904319763,0.51396644115448
363145155,cal,0,0,0.4581013321876526,0.5418986678123474
723322241,cal,1,0,0.46135538816452026,0.5386446118354797
1201200165,cal,1,0,0.47774213552474976,0.5222578644752502
471010287,test,0,0,0.4903123080730438,0.5096876621246338
891637304,test,0,1,0.521976113319397,0.521976113319397
243955895,test,0,1,0.5164785385131836,0.5164785385131836
939842535,test,0,0,0.4976434111595154,0.5023565888404846
423586104,cal,0,1,0.5863076448440552,0.5863076448440552
791392424,cal,0,1,0.5563486218452454,0.5563486218452454
1141822765,cal,0,1,0.546625018119812,0.546625018119812
602271257,cal,0,1,0.5594293475151062,0.5594293475151062
1039091314,cal,0,1,0.5800159573554993,0.5800159573554993
1919826469,cal,0,1,0.5491672158241272,0.5491672158241272
484862089,cal,0,0,0.48840954899787903,0.5115904808044434
1436460078,cal,0,0,0.44340768456459045,0.5565923452377319
72104631,cal,0,0,0.4677245020866394,0.5322754979133606
424686026,cal,0,0,0.4781195819377899,0.5218803882598877
711448362,cal,0,1,0.5400988459587097,0.5400988459587097
1682981091,cal,0,1,0.522620439529419,0.522620439529419
1125814142,cal,0,1,0.5391411185264587,0.5391411185264587
1720884861,cal,0,1,0.5308056473731995,0.5308056473731995
446510325,cal,0,1,0.5056943297386169,0.5056943297386169
1138925351,cal,0,1,0.5000859498977661,0.5000859498977661
259275610,cal,0,1,0.5067243576049805,0.5067243576049805
311614043,cal,0,0,0.49459999799728394,0.5054000020027161
370117621,cal,1,1,0.5204468965530396,0.5204468965530396
1182498482,cal,1,1,0.5433182120323181,0.5433182120323181
1271461298,cal,0,1,0.5465007424354553,0.5465007424354553
1362144434,cal,0,1,0.5113047361373901,0.5113047361373901
1818357948,test,0,1,0.5386439561843872,0.5386439561843872
1883867494,test,0,0,0.4958319664001465,0.5041680335998535
1317375934,test,0,0,0.49654480814933777,0.5034551620483398
1414227427,test,0,0,0.46644720435142517,0.5335527658462524
1379047619,cal,0,1,0.5487032532691956,0.5487032532691956
1492393193,cal,0,1,0.5421605706214905,0.5421605706214905
1125878011,cal,1,1,0.5517503619194031,0.5517503619194031
1574209525,cal,1,1,0.5538411736488342,0.5538411736488342
127308464,cal,0,0,0.48979052901268005,0.5102094411849976
1605498492,cal,0,0,0.45128849148750305,0.5487115383148193
955346880,cal,0,0,0.4554358422756195,0.5445641279220581
1960061916,cal,0,0,0.48647433519363403,0.513525664806366
694225462,test,0,1,0.5041879415512085,0.5041879415512085
1879604768,test,0,1,0.5050761699676514,0.5050761699676514
366903286,test,0,0,0.4836772382259369,0.5163227319717407
966753341,test,0,1,0.5142399072647095,0.5142399072647095
266998934,cal,1,1,0.5663401484489441,0.5663401484489441
699161877,cal,1,1,0.5954351425170898,0.5954351425170898
1033355998,cal,0,1,0.5876664519309998,0.5876664519309998
1688319449,cal,0,1,0.5492266416549683,0.5492266416549683
1213931391,test,0,1,0.5036038756370544,0.5036038756370544
1370529288,test,0,1,0.5014733672142029,0.5014733672142029
1381669603,test,0,0,0.4946303367614746,0.5053696632385254
8515102,test,0,0,0.4803280234336853,0.5196719765663147
141287388,test,0,0,0.4789562225341797,0.5210437774658203
301774002,test,0,0,0.47603267431259155,0.5239673256874084
587676486,test,0,0,0.4897668957710266,0.5102331042289734
805095875,test,0,0,0.4596244692802429,0.5403755307197571
1863129741,cal,0,1,0.599128007888794,0.599128007888794
2028645991,cal,0,1,0.5814804434776306,0.5814804434776306
1820628826,cal,0,1,0.5943440794944763,0.5943440794944763
1901806958,cal,0,1,0.5892497897148132,0.5892497897148132
1967185867,cal,0,1,0.5923885703086853,0.5923885703086853
214450578,test,0,1,0.5679318904876709,0.5679318904876709
621314228,test,0,1,0.5465641617774963,0.5465641617774963
377515233,test,1,1,0.5622648596763611,0.5622648596763611
1855512096,test,1,1,0.5768258571624756,0.5768258571624756
868504037,test,0,1,0.5038913488388062,0.5038913488388062
1459649115,test,0,0,0.4575449824333191,0.5424550175666809
1501077377,test,1,0,0.4666503667831421,0.5333496332168579
1555452504,test,1,0,0.4927625358104706,0.507237434387207
746064840,cal,0,1,0.5991404056549072,0.5991404056549072
1311178292,cal,0,1,0.5798104405403137,0.5798104405403137
735894929,cal,0,1,0.5807374715805054,0.5807374715805054
1736202625,cal,0,1,0.5751675367355347,0.5751675367355347
1047587971,cal,0,1,0.5166646838188171,0.5166646838188171
2102893445,cal,0,1,0.5112504959106445,0.5112504959106445
489689034,cal,0,0,0.4971533715724945,0.5028465986251831
1541048453,cal,0,1,0.5189187526702881,0.5189187526702881
712203571,test,0,1,0.5102304220199585,0.5102304220199585
2054519808,test,0,0,0.49394217133522034,0.506057858467102
1024401325,test,0,0,0.4826548993587494,0.5173450708389282
1741800321,test,0,1,0.5192450881004333,0.5192450881004333
1543491485,cal,0,1,0.5783713459968567,0.5783713459968567
2141392200,cal,0,1,0.5541089773178101,0.5541089773178101
344142820,cal,1,1,0.5618849992752075,0.5618849992752075
719767891,cal,1,1,0.5990031361579895,0.5990031361579895
381644231,test,0,1,0.5512616038322449,0.5512616038322449
1219296799,test,0,1,0.5595003366470337,0.5595003366470337
1478199566,test,0,1,0.5543243288993835,0.5543243288993835
44757094,test,0,1,0.5550758838653564,0.5550758838653564
288988061,test,0,1,0.5486530065536499,0.5486530065536499
1823827968,test,0,1,0.5555931925773621,0.5555931925773621
879844975,cal,0,0,0.49445003271102905,0.505549967288971
1479832556,cal,0,0,0.4630952775478363,0.5369046926498413
1180030799,cal,0,0,0.47074902057647705,0.529250979423523
1709257628,cal,0,0,0.4839380979537964,0.5160619020462036
118407658,cal,0,0,0.4955568015575409,0.5044431686401367
1470457450,cal,0,0,0.4771954417228699,0.5228045582771301
548776777,cal,0,0,0.4832226634025574,0.5167773365974426
1914402149,cal,0,0,0.466449111700058,0.5335508584976196
1180469339,cal,0,1,0.5687310099601746,0.5687310099601746
1502186071,cal,0,1,0.5875527262687683,0.5875527262687683
452108872,cal,0,1,0.5649359226226807,0.5649359226226807
1409880360,cal,0,1,0.5653752088546753,0.5653752088546753
171678491,cal,0,0,0.4979187250137329,0.5020812749862671
1443890128,cal,0,0,0.48119980096817017,0.5188001990318298
493800864,cal,0,0,0.4674432873725891,0.5325567126274109
1735970043,cal,0,0,0.44024473428726196,0.559755265712738
1081106657,test,0,1,0.500901460647583,0.500901460647583
1106722394,test,0,0,0.49567678570747375,0.5043232440948486
707585829,test,0,0,0.4873247742652893,0.5126752257347107
1982432589,test,0,0,0.49327540397644043,0.5067245960235596
394370916,cal,0,1,0.5063906311988831,0.5063906311988831
1694369311,cal,0,1,0.5188136100769043,0.5188136100769043
1083508853,cal,0,0,0.49996089935302734,0.5000391006469727
1156407462,cal,0,0,0.48388350009918213,0.5161164999008179
1993804315,cal,0,1,0.5153220295906067,0.5153220295906067
1184667891,cal,0,1,0.5938779711723328,0.5938779711723328
1622697327,cal,0,1,0.566264271736145,0.566264271736145
937956997,cal,0,1,0.5723186135292053,0.5723186135292053
1809731384,cal,0,1,0.5935958027839661,0.5935958027839661
538445705,cal,0,0,0.34511691331863403,0.654883086681366
1556272464,cal,0,0,0.3985773026943207,0.6014226675033569
1651000702,cal,0,0,0.45321837067604065,0.5467816591262817
103561805,cal,0,0,0.36616653203964233,0.6338334679603577
359405865,cal,0,0,0.4810936152935028,0.5189063549041748
622649266,cal,0,0,0.3911188244819641,0.6088811755180359
1547490836,test,0,1,0.6005690693855286,0.6005690693855286
1680515299,test,0,1,0.5783228874206543,0.5783228874206543
1257334811,test,0,1,0.601276159286499,0.601276159286499
1757939694,test,0,1,0.5780033469200134,0.5780033469200134
319484093,cal,0,1,0.5517578125,0.5517578125
586400750,cal,0,1,0.5467275977134705,0.5467275977134705
633419960,cal,0,1,0.5474808216094971,0.5474808216094971
490297627,cal,0,1,0.5564320087432861,0.5564320087432861
1523302286,cal,0,1,0.57269287109375,0.57269287109375
5170294,cal,0,1,0.6280710697174072,0.6280710697174072
1724609265,cal,0,1,0.6299831867218018,0.6299831867218018
855622377,cal,1,1,0.6317583918571472,0.6317583918571472
1460495037,cal,1,1,0.6297102570533752,0.6297102570533752
112738647,cal,0,1,0.6058183908462524,0.6058183908462524
680842592,cal,0,1,0.5561273097991943,0.5561273097991943
23178505,cal,1,1,0.5528463125228882,0.5528463125228882
1422800344,cal,1,1,0.5534402132034302,0.5534402132034302
954299515,cal,0,1,0.5573578476905823,0.5573578476905823
1803982084,cal,0,1,0.5721820592880249,0.5721820592880249
237559997,cal,0,1,0.5755745768547058,0.5755745768547058
1547650511,cal,0,1,0.5740799903869629,0.5740799903869629
40756199,test,0,1,0.5480673909187317,0.5480673909187317
1205643916,test,0,1,0.5597324371337891,0.5597324371337891
157871832,test,1,1,0.5777515769004822,0.5777515769004822
1476068626,test,1,1,0.5284838080406189,0.5284838080406189
1735232732,test,1,1,0.561014711856842,0.561014711856842
747346602,cal,0,1,0.5357656478881836,0.5357656478881836
1317097340,cal,0,1,0.5227552652359009,0.5227552652359009
507511673,cal,0,1,0.5242120027542114,0.5242120027542114
1497169046,cal,0,1,0.5409648418426514,0.5409648418426514
744037844,cal,0,1,0.5790774822235107,0.5790774822235107
1231004262,cal,0,1,0.5974567532539368,0.5974567532539368
2068887086,cal,0,1,0.5730756521224976,0.5730756521224976
1087643164,cal,0,1,0.5795661211013794,0.5795661211013794
1346189024,cal,0,1,0.5703783631324768,0.5703783631324768
1535515800,cal,0,1,0.5848431587219238,0.5848431587219238
29676204,cal,0,0,0.48137563467025757,0.5186243653297424
1918336928,cal,0,1,0.5094528198242188,0.5094528198242188
1667286092,cal,1,0,0.4663304090499878,0.5336695909500122
2124674103,cal,1,0,0.4449153244495392,0.5550847053527832
1108584056,cal,1,1,0.5996166467666626,0.5996166467666626
1585961300,cal,1,1,0.6318323612213135,0.6318323612213135
1706648236,cal,1,1,0.6206113696098328,0.6206113696098328
211529114,cal,0,1,0.6240917444229126,0.6240917444229126
1406941811,cal,0,1,0.6173165440559387,0.6173165440559387
1496489388,cal,0,1,0.5971239805221558,0.5971239805221558
1204937970,cal,1,1,0.5149775147438049,0.5149775147438049
1258393274,cal,1,1,0.5221620202064514,0.5221620202064514
1477033597,cal,0,1,0.5256433486938477,0.5256433486938477
1702588424,cal,0,1,0.5347154140472412,0.5347154140472412
857697484,cal,0,1,0.5833185315132141,0.5833185315132141
1240364637,cal,0,1,0.5786592364311218,0.5786592364311218
583780251,cal,1,1,0.5877504944801331,0.5877504944801331
1024724669,cal,1,1,0.5591892600059509,0.5591892600059509
114504506,cal,0,1,0.588510274887085,0.588510274887085
1423954497,cal,0,1,0.5858945846557617,0.5858945846557617
249158083,cal,0,1,0.6004654765129089,0.6004654765129089
796803972,cal,0,1,0.5888209939002991,0.5888209939002991
305848135,cal,0,0,0.3373185694217682,0.6626814603805542
326273633,cal,0,0,0.358542263507843,0.641457736492157
1068934180,cal,0,0,0.49170538783073425,0.5082945823669434
1987755517,cal,0,0,0.3571101427078247,0.6428898572921753
845884513,cal,0,0,0.4733146131038666,0.526685357093811
1195703821,cal,0,0,0.4975232481956482,0.5024767518043518
1573585295,cal,0,0,0.4533418118953705,0.5466581583023071
1586241476,cal,0,0,0.4672709107398987,0.5327290892601013
251547547,cal,0,1,0.5674739480018616,0.5674739480018616
850241172,cal,0,1,0.6061100959777832,0.6061100959777832
1005650799,cal,0,1,0.6060951352119446,0.6060951352119446
712594102,cal,0,1,0.5829954743385315,0.5829954743385315
983151447,cal,0,1,0.6141703724861145,0.6141703724861145
1091147288,cal,0,1,0.5531960129737854,0.5531960129737854
484792575,test,0,1,0.587928056716919,0.587928056716919
1416285737,test,0,1,0.586864173412323,0.586864173412323
1094262473,test,0,1,0.5731977224349976,0.5731977224349976
1396764212,test,0,1,0.5664452314376831,0.5664452314376831
177884920,cal,0,0,0.4997771680355072,0.5002228021621704
496834407,cal,0,1,0.5170177817344666,0.5170177817344666
407855377,cal,0,1,0.5060899257659912,0.5060899257659912
1753364873,cal,0,1,0.5175289511680603,0.5175289511680603
713486577,cal,0,0,0.4870114028453827,0.5129885673522949
2044552799,cal,0,1,0.5069804191589355,0.5069804191589355
1420770901,cal,1,1,0.5174301266670227,0.5174301266670227
1770378767,cal,1,0,0.48155879974365234,0.5184412002563477
1085547485,cal,0,1,0.5002352595329285,0.5002352595329285
1551901871,cal,0,0,0.49275147914886475,0.5072485208511353
2078302129,cal,0,0,0.4969116449356079,0.5030883550643921
692779398,cal,0,1,0.5083948373794556,0.5083948373794556
1874999252,cal,0,0,0.4913182258605957,0.5086817741394043
1895741734,cal,0,1,0.5060653686523438,0.5060653686523438
311996666,cal,0,1,0.5762963891029358,0.5762963891029358
1908952327,cal,0,1,0.5979819297790527,0.5979819297790527
58493989,cal,1,1,0.589900016784668,0.589900016784668
843630153,cal,1,1,0.5767403841018677,0.5767403841018677
1516308027,cal,0,0,0.47837597131729126,0.5216240286827087
1876756942,cal,0,0,0.4758567214012146,0.5241432785987854
692829430,cal,0,0,0.4717119336128235,0.5282880663871765
842438678,cal,0,0,0.4679000675678253,0.5320999622344971
859173484,cal,1,1,0.5315947532653809,0.5315947532653809
1857143866,cal,1,1,0.5290627479553223,0.5290627479553223
1951882099,cal,1,1,0.5050384402275085,0.5050384402275085
515534716,cal,0,1,0.5136100649833679,0.5136100649833679
1476702010,cal,0,1,0.5243093371391296,0.5243093371391296
1625543976,cal,0,1,0.5077334046363831,0.5077334046363831
478556314,cal,0,1,0.5609968304634094,0.5609968304634094
1820580683,cal,0,1,0.5841853022575378,0.5841853022575378
120061976,cal,0,1,0.5557243824005127,0.5557243824005127
760922655,cal,0,1,0.5842612981796265,0.5842612981796265
277523961,cal,1,1,0.6211191415786743,0.6211191415786743
2078079301,cal,1,1,0.5898390412330627,0.5898390412330627
985491328,cal,1,1,0.6234371066093445,0.6234371066093445
1087001112,cal,1,1,0.5989121794700623,0.5989121794700623
1099331782,cal,0,1,0.5496276021003723,0.5496276021003723
1965559318,cal,0,1,0.5714976191520691,0.5714976191520691
393421862,cal,0,1,0.5673173666000366,0.5673173666000366
497280090,cal,0,1,0.5493913888931274,0.5493913888931274
805902514,cal,0,0,0.49126073718070984,0.5087392330169678
1002465216,cal,0,0,0.48281168937683105,0.517188310623169
1207133806,cal,0,0,0.4666127860546112,0.5333871841430664
631861188,cal,1,0,0.4664933383464813,0.5335066318511963
833819913,cal,1,0,0.49222639203071594,0.5077736377716064
1020869006,cal,1,0,0.4695442020893097,0.5304558277130127
197869140,cal,0,1,0.5205342769622803,0.5205342769622803
1066003869,cal,0,0,0.4916308522224426,0.5083691477775574
1786320904,cal,0,0,0.47862666845321655,0.5213733315467834
158289177,cal,0,1,0.5502527356147766,0.5502527356147766
465638013,cal,0,0,0.4820218086242676,0.5179781913757324
944334618,cal,0,1,0.5180706977844238,0.5180706977844238
219546943,cal,0,0,0.49940764904022217,0.5005923509597778
1525818262,cal,0,0,0.4920569062232971,0.5079430937767029
1736779921,cal,0,1,0.5063984394073486,0.5063984394073486
180134169,cal,0,0,0.49166619777679443,0.5083338022232056
493928028,cal,0,0,0.48510923981666565,0.5148907899856567
496554907,cal,0,0,0.4844759404659271,0.5155240297317505
654175231,cal,0,0,0.47311994433403015,0.5268800258636475
559304656,cal,0,1,0.5067635774612427,0.5067635774612427
654648860,cal,0,1,0.5092320442199707,0.5092320442199707
199121808,cal,0,0,0.4764059782028198,0.5235940217971802
1888499788,cal,0,1,0.5005700588226318,0.5005700588226318
1099649351,cal,1,1,0.5880814790725708,0.5880814790725708
1308267993,cal,1,1,0.5650471448898315,0.5650471448898315
197756162,cal,0,1,0.5479419231414795,0.5479419231414795
2008553925,cal,0,1,0.5679349303245544,0.5679349303245544
1300420032,test,0,1,0.6211254596710205,0.6211254596710205
1519109923,test,0,1,0.6174683570861816,0.6174683570861816
78937501,test,1,1,0.6103053689002991,0.6103053689002991
2046559918,test,1,1,0.6050930023193359,0.6050930023193359
195309044,test,0,1,0.5199587941169739,0.5199587941169739
727135578,test,0,1,0.5584899187088013,0.5584899187088013
598498160,test,0,1,0.5579863786697388,0.5579863786697388
963562547,test,0,1,0.5299054384231567,0.5299054384231567
148113908,cal,0,1,0.5022456645965576,0.5022456645965576
368022306,cal,0,1,0.5256838202476501,0.5256838202476501
1860103544,cal,0,1,0.5153833627700806,0.5153833627700806
1929742173,cal,0,1,0.5256186723709106,0.5256186723709106
804324335,cal,0,1,0.5852011442184448,0.5852011442184448
826216802,cal,0,1,0.571233332157135,0.571233332157135
1584070570,cal,0,1,0.5692667365074158,0.5692667365074158
1910021334,cal,0,1,0.591830313205719,0.591830313205719
107162577,cal,0,1,0.5502517819404602,0.5502517819404602
247086752,cal,0,1,0.5680774450302124,0.5680774450302124
285006790,cal,0,1,0.5563387274742126,0.5563387274742126
965976240,cal,0,1,0.5794024467468262,0.5794024467468262
155960635,cal,0,1,0.5768265724182129,0.5768265724182129
1358549077,cal,0,1,0.5936539173126221,0.5936539173126221
1889910865,cal,0,1,0.5733157396316528,0.5733157396316528
1906641650,cal,0,1,0.5963183641433716,0.5963183641433716
1999813283,cal,0,1,0.5670797824859619,0.5670797824859619
1031874837,cal,0,0,0.49007248878479004,0.50992751121521
1360932151,cal,0,0,0.49180546402931213,0.5081945657730103
194447237,cal,0,0,0.48393651843070984,0.5160634517669678
1987017229,cal,0,0,0.48403286933898926,0.5159671306610107
1137907037,test,0,1,0.5342633128166199,0.5342633128166199
1694071695,test,0,1,0.5344058275222778,0.5344058275222778
548828447,test,0,1,0.5293363332748413,0.5293363332748413
1492922349,test,0,1,0.5156655311584473,0.5156655311584473
1272199220,cal,0,0,0.4740479290485382,0.5259521007537842
1307873934,cal,0,1,0.5044900178909302,0.5044900178909302
190470302,cal,0,0,0.48461437225341797,0.515385627746582
580516446,cal,0,0,0.48114946484565735,0.518850564956665
1119448091,cal,0,1,0.5434404611587524,0.5434404611587524
1267422620,cal,0,0,0.48250505328178406,0.5174949169158936
495724065,cal,0,1,0.5345101356506348,0.5345101356506348
911473467,cal,0,0,0.48934662342071533,0.5106533765792847
214007867,cal,0,1,0.5811033248901367,0.5811033248901367
1676254800,cal,0,1,0.5794488191604614,0.5794488191604614
669115651,cal,0,1,0.5877023935317993,0.5877023935317993
2133434391,cal,0,1,0.5865765810012817,0.5865765810012817
248874193,cal,0,0,0.4700203239917755,0.5299797058105469
794535114,cal,0,0,0.45961710810661316,0.5403828620910645
1942692804,cal,0,0,0.47480684518814087,0.5251931548118591
948844493,cal,0,0,0.47083932161331177,0.5291606783866882
1242744120,cal,0,0,0.4732697606086731,0.5267302393913269
1720936069,cal,0,0,0.47689512372016907,0.5231049060821533
50153598,cal,0,0,0.4554828703403473,0.5445171594619751
521782833,cal,0,0,0.4639422297477722,0.5360577702522278
131987356,cal,0,0,0.4796159565448761,0.5203840732574463
638244501,cal,0,0,0.45378246903419495,0.5462175607681274
385563784,test,0,1,0.517437219619751,0.517437219619751
1079368405,test,0,1,0.5268257260322571,0.5268257260322571
1482335899,test,0,1,0.5029443502426147,0.5029443502426147
50397686,test,0,0,0.48637935519218445,0.5136206150054932
439302550,test,0,1,0.5133541226387024,0.5133541226387024
55507362,cal,0,1,0.5754777789115906,0.5754777789115906
732216914,cal,0,1,0.5493409633636475,0.5493409633636475
1074390640,cal,0,1,0.5773206949234009,0.5773206949234009
244803388,cal,0,1,0.5487688779830933,0.5487688779830933
292181380,cal,0,1,0.5729017853736877,0.5729017853736877
2096970932,cal,0,1,0.5683148503303528,0.5683148503303528
943724384,cal,0,1,0.5646913051605225,0.5646913051605225
1016331643,cal,0,1,0.5372605323791504,0.5372605323791504
541254380,cal,0,1,0.565002977848053,0.565002977848053
682804614,cal,0,1,0.5800707340240479,0.5800707340240479
2128657229,cal,0,1,0.5107570290565491,0.5107570290565491
2136649487,cal,0,1,0.5032516121864319,0.5032516121864319
1621509522,cal,0,1,0.5034787654876709,0.5034787654876709
1733881855,cal,0,1,0.5058190822601318,0.5058190822601318
263546612,cal,0,0,0.4625306725502014,0.5374693274497986
1231047449,cal,0,0,0.47592800855636597,0.524071991443634
476651628,cal,0,0,0.4787364602088928,0.5212635397911072
1272345764,cal,0,0,0.485629677772522,0.514370322227478
1953898416,cal,0,0,0.4569530487060547,0.5430469512939453
1744698119,cal,0,1,0.5635281801223755,0.5635281801223755
1956088639,cal,0,1,0.5529604554176331,0.5529604554176331
530880427,cal,0,1,0.5568838715553284,0.5568838715553284
1856111768,cal,0,1,0.5715851187705994,0.5715851187705994
231662927,cal,1,0,0.48471716046333313,0.5152828693389893
501859459,cal,1,1,0.5145456194877625,0.5145456194877625
1838272697,cal,1,0,0.4632751941680908,0.5367248058319092
1989125371,cal,0,0,0.48289191722869873,0.5171080827713013
2084060539,cal,0,1,0.5074286460876465,0.5074286460876465
1168538875,cal,0,1,0.6104325652122498,0.6104325652122498
1206043417,cal,0,1,0.612221360206604,0.612221360206604
1789016949,cal,0,1,0.584690272808075,0.584690272808075
85106405,cal,0,1,0.572176992893219,0.572176992893219
898570684,cal,0,1,0.6135490536689758,0.6135490536689758
1799865074,cal,0,1,0.6138109564781189,0.6138109564781189
966280301,test,0,1,0.5062850117683411,0.5062850117683411
1272744611,test,0,1,0.5138693451881409,0.5138693451881409
1463310175,test,0,0,0.49238190054893494,0.5076180696487427
1064005906,test,0,0,0.48068296909332275,0.5193170309066772
1690909846,test,0,1,0.5020125508308411,0.5020125508308411
609913119,cal,1,0,0.47998613119125366,0.5200138688087463
1631762742,cal,1,0,0.48762941360473633,0.5123705863952637
1043844939,cal,0,0,0.49986109137535095,0.5001388788223267
2070104869,cal,0,1,0.5060600638389587,0.5060600638389587
62461457,cal,0,0,0.43575310707092285,0.5642468929290771
358147837,cal,0,0,0.48324424028396606,0.5167557597160339
495905426,cal,0,0,0.43913471698760986,0.5608652830123901
1275824330,cal,0,0,0.4952491819858551,0.5047508478164673
1638667,test,0,1,0.6020423173904419,0.6020423173904419
1379058039,test,0,1,0.5893083810806274,0.5893083810806274
778539677,test,0,1,0.6269976496696472,0.6269976496696472
1181657344,test,0,1,0.6227338314056396,0.6227338314056396
2112944979,test,0,1,0.6142629981040955,0.6142629981040955
55778582,cal,0,1,0.5218160152435303,0.5218160152435303
984393876,cal,0,1,0.530023455619812,0.530023455619812
1522411976,cal,0,1,0.5147504806518555,0.5147504806518555
320934778,cal,0,1,0.5302730202674866,0.5302730202674866
795016809,cal,0,1,0.5213602781295776,0.5213602781295776
1496834430,cal,0,1,0.5389052629470825,0.5389052629470825
886397491,cal,0,0,0.46740296483039856,0.5325970649719238
1817351257,cal,0,1,0.5034286379814148,0.5034286379814148
1736353979,cal,0,1,0.5084500908851624,0.5084500908851624
2093519384,cal,0,0,0.49115321040153503,0.5088467597961426
868096410,cal,0,1,0.5968536138534546,0.5968536138534546
1188637616,cal,0,1,0.5862762331962585,0.5862762331962585
1707578039,cal,1,1,0.5947731733322144,0.5947731733322144
1913779264,cal,1,1,0.565258800983429,0.565258800983429
227876514,cal,0,0,0.3149579167366028,0.6850420832633972
1297059693,cal,0,0,0.28122588992118835,0.7187740802764893
193725339,cal,0,0,0.26625916361808777,0.7337408065795898
1047449999,cal,0,0,0.33128786087036133,0.6687121391296387
1103401820,cal,0,0,0.3579612672328949,0.6420387029647827
1666141346,cal,0,0,0.29131394624710083,0.7086860537528992
1704286683,test,0,1,0.5477128624916077,0.5477128624916077
1936726193,test,0,1,0.5389081835746765,0.5389081835746765
15215508,test,1,1,0.5459609627723694,0.5459609627723694
1654669424,test,1,1,0.5412362813949585,0.5412362813949585
594288602,test,0,0,0.48242729902267456,0.5175727009773254
1886519023,test,0,0,0.4636841416358948,0.5363158583641052
449878496,test,0,0,0.46765899658203125,0.5323410034179688
1112807762,test,0,0,0.488693505525589,0.5113065242767334
1170338783,test,0,0,0.4832085072994232,0.5167914628982544
1066710235,cal,0,0,0.4864766001701355,0.5135233998298645
1349153465,cal,0,1,0.5062153935432434,0.5062153935432434
264121965,cal,1,0,0.4985700249671936,0.5014299750328064
1584076835,cal,1,0,0.4930083453655243,0.5069916248321533
22526817,test,0,0,0.4757367968559265,0.5242632031440735
1014124306,test,0,1,0.5146846175193787,0.5146846175193787
1019171680,test,0,1,0.5073432922363281,0.5073432922363281
1235022823,test,0,1,0.5323418378829956,0.5323418378829956
1164309960,test,0,1,0.5011270642280579,0.5011270642280579
1577882405,test,0,0,0.47402843832969666,0.525971531867981
1734953396,test,0,1,0.5209230780601501,0.5209230780601501
1109466209,cal,1,0,0.467231810092926,0.532768189907074
1134962367,cal,1,0,0.48739561438560486,0.5126043558120728
135211677,cal,0,0,0.46677055954933167,0.5332294702529907
324493771,cal,0,0,0.4613417685031891,0.5386582612991333
793550933,cal,0,1,0.6095322370529175,0.6095322370529175
1953571265,cal,0,1,0.5944830179214478,0.5944830179214478
387759772,cal,0,1,0.6067715883255005,0.6067715883255005
829747923,cal,0,1,0.6083514094352722,0.6083514094352722
1176866126,test,0,0,0.4604625999927521,0.5395374298095703
1588563712,test,0,0,0.46444156765937805,0.5355584621429443
239404818,test,0,0,0.4670281410217285,0.5329718589782715
898329655,test,0,0,0.464456170797348,0.5355437994003296
1757889179,test,0,0,0.4922927916049957,0.5077072381973267
2060102896,test,0,1,0.5038211345672607,0.5038211345672607
99292235,test,0,0,0.48814910650253296,0.511850893497467
1483647222,test,0,0,0.49821895360946655,0.5017810463905334
517579363,cal,0,1,0.5378434658050537,0.5378434658050537
1018892299,cal,0,0,0.49351638555526733,0.5064836144447327
326230354,cal,0,0,0.49864137172698975,0.5013586282730103
649489353,cal,0,1,0.5282618999481201,0.5282618999481201
1063702517,cal,0,1,0.5357921123504639,0.5357921123504639
2105169280,cal,0,1,0.5484496355056763,0.5484496355056763
1691706298,cal,1,1,0.5494471788406372,0.5494471788406372
2067262572,cal,1,1,0.5623101592063904,0.5623101592063904
1493453815,cal,0,1,0.5052331686019897,0.5052331686019897
1956206531,cal,0,0,0.4731050729751587,0.5268949270248413
1009964266,cal,0,1,0.5021883249282837,0.5021883249282837
1378736391,cal,0,1,0.5108896493911743,0.5108896493911743
1446852531,cal,0,0,0.4870547354221344,0.512945294380188
310760509,cal,1,1,0.5146334767341614,0.5146334767341614
895229633,cal,1,1,0.5520749688148499,0.5520749688148499
1461309443,cal,1,1,0.511879026889801,0.511879026889801
1948164128,cal,1,1,0.5466591119766235,0.5466591119766235
447215002,cal,0,1,0.5135059356689453,0.5135059356689453
1638544593,cal,0,1,0.5143873691558838,0.5143873691558838
1640250691,cal,0,1,0.543322741985321,0.543322741985321
1991399451,cal,0,1,0.5120931267738342,0.5120931267738342
396403144,cal,0,1,0.5160154104232788,0.5160154104232788
711374988,cal,0,1,0.5613986253738403,0.5613986253738403
1094814479,cal,0,0,0.4965161085128784,0.5034838914871216
2119393004,cal,0,1,0.5434100031852722,0.5434100031852722
1395194878,cal,0,0,0.4796086251735687,0.5203913450241089
1467826341,cal,0,0,0.49853962659835815,0.5014603734016418
779772798,cal,0,1,0.5029070973396301,0.5029070973396301
2069465944,cal,0,0,0.49192014336586,0.5080798864364624
364674561,test,0,1,0.5701233744621277,0.5701233744621277
1859548899,test,0,1,0.5549562573432922,0.5549562573432922
924055600,test,0,1,0.573544442653656,0.573544442653656
1973596859,test,0,1,0.5873902440071106,0.5873902440071106
79849786,cal,0,0,0.49946412444114685,0.5005358457565308
1031247468,cal,0,0,0.4842275083065033,0.5157724618911743
635515379,cal,1,0,0.478767067193985,0.5212329626083374
727628738,cal,1,1,0.5048909187316895,0.5048909187316895
658570295,test,0,1,0.5977770090103149,0.5977770090103149
1719791686,test,0,1,0.5960514545440674,0.5960514545440674
677495750,test,0,1,0.5782719254493713,0.5782719254493713
1343655504,test,0,1,0.5632174611091614,0.5632174611091614
1599132094,test,0,1,0.595095694065094,0.595095694065094
322305519,cal,0,0,0.29039594531059265,0.709604024887085
505255398,cal,0,0,0.3186303973197937,0.6813696026802063
249829419,cal,0,0,0.3159985840320587,0.6840014457702637
1763862116,cal,0,0,0.3044739365577698,0.6955260634422302
285107662,cal,0,1,0.514625072479248,0.514625072479248
657362953,cal,0,0,0.4936603307723999,0.5063396692276001
1272574741,cal,0,1,0.514047384262085,0.514047384262085
664461972,cal,0,1,0.5096899271011353,0.5096899271011353
1389203581,cal,0,1,0.5317658185958862,0.5317658185958862
471715641,test,0,0,0.4677167236804962,0.5322833061218262
1186661708,test,0,0,0.4800945818424225,0.5199054479598999
1559854602,test,0,0,0.46891310811042786,0.5310869216918945
1699692716,test,0,0,0.46831390261650085,0.5316860675811768
277199142,cal,1,1,0.5077148675918579,0.5077148675918579
1988059650,cal,1,0,0.4727495610713959,0.5272504091262817
200337036,cal,0,1,0.5062133073806763,0.5062133073806763
1447830934,cal,0,0,0.4975503981113434,0.502449631690979
407231705,cal,0,1,0.6258456110954285,0.6258456110954285
793804083,cal,0,1,0.6002737879753113,0.6002737879753113
169637694,cal,0,1,0.613290011882782,0.613290011882782
968108543,cal,0,1,0.58933025598526,0.58933025598526
404518975,cal,0,1,0.5718603134155273,0.5718603134155273
1893171117,cal,0,1,0.5271369814872742,0.5271369814872742
1915026110,cal,0,1,0.5548079609870911,0.5548079609870911
688580795,cal,0,1,0.5580965280532837,0.5580965280532837
1357878426,cal,0,1,0.5523090362548828,0.5523090362548828
1482751222,cal,0,1,0.5285844802856445,0.5285844802856445
136478990,cal,0,1,0.5289806723594666,0.5289806723594666
1638209861,cal,0,1,0.5003893971443176,0.5003893971443176
1985847328,cal,0,1,0.5093574523925781,0.5093574523925781
1752380442,cal,0,1,0.5147581696510315,0.5147581696510315
1969055288,cal,0,1,0.5089245438575745,0.5089245438575745
40802324,cal,0,1,0.524228036403656,0.524228036403656
2060755744,cal,0,1,0.5445029735565186,0.5445029735565186
490134982,cal,1,1,0.5516785383224487,0.5516785383224487
1026289020,cal,1,1,0.5316333174705505,0.5316333174705505
152851346,test,0,1,0.6063181757926941,0.6063181757926941
760258995,test,0,1,0.600075900554657,0.600075900554657
1313972129,test,0,1,0.5909113883972168,0.5909113883972168
2114118593,test,0,1,0.6021372079849243,0.6021372079849243
1254615926,cal,1,1,0.5270267128944397,0.5270267128944397
1756327293,cal,1,1,0.5180820822715759,0.5180820822715759
922657193,cal,0,1,0.5141662359237671,0.5141662359237671
1019158333,cal,0,1,0.5327535271644592,0.5327535271644592
733310308,cal,0,0,0.49799391627311707,0.5020060539245605
907527038,cal,0,1,0.5076446533203125,0.5076446533203125
1342962302,cal,0,0,0.4994411766529083,0.5005588531494141
1809948445,cal,0,1,0.5124697089195251,0.5124697089195251
293072536,test,1,0,0.49369820952415466,0.506301760673523
1799327584,test,1,0,0.47979432344436646,0.5202056765556335
743183206,test,0,0,0.48790958523750305,0.5120904445648193
1913276279,test,0,0,0.4473855495452881,0.5526144504547119
908183827,cal,0,1,0.5756703019142151,0.5756703019142151
2093817046,cal,0,1,0.599428117275238,0.599428117275238
1816640835,cal,0,1,0.5544750094413757,0.5544750094413757
2126798409,cal,0,1,0.5709667205810547,0.5709667205810547
911462042,cal,0,0,0.4775284230709076,0.52247154712677
1587712495,cal,0,0,0.4883926212787628,0.5116074085235596
152406698,cal,0,0,0.4649074077606201,0.5350925922393799
1117979451,cal,0,0,0.47939521074295044,0.5206047892570496
893078519,cal,0,1,0.5551837682723999,0.5551837682723999
1675612540,cal,0,1,0.5742971301078796,0.5742971301078796
767079749,cal,1,1,0.56535404920578,0.56535404920578
1099920497,cal,1,1,0.5439876914024353,0.5439876914024353
495125775,cal,0,1,0.592817485332489,0.592817485332489
1888797712,cal,0,1,0.5872774720191956,0.5872774720191956
608067909,cal,0,1,0.5843379497528076,0.5843379497528076
712682632,cal,0,1,0.5796551704406738,0.5796551704406738
1692683883,cal,1,1,0.548011064529419,0.548011064529419
2009769312,cal,1,1,0.5356591939926147,0.5356591939926147
493942341,cal,0,1,0.5344782471656799,0.5344782471656799
2141534128,cal,0,1,0.5222592353820801,0.5222592353820801
137039509,test,0,1,0.5733228921890259,0.5733228921890259
418038517,test,0,1,0.5504842400550842,0.5504842400550842
625697618,test,0,1,0.5615279674530029,0.5615279674530029
169573827,test,0,1,0.578671395778656,0.578671395778656
1234603388,test,0,1,0.5660907626152039,0.5660907626152039
930697955,test,1,1,0.5060714483261108,0.5060714483261108
1104518349,test,1,0,0.4795297086238861,0.5204702615737915
955545995,test,0,0,0.4681929349899292,0.5318070650100708
2014649115,test,0,1,0.5105993747711182,0.5105993747711182
1580559340,test,0,0,0.4868338108062744,0.5131661891937256
2014823224,test,0,0,0.4763621687889099,0.5236378312110901
1997872480,test,0,0,0.4929714798927307,0.5070285201072693
2046444605,test,0,0,0.46369460225105286,0.5363054275512695
298417844,cal,0,1,0.5164074897766113,0.5164074897766113
406850633,cal,0,1,0.5367581248283386,0.5367581248283386
140210205,cal,0,1,0.5269266963005066,0.5269266963005066
2093805274,cal,0,1,0.5224822163581848,0.5224822163581848
741271206,cal,1,1,0.5713172554969788,0.5713172554969788
762019464,cal,1,1,0.5904709100723267,0.5904709100723267
1860912111,cal,1,1,0.5923653841018677,0.5923653841018677
600165706,cal,0,1,0.5677934885025024,0.5677934885025024
1293986007,cal,0,1,0.5946978330612183,0.5946978330612183
1147669840,cal,0,0,0.49722567200660706,0.5027743577957153
1526329839,cal,0,0,0.45269134640693665,0.5473086833953857
450177854,cal,0,0,0.44084423780441284,0.5591557621955872
1222752744,cal,0,0,0.4748065769672394,0.525193452835083
4662210,cal,0,1,0.5706774592399597,0.5706774592399597
126669402,cal,0,1,0.5651797652244568,0.5651797652244568
1399277193,cal,0,1,0.5814868211746216,0.5814868211746216
237183801,cal,1,1,0.585954487323761,0.585954487323761
579412059,cal,1,1,0.5701431632041931,0.5701431632041931
1363579430,cal,1,1,0.5574838519096375,0.5574838519096375
539216704,cal,0,0,0.44796380400657654,0.5520361661911011
567070403,cal,0,0,0.49029096961021423,0.5097090005874634
1813124944,cal,0,0,0.450548380613327,0.5494515895843506
2137160952,cal,0,0,0.46089911460876465,0.5391008853912354
240214583,cal,0,0,0.47619855403900146,0.5238014459609985
311348746,cal,0,0,0.44840216636657715,0.5515978336334229
332106253,cal,0,0,0.46268966794013977,0.5373103618621826
686790452,cal,0,0,0.4443293809890747,0.5556706190109253
1371224480,cal,0,0,0.4504542648792267,0.5495457649230957
113229313,test,0,0,0.4896468222141266,0.5103532075881958
1443668419,test,0,1,0.5210989117622375,0.5210989117622375
116929583,test,0,1,0.5004868507385254,0.5004868507385254
362070396,test,0,0,0.4803727865219116,0.5196272134780884
634869703,cal,0,1,0.5963054299354553,0.5963054299354553
1572139746,cal,0,1,0.6273147463798523,0.6273147463798523
1828029922,cal,0,1,0.6064614057540894,0.6064614057540894
1008796806,cal,1,1,0.6138876676559448,0.6138876676559448
1282422227,cal,1,1,0.5979238152503967,0.5979238152503967
1588745078,cal,1,1,0.6187531352043152,0.6187531352043152
623389398,test,0,1,0.5672850608825684,0.5672850608825684
1149829749,test,0,1,0.6096256971359253,0.6096256971359253
423341625,test,0,1,0.6065938472747803,0.6065938472747803
1111486571,test,0,1,0.5641547441482544,0.5641547441482544
635930258,test,0,1,0.6166507005691528,0.6166507005691528
2125022228,test,0,1,0.5954123139381409,0.5954123139381409
465906802,test,0,1,0.6203852891921997,0.6203852891921997
1056169156,test,0,1,0.5940732359886169,0.5940732359886169
1072749175,test,0,1,0.5630806088447571,0.5630806088447571
1469660648,test,0,1,0.5141837000846863,0.5141837000846863
1764572058,test,0,1,0.5414493680000305,0.5414493680000305
123524216,test,1,1,0.568743109703064,0.568743109703064
864478705,test,1,1,0.5578210353851318,0.5578210353851318
1311683613,test,1,1,0.5578145384788513,0.5578145384788513
199543704,test,0,1,0.5956825017929077,0.5956825017929077
1464383273,test,0,1,0.5757008790969849,0.5757008790969849
1911218981,test,1,1,0.540438175201416,0.540438175201416
2087071980,test,1,1,0.572348952293396,0.572348952293396
736735074,cal,0,1,0.548312246799469,0.548312246799469
772526694,cal,0,1,0.5593903660774231,0.5593903660774231
80494422,cal,0,1,0.56585693359375,0.56585693359375
1286126422,cal,0,1,0.556536853313446,0.556536853313446
795978748,cal,0,0,0.4745591878890991,0.5254408121109009
1981706499,cal,0,1,0.5081552863121033,0.5081552863121033
45569479,cal,0,0,0.48851263523101807,0.5114873647689819
1597110899,cal,0,0,0.47279101610183716,0.5272089838981628
296600763,cal,0,0,0.46738097071647644,0.5326189994812012
1014041404,cal,0,0,0.4642884135246277,0.5357115864753723
896953449,cal,0,0,0.49438220262527466,0.5056177973747253
1701932265,cal,0,0,0.4679466485977173,0.5320533514022827
1424160275,cal,0,0,0.3662795126438141,0.6337205171585083
1945577485,cal,0,1,0.505289614200592,0.505289614200592
224537294,cal,1,1,0.504376232624054,0.504376232624054
813474902,cal,1,1,0.5108132362365723,0.5108132362365723
103058298,test,0,1,0.5656212568283081,0.5656212568283081
613760654,test,0,1,0.5527154207229614,0.5527154207229614
1105827842,test,0,1,0.5468488335609436,0.5468488335609436
217852251,test,0,1,0.5683848857879639,0.5683848857879639
1118138239,test,0,1,0.5571076273918152,0.5571076273918152
1175460544,test,0,1,0.5829405784606934,0.5829405784606934
1615458714,test,0,1,0.5825038552284241,0.5825038552284241
1836634297,test,0,1,0.5593512058258057,0.5593512058258057
239456541,cal,0,0,0.42077451944351196,0.579225480556488
285608131,cal,0,0,0.2575370669364929,0.7424629330635071
1065349232,cal,0,0,0.3312700390815735,0.6687299609184265
1500284789,cal,0,0,0.24088847637176514,0.7591115236282349
367430042,cal,0,0,0.24973022937774658,0.7502697706222534
657118794,cal,0,0,0.45949381589889526,0.5405061841011047
1116930972,cal,0,0,0.4708556532859802,0.5291443467140198
1746359281,cal,0,0,0.28991007804870605,0.710089921951294
1052676283,cal,0,1,0.5998131036758423,0.5998131036758423
2049346948,cal,0,1,0.5830825567245483,0.5830825567245483
414478013,cal,1,1,0.5851267576217651,0.5851267576217651
1401897568,cal,1,1,0.5786389708518982,0.5786389708518982
858365011,cal,0,1,0.596017599105835,0.596017599105835
1669902729,cal,0,1,0.5932535529136658,0.5932535529136658
2139001039,cal,0,1,0.584192156791687,0.584192156791687
664799951,cal,0,1,0.6013725399971008,0.6013725399971008
1008469333,cal,0,1,0.5843958258628845,0.5843958258628845
2027365581,cal,0,1,0.6068362593650818,0.6068362593650818
89190965,cal,0,0,0.4577532708644867,0.5422466993331909
1775640574,cal,0,1,0.5002282857894897,0.5002282857894897
94485886,cal,0,0,0.46088558435440063,0.5391144156455994
647799428,cal,0,0,0.49500393867492676,0.5049960613250732
133268913,test,0,1,0.5678451061248779,0.5678451061248779
1594224749,test,0,1,0.5732681155204773,0.5732681155204773
1641873583,test,0,1,0.5967764258384705,0.5967764258384705
127964,test,0,1,0.5655301809310913,0.5655301809310913
66512989,test,0,1,0.5695468783378601,0.5695468783378601
151660889,test,0,1,0.571264386177063,0.571264386177063
206265254,cal,1,1,0.5484906435012817,0.5484906435012817
425102640,cal,1,1,0.5983205437660217,0.5983205437660217
827138876,cal,0,1,0.5898377299308777,0.5898377299308777
1308110398,cal,0,1,0.5732702612876892,0.5732702612876892
201524138,cal,0,0,0.49646779894828796,0.5035321712493896
773385061,cal,0,0,0.4669671952724457,0.5330327749252319
988158175,cal,0,0,0.4868307113647461,0.5131692886352539
1890717670,cal,0,0,0.4318113923072815,0.5681886076927185
191019222,cal,0,1,0.5687355995178223,0.5687355995178223
1667051848,cal,0,1,0.5914142727851868,0.5914142727851868
1003275515,cal,0,1,0.596767246723175,0.596767246723175
2076297866,cal,0,1,0.5967276096343994,0.5967276096343994
58656210,cal,0,1,0.5186142921447754,0.5186142921447754
1615235104,cal,0,1,0.5289024114608765,0.5289024114608765
1776954523,cal,0,1,0.5151092410087585,0.5151092410087585
520408705,cal,0,1,0.5162095427513123,0.5162095427513123
673465301,cal,0,1,0.5123733878135681,0.5123733878135681
620891638,test,0,1,0.5423575043678284,0.5423575043678284
1936885097,test,0,1,0.5742694139480591,0.5742694139480591
8973387,test,1,1,0.5423821210861206,0.5423821210861206
1829060111,test,1,1,0.5946992635726929,0.5946992635726929
343817887,test,1,1,0.5592143535614014,0.5592143535614014
1003428714,test,1,1,0.5546483397483826,0.5546483397483826
1401038279,test,1,1,0.5545888543128967,0.5545888543128967
2016586395,test,1,1,0.5439361929893494,0.5439361929893494
254224135,test,0,1,0.5521570444107056,0.5521570444107056
1171734691,test,0,1,0.5371829271316528,0.5371829271316528
1539076755,test,0,1,0.5559139847755432,0.5559139847755432
1902181123,test,0,1,0.5770323872566223,0.5770323872566223
1033888870,cal,0,1,0.5794589519500732,0.5794589519500732
1471928820,cal,0,1,0.5491209626197815,0.5491209626197815
1029358803,cal,0,1,0.586604118347168,0.586604118347168
1664363861,cal,0,1,0.5583500862121582,0.5583500862121582
581476994,cal,1,0,0.4738195836544037,0.5261803865432739
1762207564,cal,1,0,0.4599069058895111,0.5400930643081665
1313895125,cal,0,0,0.4844009280204773,0.5155990719795227
1943014149,cal,0,0,0.45354947447776794,0.5464504957199097
899054891,test,0,1,0.5018500089645386,0.5018500089645386
1074322474,test,0,0,0.4945058226585388,0.5054941773414612
2011349525,test,0,0,0.4912199378013611,0.5087800621986389
182515914,test,0,0,0.4980742335319519,0.5019257664680481
1306355749,test,0,0,0.48767024278640747,0.5123297572135925
1339871666,test,0,1,0.5228897333145142,0.5228897333145142
933082540,cal,0,1,0.5202394127845764,0.5202394127845764
1803620111,cal,0,1,0.5075402855873108,0.5075402855873108
55729344,cal,0,0,0.4899238348007202,0.5100761651992798
816604372,cal,0,1,0.5257607102394104,0.5257607102394104
145977913,test,0,1,0.5935036540031433,0.5935036540031433
647357872,test,0,1,0.5887651443481445,0.5887651443481445
255915843,test,1,1,0.5602627396583557,0.5602627396583557
278616566,test,1,1,0.592231035232544,0.592231035232544
1730670929,test,1,1,0.5997099876403809,0.5997099876403809
633226811,cal,0,1,0.6075952053070068,0.6075952053070068
1216505898,cal,0,1,0.621505081653595,0.621505081653595
649819775,cal,0,1,0.611984372138977,0.611984372138977
814516319,cal,0,1,0.6339691281318665,0.6339691281318665
23058247,cal,0,1,0.5276919007301331,0.5276919007301331
651419524,cal,0,1,0.5538669228553772,0.5538669228553772
805582919,cal,0,1,0.545876681804657,0.545876681804657
2120107933,cal,0,1,0.517545223236084,0.517545223236084
1089223907,cal,0,1,0.5111876130104065,0.5111876130104065
1534443154,cal,0,0,0.4939420521259308,0.5060579776763916
1187746988,cal,0,0,0.4888603985309601,0.5111396312713623
1576784294,cal,0,1,0.5135402083396912,0.5135402083396912
904734367,cal,1,0,0.444915235042572,0.555084764957428
1269622996,cal,1,0,0.47606003284454346,0.5239399671554565
193573952,cal,0,0,0.4585777223110199,0.5414222478866577
378643240,cal,0,0,0.4723009467124939,0.5276990532875061
1811349682,cal,0,0,0.4309915006160736,0.569008469581604
1854919329,cal,0,1,0.5005929470062256,0.5005929470062256
1599693376,cal,0,0,0.4415859282016754,0.558414101600647
2083868856,cal,0,1,0.5002144575119019,0.5002144575119019
972334044,test,0,1,0.5363178253173828,0.5363178253173828
1681871947,test,0,1,0.5296947956085205,0.5296947956085205
1488263572,test,0,1,0.523199200630188,0.523199200630188
1556750483,test,0,0,0.49676191806793213,0.5032380819320679
541986614,test,1,0,0.4618578553199768,0.5381421446800232
1601378533,test,1,1,0.5170803070068359,0.5170803070068359
1255665594,test,0,0,0.49038729071617126,0.5096126794815063
2053483061,test,0,1,0.5171656608581543,0.5171656608581543
179593899,cal,0,0,0.439024955034256,0.5609750747680664
498259559,cal,0,0,0.4841083288192749,0.5158916711807251
742734272,cal,0,0,0.47699588537216187,0.5230041146278381
810528820,cal,0,1,0.5206186771392822,0.5206186771392822
152999581,cal,0,0,0.4379185438156128,0.5620814561843872
510349153,cal,0,0,0.4893173575401306,0.5106826424598694
714234152,cal,0,0,0.4926915764808655,0.5073084235191345
1166874654,cal,0,1,0.5094394683837891,0.5094394683837891
240659199,cal,1,1,0.6001251935958862,0.6001251935958862
526549687,cal,1,1,0.5964046716690063,0.5964046716690063
1190427783,cal,1,1,0.5847786068916321,0.5847786068916321
7345871,cal,0,1,0.5780115127563477,0.5780115127563477
534896684,cal,0,1,0.6023687124252319,0.6023687124252319
347725396,cal,0,1,0.5871689319610596,0.5871689319610596
836583085,cal,0,1,0.6054701209068298,0.6054701209068298
477298168,cal,0,1,0.5969642400741577,0.5969642400741577
695274743,cal,0,1,0.5718884468078613,0.5718884468078613
1095396480,cal,0,1,0.604861855506897,0.604861855506897
1109475818,cal,0,1,0.5775423049926758,0.5775423049926758
360716168,cal,0,1,0.6061238050460815,0.6061238050460815
1638694017,cal,0,1,0.5976441502571106,0.5976441502571106
453137519,cal,0,1,0.6121284365653992,0.6121284365653992
2113818633,cal,0,1,0.6321607232093811,0.6321607232093811
182623219,cal,1,1,0.6259926557540894,0.6259926557540894
942041246,cal,1,1,0.611527144908905,0.611527144908905
298141149,cal,1,1,0.5519703030586243,0.5519703030586243
1992129866,cal,1,1,0.5264667868614197,0.5264667868614197
446947777,cal,0,1,0.5393279790878296,0.5393279790878296
1083691140,cal,0,1,0.5597584247589111,0.5597584247589111
1671335501,cal,0,1,0.5374061465263367,0.5374061465263367
410708645,cal,1,1,0.5381810665130615,0.5381810665130615
559780071,cal,1,0,0.49889296293258667,0.5011070370674133
132459642,cal,0,1,0.5076956748962402,0.5076956748962402
1923070365,cal,0,1,0.5268073081970215,0.5268073081970215
112319862,cal,0,1,0.5197452902793884,0.5197452902793884
1335992466,cal,0,0,0.4796013832092285,0.5203986167907715
1581815779,cal,0,0,0.48596295714378357,0.514037013053894
1728065389,cal,0,0,0.4896486699581146,0.510351300239563
111454965,cal,0,0,0.4541400074958801,0.5458599925041199
882925909,cal,0,0,0.4967271089553833,0.5032728910446167
726573843,cal,0,0,0.4860527217388153,0.5139472484588623
1234748992,cal,0,0,0.4886799156665802,0.5113201141357422
1684140416,cal,0,0,0.45775482058525085,0.5422451496124268
1722573641,cal,0,0,0.47090041637420654,0.5290995836257935
1307991957,cal,0,0,0.47544947266578674,0.5245505571365356
1821764801,cal,0,0,0.4780363142490387,0.5219637155532837
1260636918,cal,1,0,0.47697192430496216,0.5230280756950378
1896824711,cal,1,0,0.47585317492485046,0.5241467952728271
765777879,cal,0,0,0.4851319193840027,0.5148680806159973
859639855,cal,0,0,0.4961836040019989,0.5038163661956787
1352483459,cal,0,0,0.4773121476173401,0.5226878523826599
8122367,cal,0,1,0.6336427927017212,0.6336427927017212
168221615,cal,0,1,0.5808699727058411,0.5808699727058411
487375159,cal,0,1,0.621004581451416,0.621004581451416
480456805,cal,0,1,0.6206716299057007,0.6206716299057007
1405513413,cal,0,1,0.5620802640914917,0.5620802640914917
1431346577,cal,0,1,0.6213433146476746,0.6213433146476746
220740539,cal,0,1,0.5909512042999268,0.5909512042999268
975029923,cal,0,1,0.6188269853591919,0.6188269853591919
1872833262,cal,0,1,0.6140651702880859,0.6140651702880859
1897233512,cal,0,1,0.6040131449699402,0.6040131449699402
173454910,test,0,0,0.38362687826156616,0.6163731217384338
1259645023,test,0,0,0.29510071873664856,0.7048993110656738
1410242946,test,0,0,0.4888265132904053,0.5111734867095947
1946658043,test,0,0,0.23646219074726105,0.7635378241539001
302397459,test,0,0,0.39295586943626404,0.6070441007614136
1074357139,test,0,0,0.4000157415866852,0.5999842882156372
1183857547,test,0,0,0.2996116578578949,0.7003883123397827
1794254610,test,0,0,0.36242181062698364,0.6375781893730164
612483566,cal,0,1,0.5731412768363953,0.5731412768363953
859578255,cal,0,1,0.524423360824585,0.524423360824585
465607433,cal,0,1,0.5232236981391907,0.5232236981391907
1258092255,cal,0,1,0.5786672830581665,0.5786672830581665
426041898,cal,1,0,0.4473818242549896,0.552618145942688
1312062556,cal,1,0,0.48820194602012634,0.5117980241775513
66782493,cal,0,0,0.4753015339374542,0.5246984958648682
1303998184,cal,0,0,0.4866311550140381,0.5133688449859619
433679255,cal,0,1,0.5016569495201111,0.5016569495201111
1914145723,cal,0,0,0.4742014706134796,0.5257985591888428
1258207458,cal,0,0,0.4737285077571869,0.5262714624404907
1458011839,cal,0,0,0.47296077013015747,0.5270392298698425
1545257105,cal,0,0,0.4956471621990204,0.5043528079986572
551724896,cal,0,0,0.488709419965744,0.5112905502319336
1305795744,cal,0,0,0.44566217064857483,0.5543378591537476
567431455,cal,0,0,0.48720476031303406,0.5127952098846436
891401250,cal,0,0,0.4563087821006775,0.5436912178993225
522172921,test,0,1,0.5069937705993652,0.5069937705993652
1183182121,test,0,0,0.49614474177360535,0.5038552284240723
217289453,test,0,0,0.474051833152771,0.525948166847229
633234764,test,0,0,0.49397915601730347,0.5060208439826965
147663657,test,0,1,0.5440359115600586,0.5440359115600586
1995419096,test,0,1,0.5416596531867981,0.5416596531867981
435628298,test,0,1,0.5434080362319946,0.5434080362319946
590958364,test,0,1,0.536719560623169,0.536719560623169
981142382,cal,0,1,0.5168047547340393,0.5168047547340393
2122127168,cal,0,1,0.5019966959953308,0.5019966959953308
1147497604,cal,0,1,0.5077689290046692,0.5077689290046692
2007026560,cal,0,1,0.5197110772132874,0.5197110772132874
71035162,test,0,1,0.528302788734436,0.528302788734436
1292683348,test,0,1,0.505942165851593,0.505942165851593
1758511757,test,0,1,0.5303853154182434,0.5303853154182434
632634365,test,0,1,0.526099681854248,0.526099681854248
1105675434,test,0,1,0.5427509546279907,0.5427509546279907
1794878822,cal,0,0,0.4709267020225525,0.5290732979774475
1896800798,cal,0,1,0.5187303423881531,0.5187303423881531
1565017733,cal,0,0,0.4764920771121979,0.5235079526901245
1614937803,cal,0,1,0.5130639672279358,0.5130639672279358
638913789,cal,0,1,0.5783215761184692,0.5783215761184692
830108123,cal,0,1,0.6309072971343994,0.6309072971343994
1007266558,cal,0,1,0.6285098195075989,0.6285098195075989
1253880828,cal,0,1,0.6066847443580627,0.6066847443580627
769735363,cal,1,1,0.5338948369026184,0.5338948369026184
1709299752,cal,1,0,0.4958268105983734,0.5041731595993042
130991510,cal,0,1,0.5243333578109741,0.5243333578109741
991752559,cal,0,1,0.5284686088562012,0.5284686088562012
1607887114,cal,0,0,0.48985958099365234,0.5101404190063477
1118092364,cal,0,0,0.2944125235080719,0.7055875062942505
1684930922,cal,0,0,0.29238441586494446,0.7076156139373779
1080914793,cal,0,0,0.2684144079685211,0.7315856218338013
1483474091,cal,0,0,0.25739073753356934,0.7426092624664307
333469112,cal,1,1,0.544911801815033,0.544911801815033
748841369,cal,1,1,0.5552724599838257,0.5552724599838257
150967517,cal,0,1,0.5444390773773193,0.5444390773773193
738710725,cal,0,1,0.5630130767822266,0.5630130767822266
1391155275,cal,0,1,0.5510339736938477,0.5510339736938477
252013216,cal,0,1,0.5097790360450745,0.5097790360450745
1383830113,cal,0,0,0.4842923581600189,0.5157076120376587
249677,cal,0,0,0.4955216646194458,0.5044783353805542
636410662,cal,0,0,0.4600771963596344,0.539922833442688
1217832977,cal,0,0,0.47656241059303284,0.5234376192092896
14315234,cal,0,1,0.5357089042663574,0.5357089042663574
1815486718,cal,0,1,0.5558964014053345,0.5558964014053345
369944395,cal,1,1,0.5428150296211243,0.5428150296211243
398277808,cal,1,1,0.5297074913978577,0.5297074913978577
1539009830,cal,1,1,0.5737360715866089,0.5737360715866089
2006015654,cal,1,1,0.580640435218811,0.580640435218811
87273775,cal,0,1,0.5795663595199585,0.5795663595199585
2002826977,cal,0,1,0.5709304213523865,0.5709304213523865
1603267884,cal,0,1,0.5669686198234558,0.5669686198234558
2008726834,cal,0,1,0.5611186027526855,0.5611186027526855
58569451,cal,0,1,0.5757301449775696,0.5757301449775696
1759380002,cal,0,1,0.5755886435508728,0.5755886435508728
1220661702,cal,0,1,0.6130451560020447,0.6130451560020447
2130806169,cal,0,1,0.6135812401771545,0.6135812401771545
121647768,cal,1,1,0.6082050204277039,0.6082050204277039
1215060733,cal,1,1,0.5911003351211548,0.5911003351211548
1293338219,cal,1,1,0.5910860300064087,0.5910860300064087
197668795,cal,1,1,0.5266628265380859,0.5266628265380859
811985395,cal,1,1,0.533011794090271,0.533011794090271
923224595,cal,1,1,0.524888813495636,0.524888813495636
357729989,cal,0,1,0.5105260610580444,0.5105260610580444
1630180552,cal,0,1,0.5383943915367126,0.5383943915367126
1994819885,cal,0,1,0.5379021763801575,0.5379021763801575
533401584,cal,0,1,0.5438916087150574,0.5438916087150574
1184686938,cal,0,1,0.5136244893074036,0.5136244893074036
38405724,cal,1,1,0.5275857448577881,0.5275857448577881
1474580307,cal,1,1,0.5104411244392395,0.5104411244392395
2087374858,cal,0,1,0.5530176162719727,0.5530176162719727
2107252695,cal,0,1,0.5831745266914368,0.5831745266914368
676453633,cal,0,1,0.5858980417251587,0.5858980417251587
1396938747,cal,0,1,0.5433544516563416,0.5433544516563416
1361979511,cal,0,1,0.5704689025878906,0.5704689025878906
1967135280,cal,0,1,0.5509540438652039,0.5509540438652039
1745895425,cal,0,1,0.5696173906326294,0.5696173906326294
1878319189,cal,0,1,0.5675997138023376,0.5675997138023376
461938434,test,0,1,0.5328645706176758,0.5328645706176758
1143638128,test,0,1,0.5642123818397522,0.5642123818397522
1981033212,test,0,1,0.5512655377388,0.5512655377388
2115252301,test,0,1,0.5534801483154297,0.5534801483154297
151309151,test,0,1,0.6111090183258057,0.6111090183258057
1225607299,test,0,1,0.6182253360748291,0.6182253360748291
1527376234,test,0,1,0.6058218479156494,0.6058218479156494
79732175,test,0,1,0.6257358193397522,0.6257358193397522
1984529459,test,0,1,0.6254573464393616,0.6254573464393616
2136952196,test,0,1,0.6093896627426147,0.6093896627426147
1014013978,cal,0,1,0.5534967184066772,0.5534967184066772
1032274187,cal,0,1,0.5575516223907471,0.5575516223907471
411886595,cal,0,1,0.5550979971885681,0.5550979971885681
800856891,cal,0,1,0.548323392868042,0.548323392868042
1583881486,cal,0,1,0.5570420026779175,0.5570420026779175
673300902,cal,0,1,0.505886971950531,0.505886971950531
981534119,cal,0,0,0.49881672859191895,0.501183271408081
896898957,cal,0,0,0.4694061577320099,0.5305938720703125
1728106513,cal,0,0,0.49436426162719727,0.5056357383728027
130042294,cal,0,1,0.5141669511795044,0.5141669511795044
299448315,cal,0,1,0.5202893018722534,0.5202893018722534
954980275,cal,0,1,0.5178899168968201,0.5178899168968201
1699668941,cal,0,1,0.5209219455718994,0.5209219455718994
490888262,test,0,1,0.5115677118301392,0.5115677118301392
982556856,test,0,1,0.5285130143165588,0.5285130143165588
1532473501,test,0,0,0.49056461453437805,0.5094354152679443
1263670029,test,1,1,0.5240942239761353,0.5240942239761353
2084685085,test,1,1,0.527723491191864,0.527723491191864
2134638206,test,1,1,0.5026153326034546,0.5026153326034546
1031905591,cal,0,1,0.549943208694458,0.549943208694458
1972329731,cal,0,1,0.5505304336547852,0.5505304336547852
1029512398,cal,0,1,0.5666632056236267,0.5666632056236267
1079539963,cal,0,1,0.565101146697998,0.565101146697998
1155162775,cal,0,1,0.5337276458740234,0.5337276458740234
1395779659,cal,0,1,0.5753867030143738,0.5753867030143738
413870340,cal,1,1,0.5838099718093872,0.5838099718093872
1518301133,cal,1,1,0.5597043037414551,0.5597043037414551
860589260,test,0,1,0.5136809349060059,0.5136809349060059
1370895472,test,0,0,0.48277485370635986,0.5172251462936401
280314407,test,0,1,0.5120093822479248,0.5120093822479248
1185496464,test,0,0,0.4860132336616516,0.5139867663383484
637159477,test,0,0,0.46012717485427856,0.5398728251457214
1041597640,test,0,0,0.47452783584594727,0.5254721641540527
945964892,test,0,0,0.4958201050758362,0.5041798949241638
1696405884,test,0,0,0.4553651809692383,0.5446348190307617
1328485202,cal,0,1,0.558142900466919,0.558142900466919
1923389718,cal,0,1,0.6121125221252441,0.6121125221252441
336101230,cal,0,1,0.5621070265769958,0.5621070265769958
1021618321,cal,0,1,0.6146978139877319,0.6146978139877319
1666777642,cal,0,1,0.611341118812561,0.611341118812561
277301579,cal,0,0,0.4852336049079895,0.5147663950920105
937178649,cal,0,0,0.4802379906177521,0.5197620391845703
37273824,cal,0,0,0.48698869347572327,0.5130113363265991
238463396,cal,0,0,0.4726364016532898,0.5273635983467102
150065618,test,0,0,0.4873303174972534,0.5126696825027466
1860125281,test,0,0,0.48615679144859314,0.5138431787490845
492124098,test,0,0,0.4770914316177368,0.5229085683822632
1387239105,test,0,1,0.503089427947998,0.503089427947998
218718063,cal,0,1,0.5139403343200684,0.5139403343200684
2102787427,cal,0,0,0.49701398611068726,0.5029860138893127
155036167,cal,0,1,0.5048409700393677,0.5048409700393677
814240065,cal,0,0,0.48315340280532837,0.5168465971946716
457685249,cal,0,1,0.5122829079627991,0.5122829079627991
1858996397,cal,0,1,0.5318285226821899,0.5318285226821899
242210778,cal,0,1,0.5136703848838806,0.5136703848838806
515512821,cal,0,1,0.531333863735199,0.531333863735199
1877626371,cal,0,0,0.4538857638835907,0.5461142063140869
2026207108,cal,0,0,0.4903736412525177,0.5096263885498047
3897493,cal,0,0,0.4496733546257019,0.5503266453742981
1388912603,cal,0,0,0.4944613575935364,0.5055386424064636
977755954,test,0,0,0.47158634662628174,0.5284136533737183
1744963370,test,0,0,0.47467464208602905,0.525325357913971
643290082,test,1,0,0.47039127349853516,0.5296087265014648
2115533448,test,1,0,0.4836573898792267,0.5163426399230957
690132040,cal,0,0,0.4633415639400482,0.5366584062576294
2109011619,cal,0,0,0.49381986260414124,0.5061801671981812
288709139,cal,1,0,0.4507790207862854,0.5492209792137146
658530777,cal,1,0,0.48671308159828186,0.5132869482040405
97532695,cal,0,1,0.5867977142333984,0.5867977142333984
539836420,cal,0,1,0.5896528363227844,0.5896528363227844
1546041515,cal,0,1,0.5935166478157043,0.5935166478157043
55361095,cal,1,1,0.5785837173461914,0.5785837173461914
335276847,cal,1,1,0.5783894062042236,0.5783894062042236
779760980,cal,1,1,0.5745072364807129,0.5745072364807129
72889219,cal,0,1,0.5693570375442505,0.5693570375442505
994468509,cal,0,0,0.4907640218734741,0.5092359781265259
1766499202,cal,0,1,0.5694907903671265,0.5694907903671265
1841985142,cal,0,1,0.5017716884613037,0.5017716884613037
735499691,cal,0,1,0.5766343474388123,0.5766343474388123
1267104694,cal,0,0,0.488197386264801,0.511802613735199
1318911271,cal,0,1,0.5679579973220825,0.5679579973220825
1546186373,cal,0,0,0.49252915382385254,0.5074708461761475
1211574166,test,0,1,0.5586751103401184,0.5586751103401184
1931219874,test,0,1,0.5566443204879761,0.5566443204879761
623989199,test,1,1,0.5719488263130188,0.5719488263130188
2039818549,test,1,1,0.546643078327179,0.546643078327179
2222207,cal,0,0,0.48130539059638977,0.5186946392059326
187606756,cal,0,1,0.5142397284507751,0.5142397284507751
217350862,cal,0,1,0.5020449161529541,0.5020449161529541
60652316,cal,0,0,0.4756678342819214,0.5243321657180786
1570950060,cal,0,1,0.5015705823898315,0.5015705823898315
1041756006,test,0,0,0.4514321982860565,0.5485677719116211
1919522908,test,0,0,0.4724718928337097,0.5275281071662903
503695603,test,0,0,0.4915667474269867,0.5084332227706909
1127013938,test,0,0,0.4841552674770355,0.5158447027206421
967029933,cal,0,1,0.5126988291740417,0.5126988291740417
2130913743,cal,0,0,0.4732326567173004,0.526767373085022
310104208,cal,0,0,0.47713109850883484,0.5228688716888428
763038371,cal,0,1,0.5006400346755981,0.5006400346755981
1348460424,cal,0,0,0.4954952597618103,0.5045047402381897
2044351399,cal,0,1,0.5100321769714355,0.5100321769714355
279433029,cal,0,0,0.494293749332428,0.505706250667572
1073259019,cal,0,1,0.5137138366699219,0.5137138366699219
42951015,cal,0,1,0.6213368773460388,0.6213368773460388
478765362,cal,0,1,0.6086911559104919,0.6086911559104919
1057320090,cal,0,1,0.6007840037345886,0.6007840037345886
1444915938,cal,0,1,0.5894957780838013,0.5894957780838013
133124208,cal,0,1,0.6067965626716614,0.6067965626716614
359345507,cal,0,1,0.5778721570968628,0.5778721570968628
583000823,cal,0,1,0.6047325134277344,0.6047325134277344
1903258650,cal,0,0,0.4338511824607849,0.5661488175392151
2034905978,cal,0,0,0.38107553124427795,0.6189244985580444
2071782547,cal,0,1,0.5700532793998718,0.5700532793998718
1245828964,cal,1,0,0.36500805616378784,0.6349919438362122
1457378619,cal,1,0,0.363864004611969,0.636135995388031
2103697614,cal,1,0,0.40466052293777466,0.5953394770622253
288765902,cal,1,0,0.4737758934497833,0.5262241363525391
736217997,cal,1,1,0.5081209540367126,0.5081209540367126
743119245,cal,0,1,0.5035890936851501,0.5035890936851501
1029331922,cal,0,1,0.5096120238304138,0.5096120238304138
1987965672,cal,0,0,0.47144120931625366,0.5285587906837463
1086108464,cal,0,1,0.5043001174926758,0.5043001174926758
1331324750,cal,0,1,0.5258550047874451,0.5258550047874451
833436230,cal,0,1,0.5201123356819153,0.5201123356819153
1020435343,cal,0,0,0.49570339918136597,0.504296600818634
712472622,test,1,0,0.49833792448043823,0.5016620755195618
888002897,test,1,1,0.5208183526992798,0.5208183526992798
516280993,test,0,1,0.5104414820671082,0.5104414820671082
2052147754,test,0,1,0.5114567875862122,0.5114567875862122
165638263,cal,0,1,0.5550315380096436,0.5550315380096436
938027888,cal,0,1,0.5333927273750305,0.5333927273750305
1324579549,cal,0,1,0.5517895817756653,0.5517895817756653
2058894630,cal,0,1,0.5493993163108826,0.5493993163108826
1782583190,test,0,1,0.6206115484237671,0.6206115484237671
2093169211,test,0,1,0.6191422343254089,0.6191422343254089
1292210706,test,1,1,0.6188822984695435,0.6188822984695435
1349047316,test,1,1,0.6218443512916565,0.6218443512916565
1195287317,test,0,1,0.5522500276565552,0.5522500276565552
1588307159,test,0,1,0.5046356916427612,0.5046356916427612
1863746838,test,0,1,0.5179707407951355,0.5179707407951355
32424341,test,0,1,0.5103119015693665,0.5103119015693665
1743391662,test,0,1,0.5069774985313416,0.5069774985313416
526846984,cal,0,1,0.5582854151725769,0.5582854151725769
1607962044,cal,0,1,0.503982663154602,0.503982663154602
420439253,cal,0,1,0.5171269178390503,0.5171269178390503
1861022050,cal,0,0,0.4944177567958832,0.5055822134017944
15224426,test,0,1,0.5549985766410828,0.5549985766410828
118999348,test,0,1,0.5593225955963135,0.5593225955963135
650812278,test,0,1,0.5480142831802368,0.5480142831802368
1289282189,test,0,1,0.5469223856925964,0.5469223856925964
424945901,cal,0,1,0.5703072547912598,0.5703072547912598
1890232525,cal,0,1,0.5828548669815063,0.5828548669815063
1739892391,cal,0,1,0.5503774285316467,0.5503774285316467
1844464301,cal,0,1,0.582701563835144,0.582701563835144
857536670,cal,0,0,0.4992522597312927,0.5007477402687073
2094011764,cal,0,0,0.46206605434417725,0.5379339456558228
1487614052,cal,0,0,0.4965192973613739,0.5034806728363037
1802043969,cal,0,0,0.4871154725551605,0.5128844976425171
1312041016,cal,0,0,0.49340197443962097,0.5065979957580566
2073432294,cal,0,1,0.5224579572677612,0.5224579572677612
871916422,cal,0,0,0.4918854236602783,0.5081145763397217
1178925052,cal,0,1,0.5178735256195068,0.5178735256195068
941419694,test,0,1,0.5759795308113098,0.5759795308113098
1879228124,test,0,1,0.5780380964279175,0.5780380964279175
2115046188,test,0,1,0.5927169322967529,0.5927169322967529
1967002780,test,0,1,0.618349015712738,0.618349015712738
1983512783,test,0,1,0.6038270592689514,0.6038270592689514
823790196,cal,0,1,0.52166748046875,0.52166748046875
1922374111,cal,0,1,0.5702929496765137,0.5702929496765137
309785457,cal,0,1,0.6149510145187378,0.6149510145187378
441263160,cal,0,1,0.5612425208091736,0.5612425208091736
1655899072,cal,0,0,0.4573580026626587,0.5426419973373413
1830616654,cal,0,0,0.48388439416885376,0.5161156058311462
1129779371,cal,0,0,0.4643028676509857,0.5356971025466919
1826394364,cal,0,0,0.48987364768981934,0.5101263523101807
445113117,cal,0,1,0.5908982753753662,0.5908982753753662
1029186684,cal,0,1,0.6231087446212769,0.6231087446212769
1146801102,cal,0,1,0.597520112991333,0.597520112991333
1309628291,cal,0,1,0.5871247053146362,0.5871247053146362
1339328850,cal,0,1,0.6037510633468628,0.6037510633468628
932129494,cal,0,0,0.4974110722541809,0.5025889277458191
1524820189,cal,0,0,0.4999309778213501,0.5000690221786499
986271766,cal,0,0,0.485556036233902,0.5144439935684204
1658287307,cal,0,0,0.4978591501712799,0.5021408796310425
1201333226,cal,0,1,0.5475666522979736,0.5475666522979736
1419558211,cal,0,1,0.5520702004432678,0.5520702004432678
1551910843,cal,0,1,0.542277455329895,0.542277455329895
1642793937,cal,0,1,0.5323246121406555,0.5323246121406555
404790901,cal,0,1,0.5550805926322937,0.5550805926322937
1707799086,cal,0,1,0.5357216596603394,0.5357216596603394
1812239773,cal,0,1,0.5700172781944275,0.5700172781944275
2051486099,cal,0,1,0.5432885885238647,0.5432885885238647
1009184748,cal,0,1,0.5330386161804199,0.5330386161804199
1134776566,cal,0,1,0.5413115620613098,0.5413115620613098
1998833988,cal,1,1,0.5537657737731934,0.5537657737731934
2100576432,cal,1,1,0.5360398292541504,0.5360398292541504
572392983,test,0,1,0.5976680517196655,0.5976680517196655
575634638,test,0,1,0.6027491092681885,0.6027491092681885
1131002793,test,0,1,0.5894326567649841,0.5894326567649841
1983596515,test,0,1,0.5975877046585083,0.5975877046585083
778082081,cal,1,1,0.5356152653694153,0.5356152653694153
2044087339,cal,1,1,0.5006189346313477,0.5006189346313477
1763730597,cal,0,1,0.5054354071617126,0.5054354071617126
1998118024,cal,0,1,0.537704586982727,0.537704586982727
44248798,cal,0,0,0.47148561477661133,0.5285143852233887
2083278028,cal,0,0,0.4896973669528961,0.5103026628494263
774572531,cal,0,0,0.45792293548583984,0.5420770645141602
1084973858,cal,0,0,0.4640377461910248,0.5359622240066528
972953536,cal,0,0,0.4555451571941376,0.54445481300354
1232741752,cal,0,0,0.4712117612361908,0.5287882089614868
1396505656,cal,0,0,0.4914710521697998,0.5085289478302002
1482516386,cal,0,1,0.5054621696472168,0.5054621696472168
1215447713,cal,0,0,0.43031635880470276,0.5696836709976196
1408995603,cal,0,0,0.47054219245910645,0.5294578075408936
1560749953,cal,0,0,0.465162992477417,0.534837007522583
2130623709,cal,0,0,0.4377420246601105,0.5622580051422119
630217139,cal,0,0,0.4607180058956146,0.539281964302063
797823022,cal,0,0,0.43163877725601196,0.568361222743988
1097536144,cal,0,0,0.4695826768875122,0.5304173231124878
1240294865,cal,0,0,0.4243030250072479,0.5756969451904297
1500094188,cal,0,1,0.5698201656341553,0.5698201656341553
2002265115,cal,0,1,0.5766191482543945,0.5766191482543945
134062349,cal,0,1,0.552267849445343,0.552267849445343
486884967,cal,0,1,0.5567240715026855,0.5567240715026855
408567082,cal,1,1,0.5892502665519714,0.5892502665519714
1076689278,cal,1,1,0.582323431968689,0.582323431968689
1703573597,cal,1,1,0.5730353593826294,0.5730353593826294
1007866781,cal,0,1,0.5852041244506836,0.5852041244506836
1237305371,cal,0,1,0.5831931233406067,0.5831931233406067
1290228060,cal,0,1,0.5831006169319153,0.5831006169319153
1124168601,cal,0,0,0.4716426134109497,0.5283573865890503
1571457695,cal,0,0,0.4977795481681824,0.5022204518318176
57015221,cal,1,0,0.47614961862564087,0.5238503813743591
557158155,cal,1,0,0.4687500298023224,0.53125
1930646527,cal,1,0,0.44849109649658203,0.551508903503418
544154250,cal,0,0,0.49074456095695496,0.5092554092407227
1289520449,cal,0,0,0.49374017119407654,0.5062597990036011
1424503280,cal,0,1,0.5105657577514648,0.5105657577514648
1526822561,cal,0,1,0.5087393522262573,0.5087393522262573
1548630601,cal,0,1,0.5127413868904114,0.5127413868904114
489589671,cal,0,0,0.4914049506187439,0.5085950493812561
1172656432,cal,0,0,0.48753097653388977,0.5124690532684326
558791757,cal,0,0,0.4811846911907196,0.518815279006958
1315846433,cal,0,0,0.4941379725933075,0.5058619976043701
1357879209,cal,0,1,0.5728890299797058,0.5728890299797058
1838653365,cal,0,1,0.574239194393158,0.574239194393158
1407317757,cal,0,1,0.5826583504676819,0.5826583504676819
1740682416,cal,0,1,0.5754836797714233,0.5754836797714233
1034144413,cal,0,1,0.59174644947052,0.59174644947052
2086543643,cal,0,1,0.5897313356399536,0.5897313356399536
191362946,cal,0,1,0.5667394995689392,0.5667394995689392
1284687021,cal,0,1,0.5865474343299866,0.5865474343299866
1531043888,cal,0,1,0.5514121055603027,0.5514121055603027
511490556,cal,1,1,0.6170554757118225,0.6170554757118225
822683321,cal,1,1,0.5881866812705994,0.5881866812705994
1204289874,cal,0,1,0.5919057726860046,0.5919057726860046
1527195043,cal,0,1,0.6105313301086426,0.6105313301086426
738926519,cal,0,1,0.5970715284347534,0.5970715284347534
1260878634,cal,0,1,0.6036117076873779,0.6036117076873779
917546937,cal,0,1,0.5934448838233948,0.5934448838233948
2097534131,cal,0,1,0.5864318013191223,0.5864318013191223
797792367,cal,0,1,0.59634929895401,0.59634929895401
2050862569,cal,0,1,0.5909117460250854,0.5909117460250854
25773340,cal,0,1,0.5968388915061951,0.5968388915061951
1231675266,cal,0,1,0.5982449650764465,0.5982449650764465
378623093,cal,1,1,0.6285404562950134,0.6285404562950134
801684731,cal,1,1,0.6035225987434387,0.6035225987434387
887145105,cal,0,1,0.6066028475761414,0.6066028475761414
1935805685,cal,0,1,0.633960485458374,0.633960485458374
328462789,cal,0,0,0.4774349331855774,0.5225650668144226
1137182203,cal,0,0,0.493359237909317,0.5066407918930054
504635833,cal,0,0,0.4746797978878021,0.5253201723098755
675909296,cal,0,0,0.48044124245643616,0.5195587873458862
1057752234,cal,0,0,0.4623555839061737,0.5376443862915039
1582486652,cal,0,1,0.5005044937133789,0.5005044937133789
2140672854,cal,0,1,0.515509843826294,0.515509843826294
1210590637,cal,0,1,0.5192155241966248,0.5192155241966248
1625458657,cal,0,0,0.49945855140686035,0.5005414485931396
160439206,cal,0,1,0.5057468414306641,0.5057468414306641
1938711165,cal,0,1,0.504419207572937,0.504419207572937
795740405,cal,0,1,0.5126226544380188,0.5126226544380188
901865979,cal,0,0,0.49426719546318054,0.5057327747344971
14022086,cal,0,1,0.546802818775177,0.546802818775177
711340312,cal,0,1,0.5451385974884033,0.5451385974884033
490592404,cal,0,1,0.5374556183815002,0.5374556183815002
796537219,cal,0,1,0.5469788312911987,0.5469788312911987
1104477140,cal,0,0,0.48944714665412903,0.5105528831481934
1430841861,cal,0,1,0.50853431224823,0.50853431224823
413498453,cal,0,0,0.46316197514533997,0.5368380546569824
963864652,cal,0,0,0.4934491515159607,0.5065508484840393
586465106,test,0,0,0.49452558159828186,0.5054744482040405
838157750,test,0,1,0.5116291642189026,0.5116291642189026
348100450,test,0,0,0.4901397228240967,0.5098602771759033
710965500,test,0,1,0.5120665431022644,0.5120665431022644
949914922,cal,0,1,0.5986712574958801,0.5986712574958801
1514578464,cal,0,1,0.577727735042572,0.577727735042572
1555917250,cal,0,1,0.5902178287506104,0.5902178287506104
145170954,cal,1,1,0.6011568307876587,0.6011568307876587
1231101161,cal,1,1,0.6045133471488953,0.6045133471488953
1564214908,cal,1,1,0.5833787322044373,0.5833787322044373
59874602,cal,0,0,0.4990840554237366,0.5009159445762634
1766399811,cal,0,0,0.4804922044277191,0.5195077657699585
132992450,cal,0,0,0.4836460053920746,0.516353964805603
1056858160,cal,0,0,0.497249037027359,0.5027509927749634
355375965,cal,0,1,0.5697206854820251,0.5697206854820251
462924896,cal,0,1,0.5838937759399414,0.5838937759399414
510667492,cal,0,1,0.5660465955734253,0.5660465955734253
1742835190,cal,0,1,0.577982485294342,0.577982485294342
232500824,test,0,1,0.5685822367668152,0.5685822367668152
1311580308,test,0,1,0.5738710165023804,0.5738710165023804
945084785,test,0,1,0.5837122201919556,0.5837122201919556
1160167399,test,0,1,0.5772658586502075,0.5772658586502075
1730436240,cal,0,0,0.47977787256240845,0.5202221274375916
2084180373,cal,0,0,0.47692397236824036,0.523076057434082
123706727,cal,0,0,0.49747195839881897,0.5025280714035034
1909098028,cal,0,0,0.492008775472641,0.5079911947250366
8076716,cal,1,1,0.5046663284301758,0.5046663284301758
1137302711,cal,1,1,0.5098527073860168,0.5098527073860168
447065690,cal,0,1,0.5098244547843933,0.5098244547843933
1130655854,cal,0,1,0.507284939289093,0.507284939289093
386324204,test,0,1,0.535186767578125,0.535186767578125
1499345604,test,0,1,0.5291370153427124,0.5291370153427124
1486929054,test,0,1,0.5323094129562378,0.5323094129562378
1526072806,test,0,1,0.5379853844642639,0.5379853844642639
121842283,cal,0,1,0.5139747858047485,0.5139747858047485
1951845360,cal,0,0,0.4994886517524719,0.5005113482475281
204205286,cal,0,1,0.5048232078552246,0.5048232078552246
922881120,cal,0,1,0.5061501860618591,0.5061501860618591
1640515288,cal,0,1,0.5050260424613953,0.5050260424613953
1759168153,cal,0,1,0.528656005859375,0.528656005859375
162646097,cal,0,0,0.49678128957748413,0.5032187104225159
1314736031,cal,0,0,0.48901042342185974,0.5109895467758179
1442180348,cal,0,1,0.6239331364631653,0.6239331364631653
1789648218,cal,0,1,0.5923174023628235,0.5923174023628235
822390278,cal,0,1,0.5877335071563721,0.5877335071563721
1723979573,cal,0,1,0.6219618320465088,0.6219618320465088
1962456803,cal,0,1,0.6093561053276062,0.6093561053276062
1997933901,cal,0,1,0.5732691884040833,0.5732691884040833
289466091,cal,0,0,0.3050689995288849,0.6949310302734375
909540370,cal,0,0,0.28307631611824036,0.716923713684082
1208803953,cal,1,0,0.2828993797302246,0.7171006202697754
1418553916,cal,1,0,0.2984079420566559,0.7015920877456665
659092968,cal,0,1,0.5985425710678101,0.5985425710678101
1245506723,cal,0,1,0.5974008440971375,0.5974008440971375
1615129816,cal,0,1,0.5880286693572998,0.5880286693572998
1988900512,cal,0,1,0.5901738405227661,0.5901738405227661
941510636,cal,1,0,0.47138822078704834,0.5286117792129517
1594510181,cal,1,1,0.5260645747184753,0.5260645747184753
114039913,cal,0,0,0.48969873785972595,0.5103012323379517
1897568426,cal,0,0,0.4781704246997833,0.5218296051025391
122195495,cal,0,0,0.4760039448738098,0.5239960551261902
965419472,cal,0,0,0.4602667987346649,0.5397331714630127
601240295,cal,0,0,0.4768941402435303,0.5231058597564697
1393690963,cal,0,0,0.46878665685653687,0.5312133431434631
1009477426,cal,0,0,0.48139697313308716,0.5186030268669128
1322425933,cal,0,0,0.49028638005256653,0.5097136497497559
715000675,cal,0,0,0.48788246512413025,0.5121175050735474
1210611129,cal,0,0,0.4740419387817383,0.5259580612182617
1793022595,test,0,1,0.5650363564491272,0.5650363564491272
2005775035,test,0,1,0.5581605434417725,0.5581605434417725
53996287,test,0,1,0.560569167137146,0.560569167137146
411498993,test,0,1,0.5642091035842896,0.5642091035842896
718240954,cal,0,0,0.4772116243839264,0.522788405418396
2073753961,cal,0,0,0.4544697403907776,0.5455302596092224
266269029,cal,0,0,0.4810498058795929,0.5189502239227295
1423827734,cal,0,0,0.4686252772808075,0.5313746929168701
535497672,test,0,1,0.5399763584136963,0.5399763584136963
1637533881,test,0,1,0.5328856110572815,0.5328856110572815
1238134068,test,0,1,0.5293987989425659,0.5293987989425659
1980990153,test,0,1,0.5460007190704346,0.5460007190704346
76983888,cal,1,0,0.47812584042549133,0.521874189376831
1288125021,cal,1,1,0.5034380555152893,0.5034380555152893
25433426,cal,0,0,0.48933327198028564,0.5106667280197144
108716893,cal,0,0,0.48293712735176086,0.5170629024505615
8828376,cal,0,1,0.5523117184638977,0.5523117184638977
1612952152,cal,0,1,0.5423210859298706,0.5423210859298706
1111525378,cal,0,1,0.5341302752494812,0.5341302752494812
1972161718,cal,0,1,0.539604127407074,0.539604127407074
530063555,cal,0,0,0.4638259708881378,0.5361740589141846
558114433,cal,0,0,0.451930433511734,0.5480695962905884
561867269,cal,0,0,0.4568207263946533,0.5431792736053467
745920482,cal,0,0,0.4821977913379669,0.5178022384643555
898897096,cal,0,1,0.5008180737495422,0.5008180737495422
1194142072,cal,0,0,0.4834297299385071,0.5165702700614929
190747996,cal,0,0,0.48083725571632385,0.5191627740859985
1941837830,cal,0,0,0.4818251132965088,0.5181748867034912
625210893,test,0,0,0.48017552495002747,0.5198245048522949
1208943812,test,0,1,0.5032981634140015,0.5032981634140015
306988913,test,0,0,0.48783352971076965,0.5121665000915527
333249722,test,0,0,0.47622910141944885,0.5237709283828735
1378018965,test,0,1,0.5137632489204407,0.5137632489204407
778477963,test,0,1,0.5348834991455078,0.5348834991455078
1313744341,test,0,1,0.5596533417701721,0.5596533417701721
486004811,test,0,1,0.5551379323005676,0.5551379323005676
532738338,test,0,1,0.5462347269058228,0.5462347269058228
14100413,cal,1,0,0.46835362911224365,0.5316463708877563
94746098,cal,1,0,0.47704634070396423,0.5229536294937134
1260330255,cal,1,1,0.5003018975257874,0.5003018975257874
337080086,cal,0,0,0.4723344147205353,0.5276656150817871
1382430597,cal,0,0,0.46268603205680847,0.5373139381408691
1693107430,cal,0,1,0.5098984241485596,0.5098984241485596
351037722,cal,0,1,0.5784342288970947,0.5784342288970947
1075633260,cal,0,1,0.5961419939994812,0.5961419939994812
2104042908,cal,0,1,0.5486997961997986,0.5486997961997986
338528441,cal,0,1,0.5553274154663086,0.5553274154663086
459451505,cal,0,1,0.556519091129303,0.556519091129303
2053537715,cal,0,1,0.5871263742446899,0.5871263742446899
616148738,test,0,0,0.46713829040527344,0.5328617095947266
1766504123,test,0,0,0.4630371034145355,0.5369628667831421
730039852,test,0,0,0.4581318199634552,0.5418682098388672
1080096064,test,0,0,0.4691692292690277,0.5308307409286499
1668839768,test,0,0,0.4614321291446686,0.5385679006576538
1063712248,test,0,0,0.4713861048221588,0.5286139249801636
1176276016,test,0,0,0.4428315758705139,0.5571684241294861
1013941893,test,0,0,0.46844953298568726,0.5315504670143127
1342767952,test,0,0,0.44338488578796387,0.5566151142120361
1059148657,cal,0,1,0.5215795636177063,0.5215795636177063
1440326219,cal,0,1,0.5148298144340515,0.5148298144340515
1861325184,cal,0,1,0.5167666077613831,0.5167666077613831
1901860487,cal,0,1,0.509118378162384,0.509118378162384
299171615,cal,0,0,0.47947242856025696,0.5205276012420654
2048613465,cal,0,0,0.4650331437587738,0.5349668264389038
332728087,cal,0,0,0.47294679284095764,0.5270532369613647
1263851204,cal,0,0,0.49101945757865906,0.5089805126190186
353037279,cal,1,1,0.5057498812675476,0.5057498812675476
1113367277,cal,1,1,0.5265755653381348,0.5265755653381348
501719104,cal,0,1,0.507675290107727,0.507675290107727
651910680,cal,0,1,0.5282139778137207,0.5282139778137207
501348691,cal,1,0,0.4794360399246216,0.5205639600753784
691473943,cal,1,0,0.4912940561771393,0.5087059736251831
1664861406,cal,0,0,0.4930599331855774,0.5069400668144226
1943468391,cal,0,0,0.48547670245170593,0.5145232677459717
1158149796,cal,0,1,0.5665684342384338,0.5665684342384338
1649171056,cal,0,1,0.5602889657020569,0.5602889657020569
519670691,cal,0,1,0.5581551194190979,0.5581551194190979
1786467280,cal,0,1,0.5654798150062561,0.5654798150062561
1846317500,cal,0,1,0.5521434545516968,0.5521434545516968
199533240,cal,0,0,0.4902735650539398,0.5097264051437378
865692011,cal,0,0,0.44783294200897217,0.5521670579910278
63262543,cal,0,0,0.4912104904651642,0.5087895393371582
523560244,cal,0,0,0.460406094789505,0.5395939350128174
464708482,cal,1,1,0.5050236582756042,0.5050236582756042
1367051656,cal,1,1,0.5236465930938721,0.5236465930938721
1464282441,cal,1,1,0.5100385546684265,0.5100385546684265
1110850296,cal,0,1,0.5098648071289062,0.5098648071289062
1627098528,cal,0,1,0.5206852555274963,0.5206852555274963
363337486,cal,0,1,0.5014731287956238,0.5014731287956238
1688880112,cal,0,1,0.5182667970657349,0.5182667970657349
921117045,cal,0,1,0.5044543147087097,0.5044543147087097
1876052717,cal,0,1,0.5272189378738403,0.5272189378738403
858446629,cal,0,1,0.5347023010253906,0.5347023010253906
1151493429,cal,0,1,0.5176413655281067,0.5176413655281067
736812758,cal,0,1,0.5323711633682251,0.5323711633682251
2132633248,cal,0,1,0.5175547003746033,0.5175547003746033
757359589,test,0,1,0.5020261406898499,0.5020261406898499
1174728860,test,0,0,0.4792543947696686,0.5207456350326538
1664212082,test,0,1,0.5200132727622986,0.5200132727622986
1819908772,test,0,1,0.5144265294075012,0.5144265294075012
246851333,cal,0,1,0.5661264657974243,0.5661264657974243
1708793301,cal,0,1,0.5577023029327393,0.5577023029327393
818168886,cal,0,1,0.5697943568229675,0.5697943568229675
1577341236,cal,0,1,0.5597659349441528,0.5597659349441528
125556092,cal,1,1,0.5328368544578552,0.5328368544578552
213713039,cal,1,1,0.5610469579696655,0.5610469579696655
638561078,cal,1,1,0.5570971965789795,0.5570971965789795
885223542,cal,1,1,0.5524781346321106,0.5524781346321106
1229862162,cal,1,1,0.5840749144554138,0.5840749144554138
1266337664,cal,1,1,0.5384275317192078,0.5384275317192078
703432485,cal,0,1,0.5482445955276489,0.5482445955276489
992751859,cal,0,1,0.559436559677124,0.559436559677124
1280950421,cal,0,1,0.5669418573379517,0.5669418573379517
1588502212,cal,0,1,0.5785300135612488,0.5785300135612488
113618729,test,0,1,0.5369753241539001,0.5369753241539001
1517455091,test,0,1,0.5349189639091492,0.5349189639091492
136826382,test,0,1,0.5367371439933777,0.5367371439933777
1531947883,test,0,1,0.5426797270774841,0.5426797270774841
1038537258,test,0,1,0.5506893396377563,0.5506893396377563
1075184052,test,0,1,0.5431398153305054,0.5431398153305054
1283989801,test,0,1,0.5456871390342712,0.5456871390342712
214139325,test,0,1,0.5495768189430237,0.5495768189430237
920178788,test,0,1,0.5459912419319153,0.5459912419319153
1137501083,test,0,1,0.5431818962097168,0.5431818962097168
899518930,cal,0,1,0.5040733218193054,0.5040733218193054
1644715269,cal,0,0,0.4648778736591339,0.5351221561431885
1607183564,cal,1,1,0.514802873134613,0.514802873134613
1608052194,cal,1,0,0.4989275634288788,0.5010724067687988
680977645,cal,0,1,0.5651652812957764,0.5651652812957764
2031989094,cal,0,1,0.574964165687561,0.574964165687561
556111966,cal,1,1,0.5802160501480103,0.5802160501480103
990050442,cal,1,1,0.5833373665809631,0.5833373665809631
1482760462,cal,1,1,0.5844728350639343,0.5844728350639343
12103627,cal,0,0,0.4943239390850067,0.5056760311126709
251692784,cal,0,0,0.49664852023124695,0.5033514499664307
472232547,cal,0,1,0.508394718170166,0.508394718170166
665661099,cal,0,1,0.5098998546600342,0.5098998546600342
1215035771,cal,1,0,0.4622957706451416,0.5377042293548584
1329415270,cal,1,0,0.47458958625793457,0.5254104137420654
916606077,cal,0,0,0.4699477255344391,0.5300523042678833
1906235891,cal,0,0,0.4777931571006775,0.5222068428993225
945848449,cal,1,1,0.5119078755378723,0.5119078755378723
1088429428,cal,1,1,0.5019354224205017,0.5019354224205017
15531730,cal,0,0,0.49813881516456604,0.5018612146377563
1922768779,cal,0,1,0.5020605325698853,0.5020605325698853
463674518,cal,0,0,0.4725404977798462,0.5274595022201538
1111057751,cal,0,0,0.4921031594276428,0.5078968405723572
1461877239,cal,1,0,0.4883477985858917,0.5116522312164307
1856592577,cal,1,0,0.4611183702945709,0.5388816595077515
189841090,cal,0,1,0.6080880165100098,0.6080880165100098
449329720,cal,0,1,0.5561643838882446,0.5561643838882446
748668947,cal,0,1,0.6019231677055359,0.6019231677055359
1077021813,cal,0,1,0.6061232686042786,0.6061232686042786
2145780250,cal,0,1,0.5690091252326965,0.5690091252326965
921962924,cal,1,1,0.5617107152938843,0.5617107152938843
1254992707,cal,1,1,0.5635314583778381,0.5635314583778381
156340452,cal,0,1,0.5555846095085144,0.5555846095085144
244881262,cal,0,1,0.5536863803863525,0.5536863803863525
1666979734,cal,0,0,0.48352524638175964,0.516474723815918
84833951,cal,1,1,0.5239923000335693,0.5239923000335693
1207987797,cal,1,1,0.5112935900688171,0.5112935900688171
74815030,cal,0,1,0.5107069611549377,0.5107069611549377
1320015307,cal,0,1,0.5067657232284546,0.5067657232284546
1345825286,cal,0,1,0.5285966396331787,0.5285966396331787
197233170,cal,1,1,0.5050266981124878,0.5050266981124878
1018220600,cal,1,0,0.4974279999732971,0.5025720000267029
303778284,cal,0,0,0.49673327803611755,0.5032666921615601
949595004,cal,0,0,0.4827015697956085,0.5172984600067139
960240970,cal,0,1,0.518358051776886,0.518358051776886
1463843874,cal,0,0,0.4838309586048126,0.5161690711975098
902150311,cal,0,1,0.6258679032325745,0.6258679032325745
1648781528,cal,0,1,0.6213478446006775,0.6213478446006775
977042046,cal,0,1,0.6263169050216675,0.6263169050216675
1563565640,cal,0,1,0.6245275735855103,0.6245275735855103
1601958701,cal,0,1,0.618398904800415,0.618398904800415
1664866138,cal,0,1,0.6253540515899658,0.6253540515899658
1073517167,cal,0,1,0.6242024302482605,0.6242024302482605
2113028893,cal,0,1,0.6276964545249939,0.6276964545249939
125419845,cal,0,1,0.5408621430397034,0.5408621430397034
2111150527,cal,0,1,0.5692561864852905,0.5692561864852905
1060956275,cal,0,1,0.5461826324462891,0.5461826324462891
1469010007,cal,0,1,0.5672809481620789,0.5672809481620789
424370009,cal,0,1,0.5202818512916565,0.5202818512916565
1062220071,cal,0,1,0.5040377974510193,0.5040377974510193
267584226,cal,1,1,0.5077750086784363,0.5077750086784363
1765528067,cal,1,1,0.5176326036453247,0.5176326036453247
297255735,cal,0,1,0.5543217658996582,0.5543217658996582
1387203371,cal,0,1,0.5354326367378235,0.5354326367378235
264392762,cal,0,1,0.531878650188446,0.531878650188446
369282469,cal,0,1,0.5480469465255737,0.5480469465255737
1250961710,test,0,1,0.5194647312164307,0.5194647312164307
1279287885,test,0,1,0.5070562362670898,0.5070562362670898
1850978668,test,0,1,0.5229397416114807,0.5229397416114807
603062262,test,1,1,0.5106610655784607,0.5106610655784607
750948986,test,1,1,0.5256607532501221,0.5256607532501221
1559089551,test,1,1,0.5055148601531982,0.5055148601531982
1192218747,cal,0,1,0.5161511301994324,0.5161511301994324
1645875024,cal,0,1,0.5454833507537842,0.5454833507537842
268072316,cal,0,1,0.5260385870933533,0.5260385870933533
1805477395,cal,0,1,0.5487269163131714,0.5487269163131714
595901269,test,0,0,0.49134525656700134,0.5086547136306763
1374379676,test,0,1,0.5399384498596191,0.5399384498596191
1281231173,test,0,0,0.49496176838874817,0.5050382614135742
1302840789,test,0,1,0.5369948148727417,0.5369948148727417
1167696805,cal,0,1,0.6138547658920288,0.6138547658920288
1393733014,cal,0,1,0.6103366613388062,0.6103366613388062
1274982094,cal,0,1,0.6168450713157654,0.6168450713157654
1415423920,cal,0,1,0.6076464653015137,0.6076464653015137
1783362471,cal,0,0,0.4737137258052826,0.526286244392395
1789894021,cal,0,0,0.47112369537353516,0.5288763046264648
160031162,cal,0,0,0.4835191071033478,0.5164809226989746
492913423,cal,0,0,0.4720788598060608,0.5279211401939392
1329918742,cal,0,0,0.4766792356967926,0.5233207941055298
68845569,test,0,1,0.5266727209091187,0.5266727209091187
1855244026,test,0,1,0.5212441682815552,0.5212441682815552
72099125,test,1,1,0.5222433805465698,0.5222433805465698
632392777,test,1,1,0.5136728882789612,0.5136728882789612
452021654,cal,0,0,0.4938561022281647,0.5061439275741577
1599411245,cal,0,0,0.4743824303150177,0.5256175994873047
627398679,cal,0,0,0.48320111632347107,0.5167988538742065
1822870827,cal,0,0,0.4495278298854828,0.5504721403121948
1164290453,cal,0,1,0.5857455134391785,0.5857455134391785
1760302830,cal,0,1,0.5748037099838257,0.5748037099838257
421279955,cal,0,1,0.5785201191902161,0.5785201191902161
1879445553,cal,0,1,0.5730443000793457,0.5730443000793457
170395242,test,1,1,0.600425124168396,0.600425124168396
1133399885,test,1,1,0.6125271916389465,0.6125271916389465
1487093982,test,1,1,0.5980024337768555,0.5980024337768555
1995065507,test,1,1,0.609806478023529,0.609806478023529
894715323,test,0,1,0.5941520929336548,0.5941520929336548
1652106768,test,0,1,0.5810314416885376,0.5810314416885376
272351741,test,0,1,0.5662162899971008,0.5662162899971008
1064105102,test,0,1,0.5913712382316589,0.5913712382316589
266791015,test,0,1,0.5683684349060059,0.5683684349060059
1515304453,test,0,1,0.5895230770111084,0.5895230770111084
1720844875,test,0,1,0.5711250901222229,0.5711250901222229
177129385,cal,0,1,0.5587515234947205,0.5587515234947205
806543610,cal,0,1,0.5703505277633667,0.5703505277633667
37198396,cal,0,1,0.5545065999031067,0.5545065999031067
550659338,cal,0,1,0.5515261292457581,0.5515261292457581
79744852,cal,0,0,0.49096381664276123,0.5090361833572388
845931302,cal,0,0,0.4901812970638275,0.5098186731338501
100570957,cal,0,0,0.4966008961200714,0.503399133682251
490023949,cal,0,0,0.47215160727500916,0.5278483629226685
2098217136,cal,0,0,0.49177226424217224,0.5082277059555054
350259163,test,0,0,0.4928222894668579,0.5071777105331421
520417174,test,0,0,0.4832785427570343,0.5167214870452881
1029251799,test,0,0,0.49202287197113037,0.5079771280288696
1454916112,test,0,0,0.4781486988067627,0.5218513011932373
571226156,cal,0,1,0.5212024450302124,0.5212024450302124
1184375863,cal,0,0,0.49843475222587585,0.5015652179718018
322350949,cal,0,1,0.5166381001472473,0.5166381001472473
1380797524,cal,0,1,0.5139617323875427,0.5139617323875427
1856007403,cal,0,1,0.5200719833374023,0.5200719833374023
64253468,cal,0,1,0.5222629308700562,0.5222629308700562
184088890,cal,0,0,0.4934513568878174,0.5065486431121826
429471258,cal,0,1,0.5473160743713379,0.5473160743713379
7057000,cal,0,1,0.5289281606674194,0.5289281606674194
758481558,cal,0,1,0.5253075361251831,0.5253075361251831
1209268705,cal,0,1,0.5090737342834473,0.5090737342834473
139716801,cal,0,0,0.4918877184391022,0.5081123113632202
979401625,cal,0,0,0.4909628629684448,0.5090371370315552
1729361007,cal,0,0,0.47824299335479736,0.5217570066452026
2115091590,cal,0,0,0.49850594997406006,0.5014940500259399
775084121,cal,0,0,0.4862322509288788,0.5137677192687988
1699130951,cal,0,0,0.46953052282333374,0.5304694771766663
69036742,cal,0,0,0.480400413274765,0.5195995569229126
1940463192,cal,0,0,0.4695609211921692,0.5304390788078308
302989247,cal,1,1,0.5728879570960999,0.5728879570960999
1405314703,cal,1,1,0.5615156888961792,0.5615156888961792
1620084924,cal,0,1,0.5327379107475281,0.5327379107475281
1860667777,cal,0,1,0.560924232006073,0.560924232006073
2139601406,cal,0,1,0.5592025518417358,0.5592025518417358
861323421,cal,0,1,0.5554370880126953,0.5554370880126953
1818517703,cal,0,1,0.500918984413147,0.500918984413147
361875956,cal,1,1,0.5299451351165771,0.5299451351165771
396189007,cal,1,0,0.4980567693710327,0.5019432306289673
1245090607,cal,1,1,0.5480531454086304,0.5480531454086304
812789747,cal,1,1,0.6360445022583008,0.6360445022583008
880801637,cal,1,1,0.6200500130653381,0.6200500130653381
155851844,cal,0,1,0.593437135219574,0.593437135219574
1082350590,cal,0,1,0.639598548412323,0.639598548412323
1851290750,cal,0,1,0.600901186466217,0.600901186466217
1976878020,cal,0,1,0.593739926815033,0.593739926815033
706665449,cal,0,1,0.5748618245124817,0.5748618245124817
1341230717,cal,0,1,0.5695834159851074,0.5695834159851074
1460629491,cal,0,1,0.5823715329170227,0.5823715329170227
735095051,cal,0,1,0.5273207426071167,0.5273207426071167
2111478905,cal,0,0,0.46510306000709534,0.534896969795227
1000475373,cal,0,1,0.516299843788147,0.516299843788147
1050236963,cal,0,0,0.4992380440235138,0.5007619857788086
1237906479,cal,1,1,0.5292311310768127,0.5292311310768127
2116527088,cal,1,1,0.5173529386520386,0.5173529386520386
339262601,cal,1,1,0.5160127878189087,0.5160127878189087
798955970,cal,1,1,0.517113208770752,0.517113208770752
259970137,cal,0,1,0.5067434310913086,0.5067434310913086
1572316511,cal,0,0,0.47925853729248047,0.5207414627075195
1314483969,cal,0,0,0.4866923391819,0.5133076906204224
1833109079,cal,0,0,0.4776747226715088,0.5223252773284912
375532418,cal,0,1,0.5484188199043274,0.5484188199043274
1368234551,cal,0,1,0.5993795990943909,0.5993795990943909
319073918,cal,0,1,0.5654197931289673,0.5654197931289673
2128832504,cal,0,1,0.5996369123458862,0.5996369123458862
402301442,test,0,1,0.5824150443077087,0.5824150443077087
1659721042,test,0,1,0.5942849516868591,0.5942849516868591
1956625879,test,0,1,0.6337773203849792,0.6337773203849792
1075727458,test,0,1,0.5708481073379517,0.5708481073379517
1550132903,test,0,1,0.5746728777885437,0.5746728777885437
285757446,cal,0,0,0.4862661361694336,0.5137338638305664
1081647585,cal,0,0,0.4965091347694397,0.5034908652305603
1410546242,cal,0,0,0.48231756687164307,0.5176824331283569
2090671999,cal,0,0,0.476275235414505,0.5237247943878174
1680253835,cal,0,0,0.4885993003845215,0.5114006996154785
1854899389,cal,0,0,0.4815721809864044,0.518427848815918
821681566,cal,0,0,0.46892255544662476,0.5310774445533752
1134675907,cal,0,0,0.4700092077255249,0.5299907922744751
143027758,test,0,1,0.6329854130744934,0.6329854130744934
1513491731,test,0,1,0.6083947420120239,0.6083947420120239
243994735,test,0,1,0.6065734624862671,0.6065734624862671
577782072,test,0,1,0.6322264671325684,0.6322264671325684
1720792604,test,0,1,0.6130874156951904,0.6130874156951904
1998989904,test,0,1,0.6325382590293884,0.6325382590293884
308097901,cal,0,1,0.5173282027244568,0.5173282027244568
761666552,cal,0,0,0.49384620785713196,0.5061538219451904
1146447364,cal,0,0,0.49455055594444275,0.5054494142532349
1358284014,cal,0,0,0.4845922589302063,0.5154077410697937
537242624,cal,1,1,0.6003540754318237,0.6003540754318237
567080005,cal,1,1,0.6056346297264099,0.6056346297264099
1687308761,cal,0,1,0.6034941077232361,0.6034941077232361
1975824231,cal,0,1,0.6003283858299255,0.6003283858299255
348435445,cal,0,1,0.5379924178123474,0.5379924178123474
1083492684,cal,0,1,0.5443996787071228,0.5443996787071228
1802131267,cal,0,1,0.5230737328529358,0.5230737328529358
1494355203,cal,0,1,0.550851047039032,0.550851047039032
2013130415,cal,0,1,0.5304176211357117,0.5304176211357117
167368827,cal,0,1,0.561786949634552,0.561786949634552
864742559,cal,0,1,0.5448711514472961,0.5448711514472961
456449338,cal,0,1,0.5495797395706177,0.5495797395706177
1098615000,cal,0,1,0.5226479172706604,0.5226479172706604
1344686282,cal,0,1,0.5619927048683167,0.5619927048683167
1692762920,cal,0,1,0.599629819393158,0.599629819393158
1827476451,cal,0,1,0.571992039680481,0.571992039680481
353757771,cal,1,1,0.5727494955062866,0.5727494955062866
633102402,cal,1,1,0.6139329671859741,0.6139329671859741
170503149,test,0,1,0.5898211598396301,0.5898211598396301
765091154,test,0,1,0.5972596406936646,0.5972596406936646
406073321,test,0,1,0.5963855981826782,0.5963855981826782
1277458302,test,0,1,0.5907389521598816,0.5907389521598816
1673157820,test,0,1,0.532066822052002,0.532066822052002
1827908905,test,0,1,0.5185979008674622,0.5185979008674622
689437154,test,0,1,0.504433274269104,0.504433274269104
1859547445,test,0,0,0.4887285828590393,0.5112714171409607
1116894417,cal,0,1,0.6145061254501343,0.6145061254501343
1770019218,cal,0,1,0.5952914953231812,0.5952914953231812
473237465,cal,1,1,0.5714321732521057,0.5714321732521057
625011704,cal,1,1,0.609941840171814,0.609941840171814
1062297493,cal,0,1,0.5345247983932495,0.5345247983932495
1975533542,cal,0,1,0.5464163422584534,0.5464163422584534
1105752706,cal,0,1,0.5381568670272827,0.5381568670272827
1462454518,cal,0,1,0.5513638257980347,0.5513638257980347
360499496,cal,0,1,0.5007922053337097,0.5007922053337097
554653031,cal,0,0,0.4942549169063568,0.5057450532913208
78327957,cal,0,1,0.5033931732177734,0.5033931732177734
989947701,cal,0,0,0.45925164222717285,0.5407483577728271
184409553,cal,0,1,0.5485379695892334,0.5485379695892334
977502030,cal,0,1,0.5614848732948303,0.5614848732948303
623014940,cal,1,0,0.49946829676628113,0.5005316734313965
1605876492,cal,1,1,0.5310882329940796,0.5310882329940796
1982596702,cal,1,1,0.5485914349555969,0.5485914349555969
90782381,test,0,1,0.5583292245864868,0.5583292245864868
1779825583,test,0,1,0.555404782295227,0.555404782295227
198648909,test,0,1,0.5575665831565857,0.5575665831565857
1801777585,test,0,1,0.5472317337989807,0.5472317337989807
1157791193,cal,0,0,0.4996975064277649,0.5003024935722351
1411270680,cal,0,0,0.4913541376590729,0.5086458921432495
267709685,cal,0,0,0.49623554944992065,0.5037644505500793
739028972,cal,0,1,0.5002607703208923,0.5002607703208923
1745358450,cal,0,0,0.4915402829647064,0.5084596872329712
899793661,cal,0,1,0.5995671153068542,0.5995671153068542
1395295695,cal,0,1,0.5803821682929993,0.5803821682929993
1692852778,cal,0,1,0.5971208214759827,0.5971208214759827
1283242087,cal,1,1,0.5737091898918152,0.5737091898918152
2058514481,cal,1,1,0.5947971343994141,0.5947971343994141
608031823,cal,0,1,0.5766208171844482,0.5766208171844482
1979131702,cal,0,1,0.589745044708252,0.589745044708252
165655136,cal,0,1,0.603280782699585,0.603280782699585
1214122943,cal,0,1,0.5791798830032349,0.5791798830032349
491423444,cal,0,1,0.6033268570899963,0.6033268570899963
824131407,cal,0,1,0.5981934666633606,0.5981934666633606
732578788,cal,0,1,0.6059414148330688,0.6059414148330688
1290888034,cal,0,1,0.6058138012886047,0.6058138012886047
1333557572,cal,0,1,0.5690684914588928,0.5690684914588928
1743606971,cal,0,1,0.6150617599487305,0.6150617599487305
2038389150,cal,0,1,0.5810442566871643,0.5810442566871643
948703286,cal,0,1,0.6366974711418152,0.6366974711418152
1572195615,cal,0,1,0.597852349281311,0.597852349281311
1001161668,cal,0,0,0.497776061296463,0.5022239685058594
1054458301,cal,0,1,0.5008143782615662,0.5008143782615662
730952035,cal,0,1,0.5279967784881592,0.5279967784881592
1273055287,cal,0,0,0.49758073687553406,0.5024192333221436
1091601017,cal,0,0,0.4869196116924286,0.513080358505249
2007072457,cal,0,0,0.4546376168727875,0.5453623533248901
1761165062,cal,1,0,0.48743849992752075,0.5125615000724792
2072385951,cal,1,0,0.45780739188194275,0.5421925783157349
418107795,cal,0,1,0.5473794341087341,0.5473794341087341
1138194595,cal,0,1,0.530767023563385,0.530767023563385
673387017,cal,0,1,0.543228805065155,0.543228805065155
687527011,cal,0,1,0.5656607747077942,0.5656607747077942
854775604,cal,0,0,0.44045183062553406,0.5595481395721436
1211311512,cal,0,0,0.4772729277610779,0.5227270722389221
876412592,cal,1,0,0.43890082836151123,0.5610991716384888
1829404453,cal,1,0,0.4893909990787506,0.5106090307235718
155391196,cal,1,1,0.5862460136413574,0.5862460136413574
767154727,cal,1,1,0.6149365305900574,0.6149365305900574
1415857117,cal,1,1,0.6168133616447449,0.6168133616447449
1858484914,cal,1,1,0.5778189301490784,0.5778189301490784
162721994,cal,1,0,0.4786924719810486,0.5213075280189514
695313814,cal,1,0,0.4408601224422455,0.5591398477554321
383315469,cal,0,0,0.4862098693847656,0.5137901306152344
1536690053,cal,0,0,0.4402124881744385,0.5597875118255615
609271694,cal,0,1,0.5110045671463013,0.5110045671463013
2141534167,cal,0,1,0.5249846577644348,0.5249846577644348
208306027,cal,0,1,0.5126794576644897,0.5126794576644897
1147942970,cal,0,1,0.5125846266746521,0.5125846266746521
816616324,test,0,1,0.5723400712013245,0.5723400712013245
1065460245,test,0,1,0.5873895287513733,0.5873895287513733
1311169558,test,0,1,0.5748859643936157,0.5748859643936157
1332596774,test,0,1,0.5553205013275146,0.5553205013275146
1433425169,test,0,1,0.5710116028785706,0.5710116028785706
1893611068,test,0,1,0.5735567212104797,0.5735567212104797
519366319,cal,0,1,0.5217394232749939,0.5217394232749939
784306021,cal,0,1,0.5558280944824219,0.5558280944824219
259787423,cal,0,0,0.4787667989730835,0.5212332010269165
2097075902,cal,0,1,0.5172764658927917,0.5172764658927917
1112707629,cal,0,0,0.4799199402332306,0.5200800895690918
1315403196,cal,0,0,0.4724061191082001,0.5275938510894775
1487062745,cal,0,0,0.4578094780445099,0.5421905517578125
935668020,cal,0,0,0.4677885174751282,0.5322114825248718
1819903521,cal,0,0,0.4655818045139313,0.5344182252883911
68198991,cal,0,1,0.5093739628791809,0.5093739628791809
311458435,cal,0,1,0.5321494340896606,0.5321494340896606
607355349,cal,0,1,0.5321884155273438,0.5321884155273438
819962682,cal,0,1,0.5153659582138062,0.5153659582138062
189350088,cal,0,1,0.5118966698646545,0.5118966698646545
675625291,cal,0,0,0.4906037449836731,0.5093962550163269
698117587,cal,0,1,0.520904004573822,0.520904004573822
1536859701,cal,0,1,0.5626661777496338,0.5626661777496338
223054388,cal,0,0,0.4572657644748688,0.5427342653274536
1550160521,cal,0,1,0.5016414523124695,0.5016414523124695
465605442,cal,0,1,0.5181988477706909,0.5181988477706909
1880976133,cal,0,1,0.5031311511993408,0.5031311511993408
1789863177,cal,0,1,0.5029993057250977,0.5029993057250977
1987243243,cal,0,1,0.5027134418487549,0.5027134418487549
2053615556,cal,0,1,0.5205327868461609,0.5205327868461609
449544592,cal,1,0,0.48079514503479004,0.51920485496521
690750133,cal,1,0,0.4352060854434967,0.5647939443588257
1384710229,cal,1,0,0.46796950697898865,0.532030463218689
1213592895,cal,0,0,0.31211188435554504,0.6878881454467773
1914558888,cal,0,0,0.47309574484825134,0.5269042253494263
2117472754,cal,0,0,0.3174549639225006,0.6825450658798218
213706302,cal,1,0,0.4974155128002167,0.5025844573974609
719565379,cal,1,1,0.5374418497085571,0.5374418497085571
1356643688,cal,1,1,0.5666405558586121,0.5666405558586121
30933186,cal,0,1,0.5291368365287781,0.5291368365287781
859157713,cal,0,1,0.5606317520141602,0.5606317520141602
2053840897,cal,0,1,0.5603835582733154,0.5603835582733154
47148677,test,0,1,0.5590486526489258,0.5590486526489258
1990687582,test,0,1,0.5729430913925171,0.5729430913925171
809455512,test,0,1,0.5697273015975952,0.5697273015975952
1046626205,test,0,1,0.5643514394760132,0.5643514394760132
694762282,cal,0,1,0.5470350384712219,0.5470350384712219
1069691865,cal,0,1,0.5187703967094421,0.5187703967094421
1486571569,cal,0,0,0.47472113370895386,0.5252788662910461
238405424,cal,0,1,0.5057522058486938,0.5057522058486938
1434082747,cal,0,0,0.4896042048931122,0.5103957653045654
1690202384,cal,0,1,0.508206844329834,0.508206844329834
1408139656,cal,0,0,0.49012327194213867,0.5098767280578613
1944203904,cal,0,0,0.4922434389591217,0.5077565908432007
1608814541,cal,0,0,0.4889596700668335,0.5110403299331665
1922513800,cal,0,0,0.49726760387420654,0.5027323961257935
71743336,cal,0,0,0.4833119511604309,0.5166880488395691
388554608,cal,0,0,0.4757404625415802,0.5242595672607422
912505886,cal,0,1,0.5164875388145447,0.5164875388145447
1354070493,cal,0,0,0.45194825530052185,0.5480517148971558
12831550,cal,0,0,0.4747093617916107,0.5252906084060669
1594594195,cal,0,1,0.5033552646636963,0.5033552646636963
2075705780,cal,0,0,0.4689595699310303,0.5310404300689697
1380719932,cal,0,1,0.5513384342193604,0.5513384342193604
1969334601,cal,0,1,0.5579668283462524,0.5579668283462524
282927036,cal,0,1,0.5495352745056152,0.5495352745056152
749030346,cal,0,1,0.5429682731628418,0.5429682731628418
343750555,cal,1,1,0.6287258863449097,0.6287258863449097
1138491602,cal,1,1,0.6166589260101318,0.6166589260101318
1339448027,cal,0,1,0.6259316205978394,0.6259316205978394
2133103871,cal,0,1,0.6115127801895142,0.6115127801895142
1161477542,cal,0,1,0.5523664355278015,0.5523664355278015
2061818045,cal,0,1,0.5803772807121277,0.5803772807121277
458373375,cal,0,1,0.5621013641357422,0.5621013641357422
1552620326,cal,0,1,0.5383520722389221,0.5383520722389221
700306854,cal,0,1,0.6109352707862854,0.6109352707862854
802578015,cal,0,1,0.6335143446922302,0.6335143446922302
784588511,cal,0,1,0.6418318152427673,0.6418318152427673
2135664129,cal,0,1,0.6220591068267822,0.6220591068267822
1495903198,cal,0,1,0.5813887119293213,0.5813887119293213
1761769789,cal,0,1,0.5470842719078064,0.5470842719078064
907793141,cal,0,1,0.590322732925415,0.590322732925415
1826636911,cal,0,1,0.5715975165367126,0.5715975165367126
1345005120,cal,0,0,0.4992240071296692,0.5007759928703308
1676863425,cal,0,1,0.5327314734458923,0.5327314734458923
321066032,cal,0,1,0.5046727061271667,0.5046727061271667
1841410360,cal,0,1,0.5062115788459778,0.5062115788459778
389365248,cal,0,1,0.5880074501037598,0.5880074501037598
2145854027,cal,0,1,0.5806218981742859,0.5806218981742859
1187867426,cal,0,1,0.5847277045249939,0.5847277045249939
1577799329,cal,0,1,0.5936696529388428,0.5936696529388428
293621162,test,0,1,0.554781436920166,0.554781436920166
1685052362,test,0,1,0.5515753030776978,0.5515753030776978
1110284134,test,0,1,0.5639986991882324,0.5639986991882324
1213391982,test,0,1,0.5495743155479431,0.5495743155479431
1989621709,test,0,1,0.530959963798523,0.530959963798523
631616205,test,0,0,0.30457815527915955,0.6954218149185181
699112311,test,0,1,0.5256186723709106,0.5256186723709106
1149242975,test,0,1,0.5878366827964783,0.5878366827964783
1681681912,test,0,1,0.5313431620597839,0.5313431620597839
1835471584,test,0,1,0.5453321933746338,0.5453321933746338
478017244,test,1,1,0.566182017326355,0.566182017326355
1556435576,test,1,0,0.49031543731689453,0.5096845626831055
1999200556,test,1,1,0.5069558620452881,0.5069558620452881
2074953320,test,1,1,0.5469685792922974,0.5469685792922974
186678478,cal,0,0,0.4854493737220764,0.5145506262779236
1992682946,cal,0,0,0.49502626061439514,0.5049737691879272
214414284,cal,0,0,0.49387022852897644,0.5061297416687012
1038489349,cal,0,0,0.48754382133483887,0.5124561786651611
1793921804,cal,0,0,0.498685359954834,0.501314640045166
895069197,cal,1,1,0.5390433669090271,0.5390433669090271
1105194300,cal,1,1,0.5336503386497498,0.5336503386497498
1421835817,cal,1,1,0.5515875816345215,0.5515875816345215
634812835,cal,0,1,0.5329572558403015,0.5329572558403015
878954076,cal,0,1,0.5486689805984497,0.5486689805984497
955382234,cal,0,1,0.5177478194236755,0.5177478194236755
1200281859,cal,0,1,0.538133442401886,0.538133442401886
772946462,cal,0,1,0.5123045444488525,0.5123045444488525
960480184,cal,0,0,0.47980591654777527,0.5201940536499023
263506304,cal,0,1,0.5030355453491211,0.5030355453491211
328295179,cal,0,0,0.4724762439727783,0.5275237560272217
1517273632,cal,0,0,0.4887355864048004,0.511264443397522
97856912,cal,0,0,0.47309616208076477,0.5269038677215576
816625062,cal,0,0,0.48871368169784546,0.5112863183021545
542665096,cal,0,0,0.49238109588623047,0.5076189041137695
1453727448,cal,0,0,0.47487789392471313,0.5251221060752869
557680797,cal,0,0,0.46858474612236023,0.5314152240753174
737705266,cal,0,0,0.45209449529647827,0.5479055047035217
870052966,cal,0,0,0.46944674849510193,0.5305532217025757
1064115418,cal,0,0,0.4708011746406555,0.5291988253593445
1459312904,cal,0,0,0.483041912317276,0.5169581174850464
1709715906,cal,0,0,0.45980000495910645,0.5401999950408936
1485571856,cal,0,1,0.5218084454536438,0.5218084454536438
1684732371,cal,0,1,0.5171114802360535,0.5171114802360535
411468855,cal,0,1,0.5036830902099609,0.5036830902099609
1835224182,cal,0,1,0.5193893313407898,0.5193893313407898
1870515704,test,0,0,0.47983938455581665,0.5201606154441833
1918807307,test,0,0,0.4900423586368561,0.5099576711654663
120075754,test,0,0,0.4696725904941559,0.5303274393081665
880912147,test,0,0,0.47527211904525757,0.5247278809547424
383663212,cal,1,1,0.5159996151924133,0.5159996151924133
440814328,cal,1,1,0.5102077722549438,0.5102077722549438
399716376,cal,0,1,0.5061683654785156,0.5061683654785156
1402070834,cal,0,1,0.5171736478805542,0.5171736478805542
342938298,cal,0,0,0.4397267699241638,0.5602732300758362
993377499,cal,0,0,0.49832016229629517,0.5016798377037048
1309829017,cal,0,0,0.4400293231010437,0.5599706768989563
2009066757,cal,0,0,0.48514312505722046,0.5148568749427795
520768596,cal,0,0,0.48247256875038147,0.5175274610519409
847717224,cal,0,0,0.4679679274559021,0.5320320725440979
1610977796,cal,0,0,0.4327273368835449,0.5672726631164551
1690959591,cal,0,0,0.42732110619544983,0.5726789236068726
938792567,cal,1,1,0.5949702262878418,0.5949702262878418
1306614214,cal,1,1,0.5589674711227417,0.5589674711227417
1853687663,cal,0,1,0.5915400385856628,0.5915400385856628
2109326853,cal,0,1,0.5584833025932312,0.5584833025932312
762192354,cal,0,0,0.48249557614326477,0.5175044536590576
1801182468,cal,0,0,0.4766620695590973,0.5233379602432251
1724583874,cal,0,0,0.47479575872421265,0.5252042412757874
2045654069,cal,0,0,0.4680671691894531,0.5319328308105469
469708921,cal,0,0,0.4808485209941864,0.5191514492034912
1864075232,cal,0,1,0.5039616227149963,0.5039616227149963
1964260642,cal,0,1,0.5021764636039734,0.5021764636039734
152116477,cal,0,0,0.49539828300476074,0.5046017169952393
552717148,cal,0,1,0.5117186307907104,0.5117186307907104
1521028661,cal,0,0,0.4869314730167389,0.5130685567855835
12367200,cal,0,1,0.5950862169265747,0.5950862169265747
130765512,cal,0,1,0.5728290677070618,0.5728290677070618
874740987,cal,0,1,0.5761881470680237,0.5761881470680237
491146288,cal,0,1,0.5988038778305054,0.5988038778305054
2004628453,cal,0,1,0.5881463885307312,0.5881463885307312
2126533482,cal,0,1,0.570354700088501,0.570354700088501
1653694497,test,0,1,0.5848697423934937,0.5848697423934937
2109685949,test,0,1,0.6008138656616211,0.6008138656616211
1425372395,test,0,1,0.598656415939331,0.598656415939331
1570678080,test,0,1,0.6061460375785828,0.6061460375785828
1213024691,cal,0,0,0.49440380930900574,0.5055961608886719
1834891315,cal,0,0,0.4869544208049774,0.5130455493927002
1275671104,cal,1,0,0.4816393256187439,0.5183606743812561
1348836428,cal,1,0,0.478879451751709,0.521120548248291
601177226,test,0,0,0.4799073040485382,0.5200927257537842
1774798440,test,0,0,0.47855818271636963,0.5214418172836304
699505145,test,0,0,0.4811575710773468,0.5188424587249756
1731175781,test,0,0,0.4768693745136261,0.5231306552886963
908762663,cal,0,1,0.5140056014060974,0.5140056014060974
1630167459,cal,0,1,0.5307928919792175,0.5307928919792175
1319837907,cal,0,1,0.5012860298156738,0.5012860298156738
1831131406,cal,0,1,0.5317606925964355,0.5317606925964355
47969685,cal,0,1,0.5201452970504761,0.5201452970504761
1142770908,cal,0,0,0.48944205045700073,0.5105579495429993
402630827,cal,0,1,0.5134983062744141,0.5134983062744141
529694438,cal,0,1,0.5011115074157715,0.5011115074157715
934182202,cal,1,1,0.6161616444587708,0.6161616444587708
1868053364,cal,1,1,0.588815450668335,0.588815450668335
793007190,cal,0,1,0.6191629767417908,0.6191629767417908
1160406901,cal,0,1,0.603093683719635,0.603093683719635
720247848,cal,1,0,0.29393482208251953,0.7060651779174805
1153488604,cal,1,0,0.4933617413043976,0.5066382884979248
2093063902,cal,1,1,0.5328301191329956,0.5328301191329956
736354065,cal,0,0,0.47039738297462463,0.5296026468276978
745347215,cal,0,1,0.5023453235626221,0.5023453235626221
975527942,cal,0,0,0.2628547251224518,0.7371453046798706
1312158544,cal,0,1,0.5583391785621643,0.5583391785621643
2102584366,cal,0,1,0.5588443279266357,0.5588443279266357
128752214,cal,0,1,0.5563110709190369,0.5563110709190369
1979522034,cal,0,1,0.5759623050689697,0.5759623050689697
331765609,cal,0,1,0.5113739371299744,0.5113739371299744
1750367645,cal,0,0,0.4978960156440735,0.5021039843559265
996405081,cal,0,0,0.4991244077682495,0.5008755922317505
1957137281,cal,0,0,0.479828804731369,0.5201711654663086
722738205,cal,0,1,0.6129737496376038,0.6129737496376038
1743766518,cal,0,1,0.6133610606193542,0.6133610606193542
1160860283,cal,1,1,0.6088470816612244,0.6088470816612244
2041280578,cal,1,1,0.6070201396942139,0.6070201396942139
221546864,test,0,0,0.4903359115123749,0.5096640586853027
1585911173,test,0,0,0.48798802495002747,0.5120120048522949
44154240,test,1,0,0.4915156960487366,0.5084843039512634
106935677,test,1,0,0.4728196859359741,0.5271803140640259
212372161,test,1,0,0.48553040623664856,0.5144696235656738
30049495,test,0,0,0.4800013303756714,0.5199986696243286
278036056,test,0,0,0.4656454920768738,0.5343545079231262
89628737,test,0,0,0.4546402394771576,0.54535973072052
1100973610,test,0,0,0.48779308795928955,0.5122069120407104
647743291,cal,0,0,0.27937304973602295,0.720626950263977
1403296311,cal,0,0,0.29494985938072205,0.7050501108169556
1596313181,cal,0,0,0.2921086847782135,0.7078913450241089
1027058208,cal,0,0,0.2896488308906555,0.7103511691093445
1098564242,cal,0,0,0.25736093521118164,0.7426390647888184
973478011,cal,0,1,0.500701904296875,0.500701904296875
1537402893,cal,0,0,0.4767487645149231,0.5232512354850769
1915185345,cal,0,1,0.5147342681884766,0.5147342681884766
2036448338,cal,0,1,0.5173551440238953,0.5173551440238953
431134665,cal,0,1,0.5125395059585571,0.5125395059585571
519409212,cal,0,0,0.4930728077888489,0.5069271922111511
1402298816,cal,0,1,0.5148810744285583,0.5148810744285583
963461444,cal,0,0,0.47685179114341736,0.5231481790542603
1871008083,cal,0,0,0.4597902297973633,0.5402097702026367
939860684,cal,0,0,0.4870755076408386,0.5129244923591614
1125557157,cal,0,0,0.44822442531585693,0.5517755746841431
425141959,cal,0,0,0.48070666193962097,0.5192933082580566
1272566641,cal,0,0,0.46936216950416565,0.5306378602981567
1829415731,cal,0,0,0.46331965923309326,0.5366803407669067
503311422,cal,0,0,0.48065266013145447,0.5193473100662231
604068385,cal,0,0,0.4860341250896454,0.5139658451080322
1979935565,cal,0,1,0.5284692645072937,0.5284692645072937
1480334570,cal,0,1,0.5030497312545776,0.5030497312545776
1907639974,cal,0,1,0.5036988854408264,0.5036988854408264
995948966,cal,0,1,0.5110769271850586,0.5110769271850586
1511159808,cal,0,0,0.49168044328689575,0.5083195567131042
55194232,cal,0,1,0.5110111832618713,0.5110111832618713
279385184,cal,0,1,0.5203679203987122,0.5203679203987122
385860217,cal,0,1,0.5100080370903015,0.5100080370903015
1589528760,cal,0,1,0.5386577248573303,0.5386577248573303
790470952,cal,0,1,0.5291825532913208,0.5291825532913208
1691167790,cal,0,1,0.5118605494499207,0.5118605494499207
1082753612,cal,1,0,0.4970003068447113,0.5029996633529663
1410656943,cal,1,1,0.5286457538604736,0.5286457538604736
1643117062,cal,1,1,0.5243779420852661,0.5243779420852661
1256103511,cal,0,0,0.49598950147628784,0.5040104985237122
1532085069,cal,0,1,0.5164376497268677,0.5164376497268677
1299038417,cal,0,1,0.6090837121009827,0.6090837121009827
2013477682,cal,0,1,0.6259258389472961,0.6259258389472961
526329650,cal,0,1,0.6065489053726196,0.6065489053726196
1521415232,cal,0,1,0.6057045459747314,0.6057045459747314
1079587957,cal,0,1,0.6290995478630066,0.6290995478630066
1317024827,cal,0,1,0.5916451811790466,0.5916451811790466
667582224,cal,0,1,0.5971648097038269,0.5971648097038269
712875804,cal,0,1,0.6231397986412048,0.6231397986412048
845123534,cal,1,0,0.4887752830982208,0.5112247467041016
1225933017,cal,1,1,0.5158109664916992,0.5158109664916992
770014590,cal,0,0,0.49533435702323914,0.5046656131744385
1031507307,cal,0,0,0.480986624956131,0.5190134048461914
1451579644,test,0,0,0.498900443315506,0.5010995864868164
1895328846,test,0,1,0.5044556856155396,0.5044556856155396
174772794,test,0,1,0.5071824193000793,0.5071824193000793
2003814898,test,0,1,0.5005763173103333,0.5005763173103333
947265919,cal,0,1,0.580138087272644,0.580138087272644
2031824097,cal,0,1,0.577626645565033,0.577626645565033
2097469480,cal,0,1,0.5681635141372681,0.5681635141372681
2117402068,cal,0,1,0.583633303642273,0.583633303642273
575875523,cal,0,1,0.5364583730697632,0.5364583730697632
731880783,cal,0,0,0.4985279440879822,0.5014720559120178
1312741553,cal,0,1,0.5318615436553955,0.5318615436553955
1983481441,cal,0,1,0.5080098509788513,0.5080098509788513
828031818,test,0,0,0.48552894592285156,0.5144710540771484
1006830706,test,0,0,0.47675174474716187,0.5232482552528381
281915041,test,0,0,0.4662141501903534,0.5337858200073242
435420435,test,0,0,0.47223395109176636,0.5277660489082336
1135047907,cal,0,0,0.46617892384529114,0.5338211059570312
1584085040,cal,0,0,0.45990467071533203,0.540095329284668
495834756,cal,1,0,0.4618871510028839,0.5381128787994385
1925070333,cal,1,0,0.47810524702072144,0.5218947529792786
1502389103,cal,0,0,0.479375422000885,0.520624577999115
1629107443,cal,0,0,0.4906119704246521,0.5093880295753479
32568789,cal,0,0,0.4754333198070526,0.524566650390625
1983663709,cal,0,1,0.5016524195671082,0.5016524195671082
597365236,cal,0,1,0.5067993998527527,0.5067993998527527
677938260,cal,0,0,0.4829791486263275,0.5170208215713501
530531043,cal,0,0,0.4717662036418915,0.5282337665557861
854881547,cal,0,0,0.4997035264968872,0.5002964735031128
1684336384,cal,0,0,0.4744417369365692,0.5255582332611084
1945625675,cal,0,0,0.48065701127052307,0.5193430185317993
127056519,cal,0,0,0.4653680920600891,0.5346319079399109
877581308,cal,0,0,0.4784334897994995,0.5215665102005005
1141231186,cal,0,1,0.5014315843582153,0.5014315843582153
2065671802,cal,0,0,0.4942983090877533,0.5057016611099243
444445988,cal,0,0,0.4763159453868866,0.523684024810791
2084334456,cal,0,0,0.48706451058387756,0.5129355192184448
201078532,test,0,1,0.641535222530365,0.641535222530365
1225514415,test,0,1,0.6325084567070007,0.6325084567070007
410146718,test,0,1,0.6401016116142273,0.6401016116142273
925719938,test,0,1,0.6457714438438416,0.6457714438438416
2096002357,test,0,1,0.6587759852409363,0.6587759852409363
78611385,cal,0,1,0.5909485220909119,0.5909485220909119
711574313,cal,0,1,0.5908977389335632,0.5908977389335632
1256593958,cal,0,1,0.5521547794342041,0.5521547794342041
689611791,cal,1,1,0.5933746695518494,0.5933746695518494
1439055056,cal,1,1,0.5889751315116882,0.5889751315116882
1479620796,cal,1,1,0.5889057517051697,0.5889057517051697
995526094,cal,0,0,0.4924215078353882,0.5075784921646118
1249599814,cal,0,0,0.49916693568229675,0.5008330345153809
1838555580,cal,0,1,0.520016074180603,0.520016074180603
2075121187,cal,0,1,0.5078083276748657,0.5078083276748657
677647641,cal,0,0,0.49276289343833923,0.5072370767593384
1157288586,cal,0,1,0.5147915482521057,0.5147915482521057
1354328094,cal,0,1,0.5093584656715393,0.5093584656715393
1631788567,cal,0,0,0.4736885726451874,0.5263113975524902
2014117281,cal,0,0,0.4980074167251587,0.5019925832748413
1637949684,cal,0,0,0.4801180362701416,0.5198819637298584
2084478192,cal,0,0,0.4747982323169708,0.5252017974853516
516575207,cal,1,1,0.5564754605293274,0.5564754605293274
832917565,cal,1,1,0.5628871321678162,0.5628871321678162
1066532839,cal,1,1,0.5526688694953918,0.5526688694953918
899636489,cal,0,1,0.5813062787055969,0.5813062787055969
2069947142,cal,0,1,0.5792511105537415,0.5792511105537415
116345008,cal,0,0,0.47695812582969666,0.523041844367981
453984332,cal,0,0,0.4951742887496948,0.5048257112503052
2106448173,cal,0,1,0.5024957060813904,0.5024957060813904
633977768,cal,0,1,0.5025649070739746,0.5025649070739746
858071605,cal,0,0,0.4762824773788452,0.5237175226211548
1888791315,cal,0,0,0.49990394711494446,0.5000960826873779
441625090,cal,0,1,0.5499098896980286,0.5499098896980286
1020017303,cal,0,1,0.5332817435264587,0.5332817435264587
1326332289,cal,0,1,0.5263260006904602,0.5263260006904602
1567165087,cal,0,1,0.5369735360145569,0.5369735360145569
503214110,cal,1,0,0.48371240496635437,0.5162875652313232
617211480,cal,1,1,0.5540750026702881,0.5540750026702881
1031610145,cal,1,0,0.49463582038879395,0.505364179611206
1837398282,cal,1,1,0.5647639036178589,0.5647639036178589
671911663,cal,0,1,0.5592420101165771,0.5592420101165771
1586659848,cal,0,1,0.5430974960327148,0.5430974960327148
932567078,cal,0,1,0.5074084401130676,0.5074084401130676
1892668183,cal,0,1,0.5638064742088318,0.5638064742088318
837230566,cal,0,1,0.5218134522438049,0.5218134522438049
1604275056,cal,0,1,0.5003394484519958,0.5003394484519958
615179593,cal,0,0,0.49216488003730774,0.5078351497650146
889239720,cal,0,1,0.5118077397346497,0.5118077397346497
1001517790,cal,0,1,0.513863742351532,0.513863742351532
1922158690,cal,0,1,0.5268577933311462,0.5268577933311462
276030285,cal,0,1,0.5101625919342041,0.5101625919342041
730745163,cal,0,1,0.5084394216537476,0.5084394216537476
817790302,cal,1,0,0.4938742220401764,0.506125807762146
1723574242,cal,1,1,0.5018423199653625,0.5018423199653625
248632603,cal,0,0,0.4908164143562317,0.5091835856437683
435000845,cal,0,0,0.4967840611934662,0.5032159090042114
1755679329,cal,0,0,0.4691101014614105,0.5308898687362671
1953264377,cal,0,0,0.46562856435775757,0.5343714356422424
35327592,cal,0,0,0.4740051329135895,0.5259948968887329
1396857147,cal,0,0,0.46789318323135376,0.5321068167686462
540377363,cal,0,0,0.49741631746292114,0.5025836825370789
812307559,cal,0,0,0.4887436330318451,0.5112563371658325
148994193,cal,0,0,0.49159014225006104,0.508409857749939
534864186,cal,0,0,0.49894407391548157,0.5010559558868408
522992958,test,0,1,0.5977840423583984,0.5977840423583984
870445365,test,0,1,0.5801729559898376,0.5801729559898376
1918257551,test,0,1,0.6123902797698975,0.6123902797698975
518270029,test,0,1,0.5766779184341431,0.5766779184341431
1510330759,test,0,1,0.6055330038070679,0.6055330038070679
1680902132,test,0,1,0.5905100107192993,0.5905100107192993
173327879,cal,0,0,0.3960455656051636,0.6039544343948364
1338525021,cal,0,1,0.5580823421478271,0.5580823421478271
569034410,cal,0,0,0.3612680435180664,0.6387319564819336
1321024823,cal,0,0,0.2845272719860077,0.7154726982116699
133367681,test,0,0,0.4818439483642578,0.5181560516357422
732862189,test,0,0,0.4951270520687103,0.5048729181289673
708232219,test,0,0,0.48136404156684875,0.5186359882354736
861879279,test,0,0,0.4601622223854065,0.5398377776145935
956548632,cal,0,1,0.6117815375328064,0.6117815375328064
1978976072,cal,0,1,0.5968184471130371,0.5968184471130371
204685133,cal,1,1,0.6096304059028625,0.6096304059028625
1519814432,cal,1,1,0.6149430871009827,0.6149430871009827
391410545,cal,0,1,0.5075973272323608,0.5075973272323608
1135935230,cal,0,1,0.5069254040718079,0.5069254040718079
617350092,cal,0,1,0.5065084099769592,0.5065084099769592
924591070,cal,0,1,0.5083802342414856,0.5083802342414856
496710705,cal,1,1,0.5942556858062744,0.5942556858062744
1521466265,cal,1,1,0.5870339870452881,0.5870339870452881
641355364,cal,0,1,0.5828147530555725,0.5828147530555725
934043022,cal,0,1,0.601692795753479,0.601692795753479
1633624891,cal,0,0,0.4969008266925812,0.5030992031097412
1916332677,cal,0,0,0.45636695623397827,0.5436330437660217
43340585,cal,0,0,0.44260716438293457,0.5573928356170654
1782837244,cal,0,0,0.4939718246459961,0.5060281753540039
523250783,test,0,1,0.6191650629043579,0.6191650629043579
806877649,test,0,1,0.6112712025642395,0.6112712025642395
933888739,test,0,1,0.6279666423797607,0.6279666423797607
91217771,test,0,1,0.6159487366676331,0.6159487366676331
465020534,test,0,1,0.6204714179039001,0.6204714179039001
274263520,cal,0,1,0.6074451208114624,0.6074451208114624
1833901306,cal,0,1,0.6353816390037537,0.6353816390037537
512561149,cal,1,1,0.6229382753372192,0.6229382753372192
1201889471,cal,1,1,0.5977354049682617,0.5977354049682617
552485684,test,0,1,0.5172603130340576,0.5172603130340576
1874513431,test,0,0,0.4911419451236725,0.5088580846786499
1260201677,test,1,0,0.47425857186317444,0.525741457939148
2057982488,test,1,0,0.4865160584449768,0.5134839415550232
743066621,cal,0,1,0.5334843993186951,0.5334843993186951
840634785,cal,0,1,0.5426235795021057,0.5426235795021057
1936773,cal,0,1,0.5484004616737366,0.5484004616737366
1999905628,cal,0,0,0.4993411600589752,0.5006588697433472
1533102852,cal,0,1,0.5956591963768005,0.5956591963768005
1697309785,cal,0,1,0.6075236797332764,0.6075236797332764
1045876034,cal,0,1,0.5967667698860168,0.5967667698860168
1976428340,cal,0,1,0.6088173389434814,0.6088173389434814
159026252,test,0,1,0.5028808116912842,0.5028808116912842
817692862,test,0,1,0.5105621814727783,0.5105621814727783
1457558423,test,0,1,0.5173207521438599,0.5173207521438599
2013531533,test,0,0,0.4918663799762726,0.5081336498260498
173102934,cal,0,1,0.5230492949485779,0.5230492949485779
1882057327,cal,0,0,0.49722787737846375,0.5027720928192139
1138901969,cal,0,0,0.4885965585708618,0.5114034414291382
1213535522,cal,0,1,0.5213981866836548,0.5213981866836548
82276323,test,0,0,0.4730461537837982,0.5269538164138794
1205664260,test,0,0,0.366795152425766,0.6332048177719116
486563646,test,1,0,0.46210455894470215,0.5378954410552979
1101603755,test,1,0,0.4814164340496063,0.5185835361480713
506338044,cal,1,0,0.47316715121269226,0.5268328189849854
2063277820,cal,1,0,0.4894096255302429,0.5105903744697571
600806622,cal,0,0,0.4755710959434509,0.5244289040565491
1649184419,cal,0,0,0.4543844759464264,0.545615553855896
100358862,test,0,1,0.5053815841674805,0.5053815841674805
525508095,test,0,0,0.4756806790828705,0.5243192911148071
1601959771,test,0,1,0.5215389728546143,0.5215389728546143
342460655,test,0,1,0.509835958480835,0.509835958480835
1494721233,test,0,1,0.5081407427787781,0.5081407427787781
1610270266,test,0,1,0.560056209564209,0.560056209564209
2045251445,test,0,1,0.5827447772026062,0.5827447772026062
160134562,test,0,1,0.5530223250389099,0.5530223250389099
374934952,test,0,1,0.5557589530944824,0.5557589530944824
936297944,test,0,1,0.5612559914588928,0.5612559914588928
965067029,cal,0,0,0.4852250814437866,0.5147749185562134
1025478991,cal,0,0,0.4778416156768799,0.5221583843231201
125291037,cal,0,0,0.48221829533576965,0.5177817344665527
1094523570,cal,0,0,0.476269006729126,0.523730993270874
460115333,cal,1,0,0.48341524600982666,0.5165847539901733
2053647724,cal,1,0,0.461605042219162,0.5383949279785156
178416528,cal,0,1,0.5012747049331665,0.5012747049331665
1153358401,cal,0,0,0.4664425849914551,0.5335574150085449
1845580917,cal,0,0,0.4877621829509735,0.5122377872467041
1191271962,cal,0,0,0.48730847239494324,0.5126914978027344
1580254238,cal,0,0,0.49239659309387207,0.5076034069061279
1060403947,cal,0,0,0.41122594475746155,0.5887740850448608
1264732739,cal,0,0,0.47094595432281494,0.5290540456771851
1629245453,cal,0,0,0.3900493085384369,0.6099506616592407
1175342570,cal,0,1,0.5542520880699158,0.5542520880699158
1757941103,cal,0,1,0.5524519085884094,0.5524519085884094
751386942,cal,0,1,0.541629433631897,0.541629433631897
1140487343,cal,0,1,0.5444756150245667,0.5444756150245667
1237570464,cal,0,1,0.5461117625236511,0.5461117625236511
1604049644,cal,0,1,0.5352398157119751,0.5352398157119751
490191896,cal,0,1,0.5695540308952332,0.5695540308952332
731187954,cal,0,1,0.5736684203147888,0.5736684203147888
1478696897,cal,0,1,0.5782493352890015,0.5782493352890015
1260507486,cal,0,1,0.5553476214408875,0.5553476214408875
1653241725,cal,0,1,0.5725915431976318,0.5725915431976318
2112208058,cal,0,1,0.5981475710868835,0.5981475710868835
692892617,cal,1,1,0.6151668429374695,0.6151668429374695
2009178043,cal,1,1,0.5719336271286011,0.5719336271286011
187852427,cal,0,1,0.6056967377662659,0.6056967377662659
195615028,cal,0,1,0.6174392104148865,0.6174392104148865
1202061797,cal,0,1,0.5650388598442078,0.5650388598442078
162519960,test,0,1,0.5997532606124878,0.5997532606124878
377974023,test,0,1,0.6079236268997192,0.6079236268997192
1318739789,test,0,1,0.5942871570587158,0.5942871570587158
1985419325,test,0,1,0.5987659692764282,0.5987659692764282
1150754148,cal,0,1,0.5876606702804565,0.5876606702804565
1851386126,cal,0,1,0.6206145286560059,0.6206145286560059
1600807452,cal,0,1,0.5791340470314026,0.5791340470314026
1780198974,cal,0,1,0.6223787069320679,0.6223787069320679
1392435575,cal,0,1,0.5476638674736023,0.5476638674736023
1396090126,cal,0,1,0.5731244087219238,0.5731244087219238
108002186,cal,0,1,0.5436322093009949,0.5436322093009949
403925135,cal,0,1,0.5240983366966248,0.5240983366966248
2321414,cal,0,1,0.5012632012367249,0.5012632012367249
1443746151,cal,0,0,0.47510942816734314,0.5248905420303345
1713773290,cal,0,0,0.4769337773323059,0.5230662226676941
1742858603,cal,0,0,0.4859606921672821,0.5140392780303955
163563409,cal,0,0,0.478909969329834,0.521090030670166
1781563911,cal,0,0,0.47256535291671753,0.5274346470832825
1721204458,cal,1,0,0.47675180435180664,0.5232481956481934
1977398854,cal,1,0,0.47488242387771606,0.5251175761222839
400539057,test,0,0,0.46656665205955505,0.5334333181381226
1737106153,test,0,0,0.49790170788764954,0.5020983219146729
24210988,test,0,0,0.48081180453300476,0.5191881656646729
1569178071,test,0,0,0.4892530143260956,0.510746955871582
359109153,cal,0,1,0.5848528146743774,0.5848528146743774
714481965,cal,0,1,0.5462532043457031,0.5462532043457031
1421189899,cal,0,1,0.5449255704879761,0.5449255704879761
1692547665,cal,0,1,0.5847848653793335,0.5847848653793335
1667236534,cal,0,1,0.5866929292678833,0.5866929292678833
1946902540,cal,0,1,0.5660284757614136,0.5660284757614136
2126930949,cal,0,1,0.593127429485321,0.593127429485321
1659403117,cal,0,0,0.4978655278682709,0.5021344423294067
2070648537,cal,0,0,0.46292999386787415,0.5370700359344482
2023865241,cal,1,0,0.46986958384513855,0.5301303863525391
2033134957,cal,1,0,0.4939890503883362,0.5060109496116638
301874408,cal,0,1,0.5587251782417297,0.5587251782417297
537536205,cal,0,1,0.5751412510871887,0.5751412510871887
522621343,cal,0,1,0.5829918384552002,0.5829918384552002
640844088,cal,0,1,0.5543932318687439,0.5543932318687439
625883469,cal,1,0,0.47552797198295593,0.5244719982147217
1658524731,cal,1,0,0.4778636693954468,0.5221363306045532
1017781926,cal,0,0,0.46829527616500854,0.5317047238349915
1193091914,cal,0,0,0.4871898293495178,0.5128101706504822
300565447,test,0,0,0.4940457344055176,0.5059542655944824
380619882,test,0,0,0.48657649755477905,0.513423502445221
1431340100,test,0,0,0.4743598401546478,0.5256401300430298
2043719141,test,0,0,0.49392250180244446,0.5060775279998779
1182057192,cal,0,1,0.6030109524726868,0.6030109524726868
2132762661,cal,0,1,0.5894454717636108,0.5894454717636108
1266860965,cal,0,1,0.6084132194519043,0.6084132194519043
2043308542,cal,0,1,0.5475526452064514,0.5475526452064514
843818820,cal,0,1,0.55036860704422,0.55036860704422
2108448347,cal,0,1,0.5725775361061096,0.5725775361061096
333393005,cal,0,1,0.576992928981781,0.576992928981781
1007010895,cal,0,1,0.5844467282295227,0.5844467282295227
497549983,cal,1,1,0.595138669013977,0.595138669013977
1343141168,cal,1,1,0.6190300583839417,0.6190300583839417
85081633,cal,0,1,0.6179710030555725,0.6179710030555725
723061708,cal,0,1,0.5886586308479309,0.5886586308479309
730383216,cal,0,1,0.5277217626571655,0.5277217626571655
778380619,cal,0,1,0.5155239701271057,0.5155239701271057
1187140047,cal,0,1,0.5391424298286438,0.5391424298286438
533104226,cal,0,1,0.5235109329223633,0.5235109329223633
1864430965,cal,0,0,0.4969382584095001,0.5030617713928223
813152296,cal,0,1,0.5848891735076904,0.5848891735076904
1455635064,cal,0,1,0.5898475050926208,0.5898475050926208
1559991199,cal,0,1,0.5814573168754578,0.5814573168754578
1758716241,cal,0,1,0.5794560313224792,0.5794560313224792
148610464,cal,0,1,0.528647780418396,0.528647780418396
505474931,cal,0,1,0.5297735929489136,0.5297735929489136
580804947,cal,0,1,0.5376314520835876,0.5376314520835876
86117089,cal,1,1,0.5167165398597717,0.5167165398597717
104399993,cal,1,1,0.5308917164802551,0.5308917164802551
1203336509,cal,1,1,0.5402138829231262,0.5402138829231262
1041858132,test,0,1,0.5196133852005005,0.5196133852005005
1371042888,test,0,0,0.4873698651790619,0.5126301050186157
995266009,test,1,0,0.49375808238983154,0.5062419176101685
1463582446,test,1,1,0.5314500331878662,0.5314500331878662
821636830,cal,0,1,0.5457891821861267,0.5457891821861267
888248312,cal,0,1,0.5846248865127563,0.5846248865127563
1296175004,cal,0,1,0.5832223296165466,0.5832223296165466
236604157,cal,0,1,0.5816419720649719,0.5816419720649719
702102734,cal,0,1,0.5593502521514893,0.5593502521514893
230673267,cal,0,1,0.6307979822158813,0.6307979822158813
824029134,cal,0,1,0.6028088331222534,0.6028088331222534
1300332380,cal,0,1,0.6080252528190613,0.6080252528190613
72547626,cal,0,1,0.591029167175293,0.591029167175293
477871193,cal,0,1,0.6324925422668457,0.6324925422668457
1243766254,cal,0,1,0.6175181269645691,0.6175181269645691
496359601,test,0,0,0.48578402400016785,0.5142159461975098
1432315427,test,0,0,0.27141183614730835,0.7285881638526917
1996910399,test,0,0,0.3737574815750122,0.6262425184249878
2115013473,test,0,0,0.27589675784111023,0.7241032123565674
11528778,cal,0,1,0.5727813839912415,0.5727813839912415
556365251,cal,0,1,0.5667559504508972,0.5667559504508972
1297512923,cal,1,1,0.5699344277381897,0.5699344277381897
1880402580,cal,1,1,0.5352997183799744,0.5352997183799744
616848768,cal,0,0,0.49494996666908264,0.5050500631332397
1741180433,cal,0,0,0.4830256402492523,0.5169743299484253
959754061,cal,0,0,0.49008938670158386,0.5099105834960938
1977854978,cal,0,0,0.496038556098938,0.503961443901062
1201997103,test,0,1,0.5938922166824341,0.5938922166824341
1396002372,test,0,1,0.598185122013092,0.598185122013092
184230154,test,0,1,0.5998721122741699,0.5998721122741699
597890119,test,0,1,0.5843778848648071,0.5843778848648071
2083947570,test,0,1,0.6048151254653931,0.6048151254653931
1789851107,cal,0,1,0.5215821266174316,0.5215821266174316
1888513055,cal,0,1,0.5149657130241394,0.5149657130241394
201544541,cal,0,1,0.5151908993721008,0.5151908993721008
2133415145,cal,0,1,0.5096686482429504,0.5096686482429504
384047875,test,0,1,0.5532295107841492,0.5532295107841492
1091782199,test,0,1,0.5563715696334839,0.5563715696334839
1169717963,test,0,1,0.5516358613967896,0.5516358613967896
1372139148,test,0,1,0.541557252407074,0.541557252407074
1570934602,test,0,1,0.5195413827896118,0.5195413827896118
1252033869,test,1,1,0.5713214874267578,0.5713214874267578
1413759742,test,1,1,0.5588693618774414,0.5588693618774414
542463707,cal,0,1,0.5121363997459412,0.5121363997459412
1164657826,cal,0,0,0.4761342704296112,0.5238656997680664
1776077460,cal,0,1,0.5504487752914429,0.5504487752914429
371331532,cal,0,1,0.5546687245368958,0.5546687245368958
1248755007,cal,0,1,0.5157077312469482,0.5157077312469482
1880828893,cal,0,1,0.5255254507064819,0.5255254507064819
1906615204,cal,0,0,0.4971940219402313,0.5028059482574463
124366497,cal,0,0,0.4720652997493744,0.5279346704483032
1498254093,cal,0,0,0.4614691436290741,0.5385308265686035
534254546,cal,0,1,0.519862949848175,0.519862949848175
1668410602,cal,0,0,0.46695876121520996,0.53304123878479
214435270,cal,0,1,0.5635555982589722,0.5635555982589722
1005632959,cal,0,1,0.5863987803459167,0.5863987803459167
1296167919,cal,0,1,0.5589439272880554,0.5589439272880554
1665141497,cal,0,1,0.5858396887779236,0.5858396887779236
1889425016,cal,0,1,0.5398298501968384,0.5398298501968384
141917189,cal,0,1,0.5457927584648132,0.5457927584648132
880988153,cal,0,1,0.5496938228607178,0.5496938228607178
1284138833,cal,0,1,0.5938464403152466,0.5938464403152466
1522531686,cal,0,1,0.5406543612480164,0.5406543612480164
252109362,cal,0,1,0.57520592212677,0.57520592212677
1640896163,cal,0,1,0.5865518450737,0.5865518450737
250987349,cal,0,1,0.5767029523849487,0.5767029523849487
2093532708,cal,0,1,0.5485990047454834,0.5485990047454834
525247734,test,0,0,0.48060452938079834,0.5193954706192017
1793107679,test,0,0,0.46703192591667175,0.5329680442810059
2002996615,test,0,1,0.5076857209205627,0.5076857209205627
666749535,test,0,0,0.47808122634887695,0.521918773651123
1340635543,test,0,1,0.5210438966751099,0.5210438966751099
1577717110,test,0,0,0.4828503131866455,0.5171496868133545
1760207185,test,0,1,0.611344575881958,0.611344575881958
2087389120,test,0,1,0.6396665573120117,0.6396665573120117
1067825866,test,0,1,0.6100917458534241,0.6100917458534241
1761380685,test,0,1,0.6285794973373413,0.6285794973373413
501727322,test,0,0,0.46370598673820496,0.5362939834594727
1358720735,test,0,0,0.477102130651474,0.5228978395462036
1475650056,test,0,0,0.4912373721599579,0.5087625980377197
1394171219,test,0,0,0.4929299056529999,0.5070700645446777
1734849791,test,0,0,0.44985702633857727,0.5501430034637451
2056915646,test,0,0,0.46800824999809265,0.531991720199585
180756939,cal,0,1,0.5677375197410583,0.5677375197410583
706367582,cal,0,1,0.5318264365196228,0.5318264365196228
515044301,cal,0,1,0.5593793988227844,0.5593793988227844
854888791,cal,0,1,0.5359161496162415,0.5359161496162415
357954408,test,0,1,0.6048107743263245,0.6048107743263245
828189743,test,0,1,0.6103634834289551,0.6103634834289551
832925756,test,0,1,0.6010331511497498,0.6010331511497498
989054874,test,0,1,0.5918738842010498,0.5918738842010498
767222515,cal,1,1,0.5954344868659973,0.5954344868659973
2146340154,cal,1,1,0.5939552187919617,0.5939552187919617
329275852,cal,0,1,0.5898714661598206,0.5898714661598206
1802348073,cal,0,1,0.59508216381073,0.59508216381073
298910139,cal,0,0,0.49296826124191284,0.5070317387580872
1016420072,cal,0,0,0.499060720205307,0.5009392499923706
1020566901,cal,0,1,0.5078061819076538,0.5078061819076538
1697585606,cal,0,1,0.5053969025611877,0.5053969025611877
29398905,cal,0,0,0.4557752311229706,0.544224739074707
850058234,cal,0,0,0.4945366084575653,0.5054633617401123
578291054,cal,0,0,0.49665993452072144,0.5033400654792786
1696676845,cal,0,0,0.45571309328079224,0.5442869067192078
632098405,cal,0,0,0.48950693011283875,0.5104930400848389
2083568931,cal,0,1,0.5020779371261597,0.5020779371261597
256931772,cal,0,0,0.4779883623123169,0.5220116376876831
1073317621,cal,0,0,0.47841396927833557,0.5215860605239868
153156858,cal,0,1,0.5145373344421387,0.5145373344421387
785188773,cal,0,1,0.509874165058136,0.509874165058136
1384307514,cal,0,1,0.5285861492156982,0.5285861492156982
430624715,cal,0,0,0.49894389510154724,0.5010560750961304
673756804,cal,0,1,0.5180603861808777,0.5180603861808777
1430354470,cal,0,0,0.4813591241836548,0.5186408758163452
1991588959,cal,0,1,0.5124286413192749,0.5124286413192749
1631140526,cal,0,0,0.4804559350013733,0.5195440649986267
2103986973,cal,0,0,0.4676322937011719,0.5323677062988281
131058791,cal,0,1,0.5000006556510925,0.5000006556510925
715832237,cal,0,0,0.47558003664016724,0.5244199633598328
245668409,cal,0,0,0.48156920075416565,0.5184308290481567
1420142188,cal,0,1,0.5035528540611267,0.5035528540611267
1171501450,cal,0,0,0.45473045110702515,0.5452695488929749
1865066541,cal,0,0,0.49743738770484924,0.5025626420974731
2122558433,cal,0,1,0.5174643993377686,0.5174643993377686
270530799,cal,0,0,0.486042857170105,0.513957142829895
1831521061,cal,0,0,0.4851003885269165,0.5148996114730835
586954500,cal,0,1,0.5205777883529663,0.5205777883529663
871274048,cal,0,1,0.5050256848335266,0.5050256848335266
865960390,cal,0,1,0.5262078642845154,0.5262078642845154
1484165173,cal,0,1,0.5065352320671082,0.5065352320671082
1238814635,test,1,1,0.5970354080200195,0.5970354080200195
1314918396,test,1,1,0.597873866558075,0.597873866558075
1229815373,test,0,1,0.6077085137367249,0.6077085137367249
1664397926,test,0,1,0.6154863834381104,0.6154863834381104
1721153152,cal,0,1,0.5625467896461487,0.5625467896461487
2095705735,cal,0,1,0.5457203388214111,0.5457203388214111
13128429,cal,1,1,0.5642735362052917,0.5642735362052917
810159147,cal,1,1,0.5578356981277466,0.5578356981277466
178804443,test,0,0,0.47109872102737427,0.5289012789726257
1586272954,test,0,0,0.4714539349079132,0.5285460948944092
1838573252,test,1,0,0.4733007252216339,0.5266993045806885
1962867916,test,1,0,0.4639098048210144,0.5360901951789856
631227290,test,1,0,0.4984720051288605,0.5015280246734619
977088306,test,1,0,0.4567735493183136,0.5432264804840088
1617112699,test,0,0,0.48697951436042786,0.5130205154418945
1943689131,test,0,0,0.45448145270347595,0.5455185174942017
451900759,test,0,1,0.5942822098731995,0.5942822098731995
828420970,test,0,1,0.5771192908287048,0.5771192908287048
387635631,test,0,1,0.577303946018219,0.577303946018219
1176748917,test,0,1,0.5747786164283752,0.5747786164283752
1189325692,test,0,1,0.5990480184555054,0.5990480184555054
1864113759,test,0,1,0.6018089056015015,0.6018089056015015
972252340,test,0,1,0.5883890390396118,0.5883890390396118
1971298674,test,0,1,0.6254705190658569,0.6254705190658569
766241633,cal,0,1,0.5555137991905212,0.5555137991905212
1590467972,cal,0,1,0.5684075951576233,0.5684075951576233
177261325,cal,0,1,0.5781494975090027,0.5781494975090027
365075132,cal,0,1,0.5726110339164734,0.5726110339164734
1170913227,cal,0,1,0.5452497005462646,0.5452497005462646
1448264559,test,0,0,0.49284613132476807,0.5071538686752319
2064856742,test,0,0,0.4696480929851532,0.5303518772125244
1700340662,test,0,0,0.49237173795700073,0.5076282620429993
2083259512,test,0,0,0.472011536359787,0.5279884338378906
380988074,test,0,1,0.6136098504066467,0.6136098504066467
2064447328,test,0,1,0.5807713270187378,0.5807713270187378
2093438592,test,0,1,0.5668157339096069,0.5668157339096069
1201958253,test,0,1,0.5719553828239441,0.5719553828239441
1468436272,test,0,1,0.5752570629119873,0.5752570629119873
1716664453,test,0,1,0.5707696080207825,0.5707696080207825
74298848,test,0,0,0.36439913511276245,0.6356008648872375
1258453820,test,0,0,0.3468308746814728,0.6531691551208496
1974045110,test,0,0,0.3247714042663574,0.6752285957336426
1988516345,test,0,0,0.273708701133728,0.726291298866272
1301908623,cal,0,1,0.5213278532028198,0.5213278532028198
1980331289,cal,0,1,0.5069823265075684,0.5069823265075684
17295967,cal,0,0,0.4838455319404602,0.5161544680595398
1736003713,cal,0,1,0.518394410610199,0.518394410610199
113638875,test,0,1,0.5066065192222595,0.5066065192222595
480649552,test,0,1,0.5234079957008362,0.5234079957008362
865261967,test,0,0,0.48328185081481934,0.5167181491851807
438261045,test,0,1,0.5188781023025513,0.5188781023025513
767947043,test,0,0,0.4926653504371643,0.5073346495628357
403060495,cal,0,1,0.5829222798347473,0.5829222798347473
864382413,cal,0,1,0.5943163633346558,0.5943163633346558
902608164,cal,1,1,0.5878289341926575,0.5878289341926575
1061276841,cal,1,1,0.5946606397628784,0.5946606397628784
491376111,cal,0,1,0.5119311809539795,0.5119311809539795
1270463880,cal,0,0,0.44340747594833374,0.5565925240516663
277594034,cal,1,0,0.48413386940956116,0.5158661603927612
1763174994,cal,1,0,0.37521862983703613,0.6247813701629639
892289164,test,1,1,0.5832473039627075,0.5832473039627075
1350576272,test,1,1,0.5751954317092896,0.5751954317092896
1378580532,test,1,1,0.5819722414016724,0.5819722414016724
526928038,test,0,1,0.575261652469635,0.575261652469635
1637595664,test,0,1,0.5885940194129944,0.5885940194129944
1929798815,test,0,1,0.5747774839401245,0.5747774839401245
849294967,cal,0,0,0.46051743626594543,0.539482593536377
1479028606,cal,0,0,0.4897257387638092,0.5102742910385132
1754098866,cal,0,0,0.4846797287464142,0.5153203010559082
1973076574,cal,0,0,0.4902653098106384,0.5097346901893616
744748560,test,0,0,0.4987248480319977,0.5012751817703247
1903415194,test,0,0,0.4723493456840515,0.5276506543159485
957259950,test,0,0,0.48077625036239624,0.5192237496376038
1446124831,test,0,0,0.4816049337387085,0.5183950662612915
539754241,test,0,1,0.5557503700256348,0.5557503700256348
1223336781,test,0,1,0.5525975227355957,0.5525975227355957
163780115,test,0,1,0.5714111328125,0.5714111328125
276204234,test,0,1,0.5451838970184326,0.5451838970184326
1192005741,cal,0,1,0.5491989254951477,0.5491989254951477
1273432867,cal,0,1,0.5455403327941895,0.5455403327941895
2083580242,cal,0,1,0.5258802175521851,0.5258802175521851
27939851,cal,0,1,0.5356773138046265,0.5356773138046265
764078391,cal,0,1,0.5421448349952698,0.5421448349952698
983223145,cal,0,1,0.5378736257553101,0.5378736257553101
712358195,cal,1,1,0.5172329545021057,0.5172329545021057
2024034830,cal,1,1,0.5283029079437256,0.5283029079437256
660970694,cal,0,1,0.5226553082466125,0.5226553082466125
1197445952,cal,0,1,0.5256496071815491,0.5256496071815491
1039510902,cal,0,1,0.6260265707969666,0.6260265707969666
1472418962,cal,0,1,0.6063527464866638,0.6063527464866638
533515088,cal,0,1,0.620689332485199,0.620689332485199
790632379,cal,0,1,0.5864481925964355,0.5864481925964355
73762179,cal,0,1,0.5373929738998413,0.5373929738998413
1121126860,cal,0,0,0.4701029360294342,0.5298970937728882
2032071860,cal,0,1,0.5320672392845154,0.5320672392845154
2032488254,cal,0,0,0.4940308928489685,0.5059691071510315
317123912,cal,0,1,0.520244836807251,0.520244836807251
769225021,cal,0,0,0.49171698093414307,0.5082830190658569
953025289,cal,0,0,0.4991939067840576,0.5008060932159424
1092470420,cal,0,1,0.5356000065803528,0.5356000065803528
1547178571,cal,0,0,0.48176002502441406,0.5182399749755859
1593395169,cal,0,1,0.5004367828369141,0.5004367828369141
1311288076,cal,0,1,0.502263605594635,0.502263605594635
1560636778,cal,0,0,0.4888094663619995,0.5111905336380005
466111338,cal,0,0,0.47484177350997925,0.5251582264900208
2054095153,cal,0,0,0.4837324619293213,0.5162675380706787
1250164903,cal,0,0,0.2876870930194855,0.7123129367828369
1285903613,cal,0,0,0.46179500222206116,0.5382050275802612
2011905059,cal,0,1,0.6004127860069275,0.6004127860069275
2072472746,cal,0,1,0.6076000928878784,0.6076000928878784
189228751,cal,0,1,0.5956088304519653,0.5956088304519653
354941283,cal,0,1,0.6173970103263855,0.6173970103263855
472064471,test,1,1,0.5342115163803101,0.5342115163803101
1035898073,test,1,1,0.5522081255912781,0.5522081255912781
254812044,test,0,1,0.5717518925666809,0.5717518925666809
276807767,test,0,1,0.5352024435997009,0.5352024435997009
295020628,cal,0,0,0.38735342025756836,0.6126465797424316
1076345188,cal,0,0,0.47262975573539734,0.5273702144622803
360426531,cal,0,0,0.4767112135887146,0.5232887864112854
1789209859,cal,0,0,0.44356971979141235,0.5564302802085876
717323131,cal,0,1,0.5963253974914551,0.5963253974914551
2090582978,cal,0,1,0.6043086647987366,0.6043086647987366
970576175,cal,1,1,0.5932443141937256,0.5932443141937256
1456249103,cal,1,1,0.5777497291564941,0.5777497291564941
1438261172,cal,1,0,0.46980020403862,0.5301997661590576
2030064013,cal,1,0,0.49349427223205566,0.5065057277679443
781323817,cal,0,1,0.501255452632904,0.501255452632904
1711348238,cal,0,0,0.4951092302799225,0.5048907995223999
821244155,cal,0,1,0.6067756414413452,0.6067756414413452
1623725480,cal,0,1,0.585202157497406,0.585202157497406
1683247080,cal,0,1,0.5962051749229431,0.5962051749229431
73126526,cal,0,1,0.5928140878677368,0.5928140878677368
227949310,cal,0,1,0.594621479511261,0.594621479511261
1518547963,cal,0,1,0.5788086652755737,0.5788086652755737
115565453,cal,0,1,0.5838842391967773,0.5838842391967773
484761913,cal,0,1,0.5792223811149597,0.5792223811149597
595370393,cal,0,1,0.5676776766777039,0.5676776766777039
428905951,cal,0,1,0.5985605716705322,0.5985605716705322
1500147291,cal,0,1,0.575951337814331,0.575951337814331
454718135,cal,0,0,0.21787691116333008,0.7821230888366699
1668421796,cal,0,0,0.24095435440540314,0.7590456604957581
2080001420,cal,0,0,0.24460969865322113,0.7553902864456177
110927770,cal,0,0,0.22930480539798737,0.7706952095031738
1376295034,cal,0,0,0.2259020358324051,0.7740979790687561
1533564009,cal,0,0,0.2422936111688614,0.7577064037322998
508695309,test,0,0,0.4798116087913513,0.5201883912086487
550605400,test,0,1,0.5038344264030457,0.5038344264030457
1936220038,test,0,0,0.4738057851791382,0.5261942148208618
238336071,test,0,1,0.5019393563270569,0.5019393563270569
558979719,test,0,0,0.4777548015117645,0.5222451686859131
733961755,cal,0,0,0.47745025157928467,0.5225497484207153
1531305760,cal,0,0,0.4754330813884735,0.5245668888092041
631831723,cal,0,0,0.47304579615592957,0.526954174041748
686559649,cal,0,0,0.47769907116889954,0.5223009586334229
428004883,cal,0,0,0.4863397181034088,0.5136603116989136
1400560853,cal,0,0,0.446170836687088,0.5538291931152344
621742980,cal,0,0,0.48697125911712646,0.5130287408828735
1769879344,cal,0,0,0.4907582998275757,0.5092417001724243
1295896319,cal,0,1,0.5070856809616089,0.5070856809616089
2040961510,cal,0,0,0.4713272154331207,0.5286728143692017
403096516,cal,0,0,0.4726579189300537,0.5273420810699463
676606216,cal,0,0,0.48185423016548157,0.5181457996368408
250167283,cal,0,1,0.567594051361084,0.567594051361084
1157205785,cal,0,1,0.5804038643836975,0.5804038643836975
628791003,cal,0,1,0.5536664128303528,0.5536664128303528
1854050974,cal,0,1,0.5719309449195862,0.5719309449195862
51902563,test,0,1,0.522638201713562,0.522638201713562
1243836844,test,0,1,0.5138075947761536,0.5138075947761536
403231759,test,0,1,0.5232176780700684,0.5232176780700684
730152798,test,0,1,0.5241217613220215,0.5241217613220215
615950811,cal,0,1,0.5986621379852295,0.5986621379852295
804056092,cal,0,1,0.5789956450462341,0.5789956450462341
2016965653,cal,0,1,0.5731565356254578,0.5731565356254578
656228771,cal,0,1,0.5744881629943848,0.5744881629943848
1032284990,cal,0,1,0.5868709087371826,0.5868709087371826
1096413083,cal,0,1,0.602139413356781,0.602139413356781
110294434,cal,1,0,0.49639588594436646,0.5036041140556335
929850976,cal,1,1,0.5119466781616211,0.5119466781616211
958709522,cal,1,1,0.5233783721923828,0.5233783721923828
1605966752,cal,1,1,0.5299261212348938,0.5299261212348938
2109443656,cal,1,0,0.48746365308761597,0.512536346912384
914335113,cal,1,1,0.500598132610321,0.500598132610321
1643553680,cal,1,0,0.49434176087379456,0.5056582689285278
1693905545,cal,1,1,0.505630373954773,0.505630373954773
1713974456,cal,1,1,0.5327953696250916,0.5327953696250916
408936294,cal,0,0,0.4538722634315491,0.5461277365684509
743363978,cal,0,1,0.512779951095581,0.512779951095581
414665785,cal,0,0,0.47194281220436096,0.5280572175979614
678986296,cal,0,1,0.5001053214073181,0.5001053214073181
252346897,cal,0,0,0.4629712700843811,0.5370287299156189
1861932033,cal,0,0,0.47582384943962097,0.5241761207580566
1303182176,cal,1,0,0.4841368794441223,0.5158631205558777
2145033816,cal,1,0,0.4662051200866699,0.5337948799133301
1533488417,cal,0,1,0.504784345626831,0.504784345626831
2110467604,cal,0,0,0.49583756923675537,0.5041624307632446
1203800386,cal,0,1,0.5054479837417603,0.5054479837417603
2052145521,cal,0,1,0.5014535188674927,0.5014535188674927
156475979,test,0,1,0.6109665036201477,0.6109665036201477
962405425,test,0,1,0.631293535232544,0.631293535232544
223941345,test,0,1,0.603445291519165,0.603445291519165
795558910,test,0,1,0.6101717948913574,0.6101717948913574
183738893,cal,0,0,0.490214079618454,0.5097858905792236
974537845,cal,0,1,0.5006859302520752,0.5006859302520752
919499575,cal,0,1,0.5072638392448425,0.5072638392448425
1897699505,cal,0,1,0.5004134774208069,0.5004134774208069
582695256,cal,0,0,0.47424226999282837,0.5257577300071716
1327420470,cal,0,0,0.4902036488056183,0.5097963809967041
554106399,cal,0,0,0.49691030383110046,0.5030896663665771
1154587613,cal,0,0,0.4553702175617218,0.5446298122406006
1437451525,test,0,0,0.47722166776657104,0.522778332233429
1480581893,test,0,0,0.4956209063529968,0.5043790936470032
26299790,test,0,1,0.5068707466125488,0.5068707466125488
174097034,test,0,0,0.48355957865715027,0.5164403915405273
1523841754,test,0,0,0.4851323664188385,0.5148676633834839
604342885,cal,0,1,0.5595414638519287,0.5595414638519287
2059417580,cal,0,1,0.5590770840644836,0.5590770840644836
532062109,cal,1,1,0.5645039081573486,0.5645039081573486
1395285153,cal,1,1,0.5494741201400757,0.5494741201400757
41726811,test,0,0,0.45910823345184326,0.5408917665481567
746567210,test,0,0,0.4817800521850586,0.5182199478149414
274313243,test,0,0,0.49017971754074097,0.509820282459259
1259318675,test,0,0,0.48346996307373047,0.5165300369262695
1208109247,test,0,1,0.5602233409881592,0.5602233409881592
2078699646,test,0,1,0.5549015998840332,0.5549015998840332
191251940,test,0,1,0.5650362372398376,0.5650362372398376
946575196,test,0,1,0.5420612096786499,0.5420612096786499
1052949452,cal,0,1,0.6088747978210449,0.6088747978210449
1767721828,cal,0,1,0.6023633480072021,0.6023633480072021
2021414832,cal,0,1,0.573572039604187,0.573572039604187
164274989,cal,0,1,0.6168037056922913,0.6168037056922913
667248816,cal,0,1,0.6036380529403687,0.6036380529403687
1075818994,cal,0,1,0.5573346614837646,0.5573346614837646
1675141151,cal,0,1,0.6074443459510803,0.6074443459510803
2055046452,cal,0,1,0.6109488606452942,0.6109488606452942
791512349,cal,0,1,0.5747064352035522,0.5747064352035522
1704598560,cal,0,1,0.5686730742454529,0.5686730742454529
264784917,cal,0,1,0.5776600241661072,0.5776600241661072
1580205762,cal,0,1,0.5924804210662842,0.5924804210662842
1228678812,cal,0,0,0.4916393458843231,0.5083606243133545
2067476892,cal,0,1,0.5089686512947083,0.5089686512947083
675013095,cal,0,1,0.5218286514282227,0.5218286514282227
1774170364,cal,0,1,0.5089681148529053,0.5089681148529053
283208123,cal,0,1,0.5025835037231445,0.5025835037231445
527020247,cal,0,0,0.45062366127967834,0.549376368522644
975598581,cal,0,0,0.4803994297981262,0.5196005702018738
1817327720,cal,0,0,0.4942048192024231,0.5057951807975769
110990132,cal,0,1,0.5789168477058411,0.5789168477058411
1756206654,cal,0,1,0.5935181379318237,0.5935181379318237
317645050,cal,0,1,0.5706377029418945,0.5706377029418945
1003918495,cal,0,1,0.6025283336639404,0.6025283336639404
596325899,cal,0,1,0.6101579070091248,0.6101579070091248
940166294,cal,0,1,0.6085036993026733,0.6085036993026733
358181377,cal,1,1,0.6138516664505005,0.6138516664505005
1100193755,cal,1,1,0.6170555949211121,0.6170555949211121
867784405,test,1,1,0.506005585193634,0.506005585193634
970226926,test,1,0,0.47522667050361633,0.524773359298706
1093399568,test,1,0,0.4613819122314453,0.5386180877685547
1636089777,test,1,0,0.4475594162940979,0.5524405837059021
28051321,test,0,0,0.40924975275993347,0.5907502174377441
331723521,test,0,0,0.4593431353569031,0.5406568646430969
412820627,test,0,1,0.5137163996696472,0.5137163996696472
1104188363,test,0,1,0.5124303698539734,0.5124303698539734
586234559,test,0,1,0.5044638514518738,0.5044638514518738
1282223070,test,0,1,0.5171645879745483,0.5171645879745483
718697179,test,0,1,0.5100557208061218,0.5100557208061218
1331559770,test,0,1,0.5065307021141052,0.5065307021141052
196635163,test,0,0,0.4896252751350403,0.5103747248649597
1413450908,test,0,0,0.4968809187412262,0.5031191110610962
1113060686,cal,0,1,0.5060517191886902,0.5060517191886902
1337534167,cal,0,1,0.5266603231430054,0.5266603231430054
1347673116,cal,0,1,0.5007232427597046,0.5007232427597046
137755250,cal,0,0,0.4882674813270569,0.5117325186729431
1249877771,cal,0,1,0.5124947428703308,0.5124947428703308
1568618766,cal,0,1,0.5245387554168701,0.5245387554168701
629442874,test,0,1,0.6314798593521118,0.6314798593521118
1710172729,test,0,1,0.621389627456665,0.621389627456665
990081077,test,1,1,0.6320812106132507,0.6320812106132507
1511703496,test,1,1,0.623862624168396,0.623862624168396
168451940,test,0,0,0.48816797137260437,0.5118319988250732
909135561,test,0,0,0.4615072011947632,0.5384927988052368
326955460,test,0,0,0.45776572823524475,0.5422343015670776
1316496043,test,0,0,0.4872835576534271,0.5127164125442505
1006557848,cal,1,0,0.4932880401611328,0.5067119598388672
1170138299,cal,1,0,0.49175506830215454,0.5082449316978455
1636430409,cal,1,1,0.52669358253479,0.52669358253479
761750475,cal,0,0,0.4829476773738861,0.5170522928237915
1550683008,cal,0,0,0.48705726861953735,0.5129427313804626
1719795127,cal,0,1,0.5052309036254883,0.5052309036254883
1231115322,cal,0,0,0.49595198035240173,0.5040479898452759
1838173778,cal,0,0,0.49857062101364136,0.5014293789863586
352688129,cal,0,1,0.5018919110298157,0.5018919110298157
972758811,cal,0,0,0.4935891032218933,0.5064108967781067
384865398,cal,1,0,0.48618292808532715,0.5138170719146729
1075977573,cal,1,1,0.523905336856842,0.523905336856842
77053176,cal,0,1,0.503896951675415,0.503896951675415
206383720,cal,0,0,0.49154403805732727,0.5084559917449951
160423677,test,0,1,0.5890963077545166,0.5890963077545166
2121694675,test,0,1,0.5733945369720459,0.5733945369720459
364955200,test,1,1,0.5869090557098389,0.5869090557098389
686767287,test,1,1,0.6077066659927368,0.6077066659927368
276647364,cal,0,1,0.6242336630821228,0.6242336630821228
1089140238,cal,0,1,0.6212356090545654,0.6212356090545654
2111087855,cal,0,1,0.6159554719924927,0.6159554719924927
709200770,cal,1,1,0.6129745244979858,0.6129745244979858
958581788,cal,1,1,0.5574914216995239,0.5574914216995239
1046039057,cal,1,1,0.5942441821098328,0.5942441821098328
2136873215,cal,1,1,0.5740602016448975,0.5740602016448975
1422307029,cal,0,1,0.5893882513046265,0.5893882513046265
1920897352,cal,0,1,0.578524112701416,0.578524112701416
266620255,cal,0,1,0.5776834487915039,0.5776834487915039
1011745476,cal,0,1,0.589655876159668,0.589655876159668
860962958,cal,0,0,0.49318110942840576,0.5068188905715942
2001332407,cal,0,0,0.4908105432987213,0.5091894865036011
95296473,cal,0,0,0.490034818649292,0.509965181350708
2099832232,cal,0,1,0.5006713271141052,0.5006713271141052
457106472,cal,0,1,0.5002002120018005,0.5002002120018005
728909169,cal,0,0,0.4926312565803528,0.5073687434196472
1572290638,cal,0,1,0.5010635256767273,0.5010635256767273
2074054573,cal,0,0,0.4932190179824829,0.5067809820175171
29776948,cal,0,1,0.6167727708816528,0.6167727708816528
347571585,cal,0,1,0.5846850275993347,0.5846850275993347
616332235,cal,0,1,0.6029391288757324,0.6029391288757324
1558889158,cal,0,1,0.5737531781196594,0.5737531781196594
710715623,cal,1,1,0.5463132858276367,0.5463132858276367
1417192918,cal,1,1,0.5301454663276672,0.5301454663276672
939754101,cal,0,1,0.5498145818710327,0.5498145818710327
1164641254,cal,0,1,0.5245429277420044,0.5245429277420044
693575317,cal,0,0,0.48232051730155945,0.5176794528961182
911199503,cal,0,0,0.49104049801826477,0.5089595317840576
349926415,cal,1,0,0.4741509258747101,0.5258491039276123
943969410,cal,1,0,0.4859604239463806,0.5140395760536194
920888106,test,0,0,0.4925881028175354,0.5074118971824646
2128596875,test,0,0,0.4759790897369385,0.5240209102630615
127554333,test,0,0,0.49498817324638367,0.505011796951294
1471518240,test,0,0,0.46988800168037415,0.5301120281219482
390614965,cal,0,1,0.5034781098365784,0.5034781098365784
490153474,cal,0,0,0.4968789219856262,0.5031210780143738
802190853,cal,0,1,0.5145426988601685,0.5145426988601685
924533584,cal,0,0,0.24126993119716644,0.7587300539016724
1246187877,cal,0,0,0.24583742022514343,0.7541625499725342
1998227809,cal,0,0,0.2577110230922699,0.7422889471054077
100022049,cal,0,0,0.24393951892852783,0.7560604810714722
776661004,cal,0,0,0.48629114031791687,0.5137088298797607
921366354,cal,0,0,0.2343277633190155,0.7656722068786621
1126783567,cal,0,1,0.5134722590446472,0.5134722590446472
2038993283,cal,0,0,0.48438677191734314,0.5156131982803345
2069714608,cal,0,0,0.23288989067077637,0.7671101093292236
1684293788,cal,1,0,0.4879719018936157,0.5120280981063843
2103071659,cal,1,1,0.5038070678710938,0.5038070678710938
805718714,cal,0,0,0.49015265703201294,0.5098473429679871
968012634,cal,0,0,0.47968727350234985,0.5203127264976501
947382743,cal,0,1,0.6025077104568481,0.6025077104568481
1072085703,cal,0,1,0.6006202101707458,0.6006202101707458
545901570,cal,0,1,0.5885259509086609,0.5885259509086609
1576591939,cal,0,1,0.5930393934249878,0.5930393934249878
346592584,cal,0,1,0.5347359776496887,0.5347359776496887
815322288,cal,0,1,0.5094520449638367,0.5094520449638367
913554226,cal,0,1,0.5266502499580383,0.5266502499580383
1652786431,cal,0,1,0.5266335606575012,0.5266335606575012
1772580395,cal,0,1,0.5204060673713684,0.5204060673713684
222835190,cal,0,1,0.5255805850028992,0.5255805850028992
305723519,cal,0,1,0.522630512714386,0.522630512714386
346547614,cal,0,1,0.5197704434394836,0.5197704434394836
918109906,cal,0,1,0.5396451354026794,0.5396451354026794
1262426307,cal,0,1,0.5168012976646423,0.5168012976646423
2121614268,cal,0,1,0.5037417411804199,0.5037417411804199
122732887,cal,0,1,0.5887696743011475,0.5887696743011475
727994715,cal,0,1,0.5917581915855408,0.5917581915855408
1221496210,cal,0,1,0.5887705683708191,0.5887705683708191
1578133854,cal,0,1,0.5539049506187439,0.5539049506187439
53715700,cal,1,1,0.5980064272880554,0.5980064272880554
111016803,cal,1,1,0.562767744064331,0.562767744064331
1179344485,cal,1,1,0.568073570728302,0.568073570728302
2064791494,cal,1,1,0.5862045884132385,0.5862045884132385
480882746,cal,0,1,0.6141818165779114,0.6141818165779114
899723978,cal,0,1,0.6090487241744995,0.6090487241744995
225907939,cal,0,1,0.6066799163818359,0.6066799163818359
1615891373,cal,0,1,0.6072095036506653,0.6072095036506653
724765246,cal,0,1,0.5210541486740112,0.5210541486740112
1707525139,cal,0,1,0.5569280385971069,0.5569280385971069
1683363039,cal,0,1,0.5143013596534729,0.5143013596534729
1791500141,cal,0,1,0.5378668308258057,0.5378668308258057
617295530,cal,0,1,0.5000462532043457,0.5000462532043457
1671401742,cal,0,0,0.4999103844165802,0.5000896453857422
1949223053,cal,0,1,0.5021793246269226,0.5021793246269226
2059668054,cal,0,1,0.5015281438827515,0.5015281438827515
95934556,cal,0,1,0.5098065733909607,0.5098065733909607
681546408,cal,0,0,0.49711719155311584,0.5028828382492065
738936187,cal,0,0,0.49414223432540894,0.5058577656745911
995072313,cal,0,1,0.5084866881370544,0.5084866881370544
1360842400,cal,0,1,0.5344302654266357,0.5344302654266357
1906953729,cal,0,1,0.5334445238113403,0.5334445238113403
17400580,cal,0,1,0.5217267274856567,0.5217267274856567
378928624,cal,0,0,0.48898226022720337,0.5110177397727966
1281683145,cal,0,0,0.4959907829761505,0.5040092468261719
1856697966,cal,0,1,0.5177792906761169,0.5177792906761169
1956122416,cal,0,0,0.4825100898742676,0.5174899101257324
2099231071,cal,0,0,0.4824717938899994,0.5175281763076782
65062768,test,0,1,0.5008985996246338,0.5008985996246338
936188913,test,0,1,0.5018335580825806,0.5018335580825806
757972543,test,0,1,0.5013205409049988,0.5013205409049988
1519221702,test,0,1,0.5012622475624084,0.5012622475624084
691175928,test,1,1,0.6530700922012329,0.6530700922012329
744251181,test,1,1,0.6220971941947937,0.6220971941947937
1161715028,test,0,1,0.6234309673309326,0.6234309673309326
1832130859,test,0,1,0.6506353616714478,0.6506353616714478
399858816,cal,1,1,0.5131333470344543,0.5131333470344543
721197458,cal,1,0,0.49947935342788696,0.500520646572113
1670031460,cal,1,1,0.5098327994346619,0.5098327994346619
752592083,cal,0,0,0.4966815710067749,0.5033184289932251
775216627,cal,0,0,0.495218425989151,0.5047816038131714
1356974087,cal,0,1,0.5094625353813171,0.5094625353813171
648237272,cal,0,0,0.49378517270088196,0.5062148571014404
687648578,cal,0,1,0.5190357565879822,0.5190357565879822
995786985,cal,0,1,0.5036514401435852,0.5036514401435852
537209551,cal,0,1,0.5216274857521057,0.5216274857521057
1619360925,cal,0,1,0.5167683362960815,0.5167683362960815
2095193412,cal,0,1,0.5231751799583435,0.5231751799583435
1889178945,cal,0,1,0.5251721739768982,0.5251721739768982
1960898126,cal,0,0,0.495301753282547,0.5046982765197754
321500709,cal,0,1,0.5016195178031921,0.5016195178031921
433149338,cal,0,0,0.4913814067840576,0.5086185932159424
445277300,test,0,0,0.47215738892555237,0.52784264087677
1373452607,test,0,0,0.4907558858394623,0.5092440843582153
1177157773,test,0,0,0.49626538157463074,0.5037345886230469
1452324158,test,0,1,0.5018199682235718,0.5018199682235718
2062872596,test,0,0,0.48102906346321106,0.5189709663391113
1229874249,cal,0,0,0.49227532744407654,0.5077246427536011
1548841488,cal,0,0,0.4766865670681,0.5233134031295776
1614073900,cal,0,0,0.4929717183113098,0.5070282816886902
1914502890,cal,0,0,0.487240195274353,0.512759804725647
751814376,cal,0,0,0.49817800521850586,0.5018219947814941
781306082,cal,0,1,0.5171872973442078,0.5171872973442078
917127356,cal,0,0,0.48931071162223816,0.5106892585754395
1931743347,cal,0,1,0.5200408101081848,0.5200408101081848
995963881,cal,0,1,0.5467380285263062,0.5467380285263062
1077991376,cal,0,1,0.5405066013336182,0.5405066013336182
1441684954,cal,0,1,0.5012542009353638,0.5012542009353638
636992327,cal,1,1,0.5470042824745178,0.5470042824745178
2036269570,cal,1,1,0.552227258682251,0.552227258682251
498913939,cal,0,1,0.5141470432281494,0.5141470432281494
1244533608,cal,0,1,0.5066334009170532,0.5066334009170532
1576104321,cal,0,1,0.5249196290969849,0.5249196290969849
549963955,cal,0,1,0.5369964838027954,0.5369964838027954
1266483244,cal,0,0,0.4999614953994751,0.5000385046005249
1883252969,cal,0,1,0.5210237503051758,0.5210237503051758
173127812,cal,0,1,0.5069796442985535,0.5069796442985535
1688691532,cal,0,1,0.505386471748352,0.505386471748352
307322720,cal,0,0,0.48450884222984314,0.5154911279678345
1308438378,cal,0,0,0.4816514849662781,0.5183485150337219
811963734,cal,0,1,0.5408954620361328,0.5408954620361328
1345520296,cal,0,1,0.5517522692680359,0.5517522692680359
987928184,cal,1,1,0.553207278251648,0.553207278251648
1291130776,cal,1,1,0.561013400554657,0.561013400554657
291352699,cal,0,1,0.5286684036254883,0.5286684036254883
738438601,cal,0,1,0.517650306224823,0.517650306224823
307174522,cal,0,1,0.5270366668701172,0.5270366668701172
1221115875,cal,0,1,0.5175366401672363,0.5175366401672363
163402054,cal,0,0,0.4682726562023163,0.5317273139953613
1623304071,cal,0,0,0.4743603765964508,0.5256396532058716
76503942,cal,0,0,0.47651055455207825,0.5234894752502441
877890944,cal,0,0,0.4991898536682129,0.5008101463317871
519336346,cal,0,0,0.46366408467292786,0.5363359451293945
1889899384,cal,0,0,0.4949498474597931,0.5050501823425293
461314421,cal,0,0,0.4912354648113251,0.5087645053863525
860801254,cal,0,0,0.49032697081565857,0.509672999382019
561840634,cal,0,1,0.5301113724708557,0.5301113724708557
915770651,cal,0,1,0.5692355632781982,0.5692355632781982
1048582420,cal,0,1,0.5957210063934326,0.5957210063934326
1336927901,cal,0,1,0.5355340838432312,0.5355340838432312
124965120,cal,1,1,0.5139880180358887,0.5139880180358887
949053057,cal,1,1,0.5719844102859497,0.5719844102859497
1552671419,cal,1,1,0.5222162008285522,0.5222162008285522
1893058199,cal,1,1,0.5871843695640564,0.5871843695640564
1312648169,test,0,1,0.5388879776000977,0.5388879776000977
1719690627,test,0,1,0.5170652270317078,0.5170652270317078
1543484887,test,1,1,0.507705569267273,0.507705569267273
2085060748,test,1,1,0.5524634718894958,0.5524634718894958
466687631,cal,0,1,0.5614174008369446,0.5614174008369446
745796357,cal,0,1,0.5319737195968628,0.5319737195968628
1494706111,cal,0,1,0.5573360919952393,0.5573360919952393
1625542090,cal,0,1,0.5367296934127808,0.5367296934127808
267419488,cal,0,1,0.521610677242279,0.521610677242279
835388772,cal,0,1,0.5038148164749146,0.5038148164749146
1481049405,cal,0,0,0.47634461522102356,0.5236554145812988
960889337,cal,1,0,0.4705488383769989,0.5294511318206787
1013689133,cal,1,1,0.5152578949928284,0.5152578949928284
1804673444,cal,1,0,0.49870890378952026,0.5012910962104797
878503571,cal,0,0,0.49078860878944397,0.5092114210128784
992860306,cal,0,0,0.48946934938430786,0.5105306506156921
1409401831,cal,1,0,0.47172078490257263,0.528279185295105
1982155258,cal,1,0,0.4994298815727234,0.5005701184272766
454364936,cal,0,0,0.4899696707725525,0.5100303292274475
687467082,cal,0,0,0.43464699387550354,0.5653530359268188
536069945,cal,0,0,0.4686647653579712,0.5313352346420288
1163574193,cal,0,0,0.48783716559410095,0.5121628046035767
183290643,cal,0,1,0.5201029777526855,0.5201029777526855
1266397892,cal,0,1,0.528011679649353,0.528011679649353
536891964,cal,0,1,0.5289661288261414,0.5289661288261414
1137678042,cal,0,1,0.5221126675605774,0.5221126675605774
719185337,cal,1,1,0.5951575040817261,0.5951575040817261
1555808219,cal,1,1,0.5628687143325806,0.5628687143325806
592313451,cal,0,1,0.6028162837028503,0.6028162837028503
1537527660,cal,0,1,0.5700975060462952,0.5700975060462952
82410935,cal,0,1,0.5378042459487915,0.5378042459487915
1306489978,cal,0,1,0.5094619989395142,0.5094619989395142
224299760,cal,0,1,0.5326030254364014,0.5326030254364014
1917868466,cal,0,1,0.5024469494819641,0.5024469494819641
966979495,cal,0,1,0.5986505150794983,0.5986505150794983
1839265642,cal,0,1,0.5886024832725525,0.5886024832725525
83720539,cal,0,1,0.6029521822929382,0.6029521822929382
1023641646,cal,0,1,0.5961487293243408,0.5961487293243408
520403143,cal,0,0,0.49282702803611755,0.5071729421615601
1491484866,cal,0,1,0.5141022801399231,0.5141022801399231
2102825454,cal,0,1,0.5103524923324585,0.5103524923324585
88710137,cal,1,0,0.4746588170528412,0.5253411531448364
400752214,cal,1,1,0.5084235072135925,0.5084235072135925
476723525,cal,1,1,0.5085669159889221,0.5085669159889221
1878879697,cal,1,1,0.5153622031211853,0.5153622031211853
246104563,cal,0,1,0.5136389136314392,0.5136389136314392
1751839785,cal,0,1,0.5077667236328125,0.5077667236328125
463362516,cal,0,1,0.5178310871124268,0.5178310871124268
1084848108,cal,0,1,0.5037693381309509,0.5037693381309509
127635242,cal,0,1,0.5514616370201111,0.5514616370201111
966580904,cal,0,1,0.5565178990364075,0.5565178990364075
824933760,cal,0,1,0.5766803622245789,0.5766803622245789
1810223473,cal,0,1,0.5548171401023865,0.5548171401023865
611533979,test,1,1,0.5014605522155762,0.5014605522155762
1268027134,test,1,0,0.4777715504169464,0.522228479385376
657202909,test,0,0,0.4887995719909668,0.5112004280090332
1881620971,test,0,0,0.48788949847221375,0.5121104717254639
1635162744,cal,0,1,0.6032353043556213,0.6032353043556213
1645277711,cal,0,1,0.577216386795044,0.577216386795044
874455571,cal,0,1,0.597960352897644,0.597960352897644
1636508932,cal,0,1,0.589865505695343,0.589865505695343
1260585256,cal,0,0,0.4942951500415802,0.5057048797607422
1899304400,cal,0,0,0.4545430839061737,0.5454568862915039
717012531,cal,0,0,0.48840978741645813,0.5115902423858643
1827301413,cal,0,0,0.4525923728942871,0.5474076271057129
301451873,cal,0,0,0.45824307203292847,0.5417569279670715
811663419,cal,0,0,0.4693554639816284,0.5306445360183716
247571470,cal,0,0,0.46715670824050903,0.532843291759491
1895835609,cal,0,0,0.4785287380218506,0.5214712619781494
86440572,test,0,0,0.4589199721813202,0.5410799980163574
511077561,test,0,1,0.504691481590271,0.504691481590271
646832772,test,0,0,0.45685744285583496,0.543142557144165
1865776330,test,0,1,0.5071821212768555,0.5071821212768555
840094598,test,0,1,0.5289249420166016,0.5289249420166016
1210060943,test,0,1,0.5321784019470215,0.5321784019470215
403516967,test,0,1,0.5573552846908569,0.5573552846908569
1303579948,test,0,1,0.5200633406639099,0.5200633406639099
1077348397,test,0,1,0.5210006833076477,0.5210006833076477
1764957001,test,0,1,0.5087014436721802,0.5087014436721802
810106176,test,0,1,0.5290821194648743,0.5290821194648743
999207948,test,0,1,0.5106911659240723,0.5106911659240723
1802995090,cal,0,1,0.5877977609634399,0.5877977609634399
2010577904,cal,0,1,0.5840038657188416,0.5840038657188416
983596828,cal,0,1,0.5811085104942322,0.5811085104942322
1939183330,cal,0,1,0.5818825364112854,0.5818825364112854
904066775,cal,0,0,0.47243696451187134,0.5275630354881287
1043344718,cal,0,0,0.4478755593299866,0.5521244406700134
359025239,cal,0,0,0.4614581763744354,0.5385417938232422
1353407115,cal,0,1,0.514262318611145,0.514262318611145
898413753,test,1,0,0.29502949118614197,0.7049704790115356
1579500268,test,1,0,0.3158043324947357,0.6841956377029419
1589781600,test,0,0,0.2767152190208435,0.7232847809791565
1773905106,test,0,0,0.27558207511901855,0.7244179248809814
510274515,test,0,1,0.5088613033294678,0.5088613033294678
1434039658,test,0,1,0.527798056602478,0.527798056602478
140553751,test,0,1,0.5029482841491699,0.5029482841491699
1691544007,test,0,1,0.5228944420814514,0.5228944420814514
168282797,test,1,1,0.5636764168739319,0.5636764168739319
236907246,test,1,1,0.5929951667785645,0.5929951667785645
562266253,test,1,1,0.5799299478530884,0.5799299478530884
1650577718,test,1,1,0.55741286277771,0.55741286277771
1934143942,test,1,1,0.5930308103561401,0.5930308103561401
360024949,test,0,1,0.5955027341842651,0.5955027341842651
1729225013,test,0,1,0.5829827189445496,0.5829827189445496
1873036918,test,0,1,0.5963864922523499,0.5963864922523499
2122327268,test,0,1,0.5812228322029114,0.5812228322029114
735779087,cal,0,1,0.5081721544265747,0.5081721544265747
1760427397,cal,0,0,0.49354079365730286,0.5064592361450195
494789465,cal,0,0,0.4931237995624542,0.5068762302398682
1764104422,cal,0,1,0.5005311369895935,0.5005311369895935
106693537,test,0,1,0.5270960330963135,0.5270960330963135
391487946,test,0,1,0.5291889309883118,0.5291889309883118
971927188,test,0,1,0.5318207144737244,0.5318207144737244
1939855848,test,0,1,0.5215834975242615,0.5215834975242615
317002533,test,0,0,0.49106717109680176,0.5089328289031982
1811826904,test,0,0,0.46936890482902527,0.5306310653686523
10241857,test,0,0,0.45962366461753845,0.5403763055801392
1644570263,test,0,0,0.48029038310050964,0.519709587097168
312067845,cal,0,1,0.529173731803894,0.529173731803894
1287196502,cal,0,1,0.5491987466812134,0.5491987466812134
118903240,cal,0,1,0.5224692225456238,0.5224692225456238
1713941648,cal,0,1,0.5270755290985107,0.5270755290985107
1384504060,cal,0,0,0.4453258216381073,0.5546741485595703
1851827496,cal,0,1,0.5025162100791931,0.5025162100791931
1151489814,cal,0,0,0.4525879919528961,0.5474120378494263
1834326709,cal,0,0,0.4778929054737091,0.5221071243286133
753960319,cal,0,1,0.5335706472396851,0.5335706472396851
756273370,cal,0,1,0.5502966642379761,0.5502966642379761
397441727,cal,0,1,0.5259376168251038,0.5259376168251038
1657608072,cal,0,1,0.5456856489181519,0.5456856489181519
267469497,cal,0,0,0.4750896692276001,0.5249103307723999
1449371002,cal,0,0,0.47820451855659485,0.5217955112457275
634517411,cal,0,1,0.5023797750473022,0.5023797750473022
743966568,cal,0,0,0.49324801564216614,0.5067520141601562
542621403,cal,0,0,0.45883655548095703,0.541163444519043
1053891186,cal,0,0,0.4605681598186493,0.5394318103790283
1440151392,cal,1,0,0.46654656529426575,0.5334534645080566
1595139435,cal,1,0,0.46336448192596436,0.5366355180740356
381617475,cal,0,1,0.5678089261054993,0.5678089261054993
764608668,cal,0,1,0.5724481344223022,0.5724481344223022
1440633005,cal,0,1,0.5961437821388245,0.5961437821388245
1891265957,cal,0,1,0.5822432041168213,0.5822432041168213
2009929186,cal,0,1,0.5746676921844482,0.5746676921844482
318040786,cal,1,0,0.48484566807746887,0.5151543617248535
2101275463,cal,1,0,0.45621517300605774,0.5437848567962646
484146436,cal,0,0,0.47930267453193665,0.5206973552703857
990594127,cal,0,0,0.46650195121765137,0.5334980487823486
416158590,cal,0,1,0.5341036319732666,0.5341036319732666
865979894,cal,0,1,0.5322354435920715,0.5322354435920715
520326097,cal,0,1,0.5254611372947693,0.5254611372947693
678822557,cal,0,1,0.5415089726448059,0.5415089726448059
1035366591,cal,0,1,0.5331649780273438,0.5331649780273438
946112234,test,0,1,0.5662120580673218,0.5662120580673218
1687098007,test,0,1,0.5620354413986206,0.5620354413986206
152489749,test,1,1,0.5462542772293091,0.5462542772293091
1670028765,test,1,1,0.5360589623451233,0.5360589623451233
1122901247,cal,0,1,0.5263738632202148,0.5263738632202148
1660522690,cal,0,0,0.48872461915016174,0.5112754106521606
1205335772,cal,0,0,0.49349188804626465,0.5065081119537354
1805719889,cal,0,1,0.5181931257247925,0.5181931257247925
1353719942,cal,1,1,0.5130741000175476,0.5130741000175476
2038886211,cal,1,1,0.5168062448501587,0.5168062448501587
288005635,cal,1,1,0.5042738318443298,0.5042738318443298
451460958,cal,1,1,0.5102447271347046,0.5102447271347046
451319954,cal,0,0,0.4950283467769623,0.5049716234207153
1662691198,cal,0,1,0.5103366374969482,0.5103366374969482
216425125,cal,0,0,0.4396492540836334,0.560350775718689
352289466,cal,0,1,0.5230892300605774,0.5230892300605774
444126656,cal,0,1,0.5884978175163269,0.5884978175163269
1621079645,cal,0,1,0.5879824757575989,0.5879824757575989
644181846,cal,0,1,0.5829153060913086,0.5829153060913086
1000268763,cal,0,1,0.5834725499153137,0.5834725499153137
887231928,cal,0,1,0.6044497489929199,0.6044497489929199
1151546187,cal,0,1,0.5887014865875244,0.5887014865875244
623916336,cal,0,1,0.6129944920539856,0.6129944920539856
1606776730,cal,0,1,0.5753756761550903,0.5753756761550903
191973146,test,0,0,0.23361478745937347,0.7663851976394653
300167648,test,0,0,0.2108759880065918,0.7891240119934082
493992791,test,0,0,0.42382872104644775,0.5761712789535522
624651677,test,0,0,0.21227429807186127,0.7877256870269775
1151334492,test,0,0,0.21741516888141632,0.7825848460197449
1800930670,test,0,0,0.49415773153305054,0.5058422684669495
1845254356,test,0,0,0.20685787498950958,0.7931421399116516
894812318,test,0,0,0.4864632785320282,0.5135366916656494
1341469282,test,0,0,0.22584952414035797,0.7741504907608032
1371729737,test,0,0,0.21866366267204285,0.7813363075256348
1527312265,test,0,0,0.40099409222602844,0.599005937576294
1666694097,test,0,0,0.20858347415924072,0.7914165258407593
811880360,test,0,1,0.5863562226295471,0.5863562226295471
1117129245,test,0,1,0.5722417831420898,0.5722417831420898
222215502,test,0,1,0.5976056456565857,0.5976056456565857
938134441,test,0,1,0.5624963045120239,0.5624963045120239
924253540,cal,0,0,0.49932560324668884,0.5006743669509888
1394321702,cal,0,0,0.4939955770969391,0.5060044527053833
658499673,cal,1,0,0.42214784026145935,0.5778521299362183
1202566935,cal,1,0,0.43519705533981323,0.5648029446601868
656562167,cal,0,1,0.5479118227958679,0.5479118227958679
1886884214,cal,0,1,0.5060436725616455,0.5060436725616455
2128022045,cal,0,1,0.5106595754623413,0.5106595754623413
534424516,cal,0,1,0.5383330583572388,0.5383330583572388
639363121,cal,0,1,0.5110527276992798,0.5110527276992798
1996747001,cal,0,1,0.5339718461036682,0.5339718461036682
6645208,cal,0,0,0.4873162806034088,0.5126837491989136
328432000,cal,0,0,0.48899537324905396,0.511004626750946
1359985570,cal,0,0,0.48543763160705566,0.5145623683929443
2062708102,cal,0,1,0.5102241635322571,0.5102241635322571
517183711,cal,0,1,0.6168019771575928,0.6168019771575928
866280834,cal,0,1,0.6087761521339417,0.6087761521339417
1771716648,cal,0,1,0.617152214050293,0.617152214050293
625307993,cal,0,1,0.5978636145591736,0.5978636145591736
868643145,cal,0,1,0.615319013595581,0.615319013595581
1308416367,cal,0,1,0.6155067086219788,0.6155067086219788
227398217,cal,0,1,0.5793606638908386,0.5793606638908386
1071510217,cal,0,1,0.5777832269668579,0.5777832269668579
1651361506,cal,0,1,0.5721867084503174,0.5721867084503174
192415761,cal,1,1,0.5877886414527893,0.5877886414527893
295341643,cal,1,1,0.5898077487945557,0.5898077487945557
914306111,cal,1,1,0.5918850302696228,0.5918850302696228
737022947,test,0,1,0.5013207197189331,0.5013207197189331
1272497552,test,0,1,0.5122365355491638,0.5122365355491638
1283525723,test,0,1,0.5018362402915955,0.5018362402915955
1366021533,test,0,1,0.5045382380485535,0.5045382380485535
349959508,test,0,0,0.4891226589679718,0.5108773708343506
808535627,test,0,0,0.48384392261505127,0.5161560773849487
1031758847,test,0,1,0.5091474652290344,0.5091474652290344
658561018,cal,0,0,0.4688871204853058,0.5311129093170166
1828739281,cal,0,1,0.5170543193817139,0.5170543193817139
568161399,cal,1,0,0.49014589190483093,0.5098540782928467
2012134319,cal,1,0,0.49498969316482544,0.5050103068351746
179963050,cal,1,1,0.5009037852287292,0.5009037852287292
768121306,cal,1,1,0.5313252806663513,0.5313252806663513
169899804,cal,0,1,0.5010831952095032,0.5010831952095032
1368966320,cal,0,0,0.4854838252067566,0.5145161747932434
2019758722,cal,0,0,0.46574363112449646,0.5342563390731812
123132738,test,0,1,0.5020297765731812,0.5020297765731812
309853283,test,0,1,0.5068230628967285,0.5068230628967285
1251232554,test,0,0,0.47827887535095215,0.5217211246490479
1952906824,test,0,0,0.47428473830223083,0.5257152318954468
335980543,cal,0,1,0.5153124332427979,0.5153124332427979
1473529363,cal,0,1,0.5059929490089417,0.5059929490089417
236507304,cal,1,1,0.5316154956817627,0.5316154956817627
1594381527,cal,1,1,0.5036091208457947,0.5036091208457947
1709631362,cal,1,1,0.519582986831665,0.519582986831665
52215385,cal,0,1,0.5514223575592041,0.5514223575592041
1052642047,cal,0,1,0.5743232369422913,0.5743232369422913
1439962449,cal,0,1,0.5428611636161804,0.5428611636161804
756218093,cal,0,1,0.5401831865310669,0.5401831865310669
769799881,cal,0,1,0.5919844508171082,0.5919844508171082
1216203659,cal,0,1,0.5693208575248718,0.5693208575248718
1973964276,cal,0,1,0.6286266446113586,0.6286266446113586
1999736519,cal,0,1,0.6133105754852295,0.6133105754852295
810457461,cal,0,1,0.6072871685028076,0.6072871685028076
2016437426,cal,0,1,0.6197420358657837,0.6197420358657837
1798055568,cal,0,0,0.47658732533454895,0.5234127044677734
1909351614,cal,0,0,0.49560704827308655,0.5043929815292358
1420313203,cal,0,0,0.4886331558227539,0.5113668441772461
1578492275,cal,0,0,0.48890769481658936,0.5110923051834106
654849054,test,0,1,0.505678117275238,0.505678117275238
1808383495,test,0,1,0.5098379850387573,0.5098379850387573
1580286990,test,0,1,0.5160053968429565,0.5160053968429565
1634976140,test,0,1,0.5090476274490356,0.5090476274490356
1043645125,cal,0,1,0.5842248797416687,0.5842248797416687
1663816179,cal,0,1,0.5863280892372131,0.5863280892372131
669777713,cal,0,1,0.5844905972480774,0.5844905972480774
820241453,cal,0,1,0.5841304659843445,0.5841304659843445
736214843,cal,0,1,0.591970682144165,0.591970682144165
1104374505,cal,0,1,0.5529339909553528,0.5529339909553528
491983842,cal,0,1,0.5974221229553223,0.5974221229553223
2103397352,cal,0,1,0.5603598952293396,0.5603598952293396
926101650,test,0,1,0.6027011275291443,0.6027011275291443
1044871990,test,0,1,0.5832980871200562,0.5832980871200562
2139308217,test,0,1,0.5880017280578613,0.5880017280578613
824185829,test,1,1,0.6025578379631042,0.6025578379631042
1832784685,test,1,1,0.595243513584137,0.595243513584137
217693305,cal,0,0,0.49604225158691406,0.5039577484130859
613910921,cal,0,1,0.5594789385795593,0.5594789385795593
1461766409,cal,0,1,0.5454065799713135,0.5454065799713135
1780915358,cal,0,1,0.5289000868797302,0.5289000868797302
297814407,cal,0,1,0.5775979161262512,0.5775979161262512
590839970,cal,0,1,0.5272016525268555,0.5272016525268555
842964845,cal,0,0,0.49369436502456665,0.5063056349754333
2109389564,cal,0,1,0.5416014194488525,0.5416014194488525
918531711,test,0,0,0.4906212091445923,0.5093787908554077
2006464395,test,0,0,0.4944456219673157,0.5055543780326843
536511312,test,0,1,0.5259825587272644,0.5259825587272644
1032568612,test,0,0,0.492236465215683,0.5077635049819946
1934586090,test,0,0,0.49082106351852417,0.5091789364814758
229489132,test,0,0,0.4289209246635437,0.5710790753364563
758955460,test,0,1,0.5027631521224976,0.5027631521224976
1373895939,test,0,1,0.5087000727653503,0.5087000727653503
1513048316,test,0,0,0.4572144150733948,0.5427855849266052
571786411,test,1,0,0.4553023874759674,0.544697642326355
771501722,test,1,1,0.5111985206604004,0.5111985206604004
1590936858,test,1,1,0.5137028694152832,0.5137028694152832
1938845520,test,1,1,0.5045249462127686,0.5045249462127686
2117514003,test,1,0,0.45729386806488037,0.5427061319351196
196417033,test,0,1,0.5111414194107056,0.5111414194107056
1551992551,test,0,1,0.5274626612663269,0.5274626612663269
563634941,test,0,0,0.4833574593067169,0.5166425704956055
1680608323,test,0,1,0.5088678598403931,0.5088678598403931
2084229602,test,0,1,0.5209426283836365,0.5209426283836365
1652815751,cal,0,1,0.5261293649673462,0.5261293649673462
2007958395,cal,0,1,0.5216416716575623,0.5216416716575623
475417206,cal,0,1,0.5315765738487244,0.5315765738487244
1787850400,cal,0,1,0.5272247791290283,0.5272247791290283
356802725,cal,0,0,0.46843111515045166,0.5315688848495483
421709323,cal,0,1,0.5086737275123596,0.5086737275123596
975757612,cal,0,0,0.49314525723457336,0.506854772567749
1653696624,cal,0,1,0.5130721926689148,0.5130721926689148
1691979419,cal,0,1,0.5324322581291199,0.5324322581291199
76478386,cal,0,1,0.5905439853668213,0.5905439853668213
853598581,cal,0,1,0.5905816555023193,0.5905816555023193
1177849922,cal,0,1,0.5962520241737366,0.5962520241737366
176844654,cal,0,1,0.6023118495941162,0.6023118495941162
522172629,cal,0,1,0.5623889565467834,0.5623889565467834
1109777519,cal,0,1,0.602584719657898,0.602584719657898
977504345,cal,0,1,0.5949862599372864,0.5949862599372864
1716417142,cal,0,1,0.6180018782615662,0.6180018782615662
32592870,cal,0,1,0.5948154330253601,0.5948154330253601
943528664,cal,0,1,0.6070810556411743,0.6070810556411743
29615486,cal,1,0,0.4758249819278717,0.5241750478744507
1363413371,cal,1,1,0.5001369714736938,0.5001369714736938
784633580,cal,0,1,0.5021846890449524,0.5021846890449524
1542093598,cal,0,0,0.4972355365753174,0.5027644634246826
181240134,test,0,1,0.534807026386261,0.534807026386261
1818126400,test,0,1,0.5111701488494873,0.5111701488494873
213796576,test,0,1,0.5052551031112671,0.5052551031112671
254804085,test,0,1,0.5258046984672546,0.5258046984672546
378919570,test,1,1,0.5627309083938599,0.5627309083938599
1259589932,test,1,1,0.5480009317398071,0.5480009317398071
173743477,test,0,1,0.5662749409675598,0.5662749409675598
1406643237,test,0,1,0.5481014251708984,0.5481014251708984
1382883345,cal,0,1,0.5418167114257812,0.5418167114257812
1482344826,cal,0,1,0.5694360136985779,0.5694360136985779
1356169998,cal,0,1,0.5540064573287964,0.5540064573287964
1732220544,cal,0,1,0.5498608350753784,0.5498608350753784
1787905828,test,0,0,0.4650348722934723,0.5349651575088501
2027101397,test,0,0,0.4797590374946594,0.5202409625053406
640572029,test,0,0,0.4833146929740906,0.5166853070259094
1597603728,test,0,0,0.4878423810005188,0.5121576189994812
1067772185,cal,0,1,0.5817909240722656,0.5817909240722656
1417334739,cal,0,1,0.5866687297821045,0.5866687297821045
592583896,cal,1,1,0.542725145816803,0.542725145816803
744299051,cal,1,1,0.5825833082199097,0.5825833082199097
419872989,cal,1,1,0.5220845341682434,0.5220845341682434
619067762,cal,1,1,0.6007512211799622,0.6007512211799622
1937566536,cal,1,1,0.5292358994483948,0.5292358994483948
1989162372,cal,1,1,0.5786746144294739,0.5786746144294739
80394543,cal,0,1,0.5375054478645325,0.5375054478645325
643852361,cal,0,1,0.5932561159133911,0.5932561159133911
1158361848,cal,0,1,0.5294175148010254,0.5294175148010254
1542349961,cal,0,1,0.5905572175979614,0.5905572175979614
218333462,cal,0,1,0.5854213833808899,0.5854213833808899
1075520240,cal,0,1,0.5835994482040405,0.5835994482040405
90145101,cal,0,1,0.5870106816291809,0.5870106816291809
1492379059,cal,0,1,0.5855939388275146,0.5855939388275146
517865221,cal,0,1,0.5840877294540405,0.5840877294540405
734827335,cal,0,1,0.599939227104187,0.599939227104187
2140958581,cal,0,1,0.6104692220687866,0.6104692220687866
1476780261,cal,1,1,0.6008167862892151,0.6008167862892151
1958745012,cal,1,1,0.5833998918533325,0.5833998918533325
50827581,cal,0,0,0.4450209140777588,0.5549790859222412
924687098,cal,0,0,0.4766438603401184,0.5233561396598816
737538181,cal,0,0,0.4764482080936432,0.5235518217086792
978703288,cal,0,0,0.4453221559524536,0.5546778440475464
964933814,test,0,1,0.530680239200592,0.530680239200592
1792239827,test,0,0,0.4734470248222351,0.5265529751777649
29624045,test,0,1,0.5028800964355469,0.5028800964355469
1769632666,test,0,1,0.5333566069602966,0.5333566069602966
24488289,cal,0,0,0.4761446714401245,0.5238553285598755
213490211,cal,0,0,0.4883873164653778,0.5116126537322998
89419400,cal,0,0,0.4678107798099518,0.5321892499923706
379405604,cal,0,0,0.48065581917762756,0.5193442106246948
604390440,cal,0,0,0.47404181957244873,0.5259581804275513
1663203017,cal,0,1,0.5994611978530884,0.5994611978530884
1741720639,cal,0,1,0.5781057476997375,0.5781057476997375
2066297229,cal,0,1,0.5862733721733093,0.5862733721733093
704012074,cal,0,1,0.5774720907211304,0.5774720907211304
997948242,cal,0,1,0.5871776938438416,0.5871776938438416
1548307932,cal,0,1,0.5809999704360962,0.5809999704360962
557376738,cal,1,1,0.5620217323303223,0.5620217323303223
1727690160,cal,1,1,0.5813134908676147,0.5813134908676147
1079472287,cal,1,1,0.5941901206970215,0.5941901206970215
1273637931,cal,1,1,0.5691017508506775,0.5691017508506775
8492762,test,0,1,0.6108062863349915,0.6108062863349915
682602673,test,0,1,0.5940870046615601,0.5940870046615601
741144898,test,0,1,0.5753340125083923,0.5753340125083923
891948574,test,0,1,0.5972596406936646,0.5972596406936646
627690153,cal,0,1,0.5465476512908936,0.5465476512908936
914766396,cal,0,1,0.506320059299469,0.506320059299469
1613344301,cal,0,1,0.525330126285553,0.525330126285553
804941903,cal,0,1,0.547002911567688,0.547002911567688
820505318,cal,0,1,0.5221536159515381,0.5221536159515381
871528943,cal,0,1,0.5239812135696411,0.5239812135696411
1392019691,cal,0,1,0.5317065715789795,0.5317065715789795
1564350780,cal,0,1,0.5296894907951355,0.5296894907951355
166586882,test,0,1,0.5648230910301208,0.5648230910301208
781524556,test,0,1,0.5478085875511169,0.5478085875511169
2017924690,test,0,1,0.5393109917640686,0.5393109917640686
13617842,test,0,1,0.5547091960906982,0.5547091960906982
566928744,test,0,1,0.5706203579902649,0.5706203579902649
381389823,test,0,0,0.4785690903663635,0.5214309096336365
1450740505,test,0,0,0.48430460691452026,0.5156953930854797
581940083,test,0,0,0.4847278892993927,0.5152721405029297
866798262,test,0,0,0.47358256578445435,0.5264174342155457
1201092065,cal,0,1,0.530268132686615,0.530268132686615
1984076434,cal,0,1,0.5418782234191895,0.5418782234191895
188395592,cal,1,1,0.5373966097831726,0.5373966097831726
364372906,cal,1,1,0.5196576118469238,0.5196576118469238
392070,cal,0,0,0.4881880283355713,0.5118119716644287
1343576322,cal,0,0,0.4594021439552307,0.5405978560447693
596130663,cal,0,0,0.4917844235897064,0.5082155466079712
1642437121,cal,0,0,0.4940105378627777,0.5059894323348999
264654943,cal,0,1,0.5762249827384949,0.5762249827384949
1251012849,cal,0,1,0.5365517139434814,0.5365517139434814
409065997,cal,0,1,0.5624043345451355,0.5624043345451355
1425113064,cal,0,1,0.5833759903907776,0.5833759903907776
1067814578,cal,0,1,0.5099426507949829,0.5099426507949829
2114271127,cal,0,0,0.48868030309677124,0.5113196969032288
171926709,cal,0,1,0.5093308091163635,0.5093308091163635
1343504247,cal,0,0,0.48390302062034607,0.5160969495773315
506782353,cal,0,1,0.5450775027275085,0.5450775027275085
1420005483,cal,0,1,0.5716735124588013,0.5716735124588013
1911540432,cal,0,1,0.5491769313812256,0.5491769313812256
2082627699,cal,0,1,0.5754302740097046,0.5754302740097046
1737826216,test,0,0,0.4592452049255371,0.5407547950744629
1828582573,test,0,0,0.4814285933971405,0.5185713768005371
379356123,test,0,0,0.4581671357154846,0.5418328642845154
678820398,test,0,0,0.45723584294319153,0.5427641868591309
67496037,test,0,1,0.5113900303840637,0.5113900303840637
348030774,test,0,1,0.5066705942153931,0.5066705942153931
372701702,test,0,1,0.5045307874679565,0.5045307874679565
2088655834,test,0,1,0.5380944609642029,0.5380944609642029
339934947,test,0,0,0.4864688217639923,0.5135312080383301
1104994408,test,0,1,0.5207594037055969,0.5207594037055969
1440736542,test,0,1,0.5145399570465088,0.5145399570465088
33360988,test,1,1,0.5110062956809998,0.5110062956809998
1403111589,test,1,1,0.5445617437362671,0.5445617437362671
218122515,test,0,1,0.5466057658195496,0.5466057658195496
1066350748,test,0,0,0.49108973145484924,0.5089102983474731
905023680,test,0,1,0.5775544047355652,0.5775544047355652
1301698665,test,0,1,0.603390097618103,0.603390097618103
1284465269,test,0,1,0.6004481315612793,0.6004481315612793
1750686226,test,0,1,0.5868900418281555,0.5868900418281555
27239529,test,0,1,0.567851185798645,0.567851185798645
158189326,test,0,1,0.5292881727218628,0.5292881727218628
1734470216,test,0,1,0.5577973127365112,0.5577973127365112
2082227290,test,0,1,0.5348393321037292,0.5348393321037292
2085740004,test,0,1,0.5359857082366943,0.5359857082366943
146580689,test,0,1,0.5571951270103455,0.5571951270103455
290289537,test,0,0,0.4944761097431183,0.5055239200592041
655590854,test,0,1,0.5672065019607544,0.5672065019607544
1992007340,test,0,1,0.55451500415802,0.55451500415802
1085220541,cal,0,0,0.49079424142837524,0.5092057585716248
2102579371,cal,0,0,0.4966358244419098,0.5033642053604126
519668243,cal,0,0,0.4971369802951813,0.5028630495071411
1335700402,cal,0,0,0.49522748589515686,0.5047725439071655
979234200,cal,0,1,0.614799439907074,0.614799439907074
1254665194,cal,0,1,0.5917913317680359,0.5917913317680359
994443548,cal,0,1,0.5965220332145691,0.5965220332145691
2005117804,cal,0,1,0.6084891557693481,0.6084891557693481
204033744,cal,0,1,0.5672702193260193,0.5672702193260193
1177428223,cal,0,1,0.5666236281394958,0.5666236281394958
1549633485,cal,0,1,0.5646769404411316,0.5646769404411316
1667712540,cal,0,1,0.5564225316047668,0.5564225316047668
59550186,test,0,1,0.529685914516449,0.529685914516449
879741629,test,0,1,0.5189603567123413,0.5189603567123413
726777343,test,0,1,0.5415385961532593,0.5415385961532593
1797671098,test,0,1,0.5242626667022705,0.5242626667022705
1894503705,test,0,1,0.6174115538597107,0.6174115538597107
2086996141,test,0,1,0.6097389459609985,0.6097389459609985
331637040,test,0,1,0.599622368812561,0.599622368812561
564652979,test,0,1,0.6084002256393433,0.6084002256393433
1687032392,test,0,1,0.610441267490387,0.610441267490387
462779595,cal,0,1,0.5479819178581238,0.5479819178581238
1433083031,cal,0,0,0.48384130001068115,0.5161586999893188
88349755,cal,1,1,0.519782543182373,0.519782543182373
2120863613,cal,1,0,0.4906555116176605,0.5093444585800171
1874431442,test,0,1,0.5746350288391113,0.5746350288391113
2003827541,test,0,1,0.594802737236023,0.594802737236023
351967402,test,0,1,0.5999698638916016,0.5999698638916016
492387472,test,0,1,0.6095399856567383,0.6095399856567383
875410151,cal,0,1,0.5864920616149902,0.5864920616149902
877606663,cal,0,1,0.5831021070480347,0.5831021070480347
92831455,cal,0,1,0.5910186767578125,0.5910186767578125
348394819,cal,0,1,0.5619745254516602,0.5619745254516602
618135060,cal,0,1,0.5072028636932373,0.5072028636932373
798530688,cal,0,1,0.5057876706123352,0.5057876706123352
155484222,cal,0,0,0.4870190918445587,0.5129809379577637
431822660,cal,0,1,0.5304344892501831,0.5304344892501831
1214081517,cal,0,0,0.49569353461265564,0.504306435585022
734412886,cal,1,1,0.6192939877510071,0.6192939877510071
1498922524,cal,1,1,0.6024575233459473,0.6024575233459473
1559911596,cal,1,1,0.6036496162414551,0.6036496162414551
744810247,cal,1,1,0.6009054183959961,0.6009054183959961
746671778,cal,1,1,0.6137620806694031,0.6137620806694031
1289981492,cal,1,1,0.6109185218811035,0.6109185218811035
186041126,cal,0,1,0.5656964182853699,0.5656964182853699
617261350,cal,0,1,0.5744463801383972,0.5744463801383972
1370748322,cal,0,1,0.5664982795715332,0.5664982795715332
1552593728,cal,0,1,0.571363627910614,0.571363627910614
1183868701,test,0,0,0.46723541617393494,0.5327645540237427
1613684792,test,0,0,0.4840872287750244,0.5159127712249756
617426465,test,0,0,0.4778524935245514,0.522147536277771
982359489,test,0,0,0.48374563455581665,0.5162543654441833
367046021,cal,0,1,0.5300971865653992,0.5300971865653992
1716262710,cal,0,0,0.4952738583087921,0.5047261714935303
1809323048,cal,0,1,0.5342199206352234,0.5342199206352234
2033054441,cal,0,1,0.5138058662414551,0.5138058662414551
813775627,cal,0,1,0.5480986833572388,0.5480986833572388
1494759482,cal,0,1,0.5015243887901306,0.5015243887901306
1111144246,cal,0,1,0.5339932441711426,0.5339932441711426
2089320821,cal,0,1,0.5014566779136658,0.5014566779136658
928587335,cal,0,1,0.5168569684028625,0.5168569684028625
1908436680,cal,0,1,0.5445190668106079,0.5445190668106079
1110300867,cal,0,0,0.48588576912879944,0.514114260673523
1117566323,cal,0,0,0.49693673849105835,0.5030632615089417
2031372552,cal,0,1,0.5384678244590759,0.5384678244590759
713310717,test,1,1,0.546518087387085,0.546518087387085
1476216224,test,1,1,0.5504961013793945,0.5504961013793945
393099799,test,0,1,0.5469673871994019,0.5469673871994019
1941982085,test,0,1,0.553106427192688,0.553106427192688
1073133672,test,1,0,0.4970594644546509,0.5029405355453491
1231059707,test,1,0,0.480178564786911,0.5198214054107666
1881727069,test,1,0,0.49581462144851685,0.5041853785514832
1957710235,test,1,1,0.5048639178276062,0.5048639178276062
111957592,test,0,0,0.47991836071014404,0.520081639289856
2064909108,test,0,1,0.5070275068283081,0.5070275068283081
201872073,cal,0,0,0.498574823141098,0.5014251470565796
1882525302,cal,0,0,0.4963037371635437,0.5036962628364563
528483496,cal,0,0,0.4868287742137909,0.5131711959838867
1099646536,cal,0,1,0.5010221004486084,0.5010221004486084
664815839,cal,0,1,0.5004083514213562,0.5004083514213562
1825319984,cal,0,1,0.5127927660942078,0.5127927660942078
947373951,cal,0,1,0.5114297866821289,0.5114297866821289
1648290654,cal,0,1,0.5097314119338989,0.5097314119338989
1500501689,cal,0,1,0.5788952708244324,0.5788952708244324
1647258776,cal,0,1,0.5776107907295227,0.5776107907295227
104362628,cal,0,1,0.5608747005462646,0.5608747005462646
126158948,cal,0,1,0.5535770654678345,0.5535770654678345
357571047,cal,0,1,0.5071361064910889,0.5071361064910889
705164251,cal,0,0,0.48040780425071716,0.5195921659469604
365755634,cal,0,0,0.47900447249412537,0.5209954977035522
542542148,cal,0,0,0.48976781964302063,0.5102322101593018
584139017,cal,0,0,0.4753446578979492,0.5246553421020508
2084114409,cal,0,0,0.49937206506729126,0.5006279349327087
1165038589,cal,1,0,0.48790833353996277,0.5120916366577148
1180517974,cal,1,0,0.4577632546424866,0.5422367453575134
1003971672,test,1,1,0.6321138143539429,0.6321138143539429
2094234844,test,1,1,0.6215205192565918,0.6215205192565918
302099222,test,0,1,0.6277786493301392,0.6277786493301392
1511273042,test,0,1,0.6113929152488708,0.6113929152488708
342681398,cal,0,1,0.5109390020370483,0.5109390020370483
389762847,cal,0,0,0.4699128568172455,0.5300871133804321
188365959,cal,0,1,0.5126976370811462,0.5126976370811462
1252018549,cal,0,0,0.45668676495552063,0.5433132648468018
487890328,test,0,0,0.47932833433151245,0.5206716656684875
2095534993,test,0,0,0.49072590470314026,0.5092741250991821
13141452,test,0,0,0.4846765995025635,0.5153234004974365
849939516,test,0,0,0.4627209007740021,0.5372791290283203
3739134,cal,0,1,0.5610189437866211,0.5610189437866211
176730321,cal,0,1,0.552985668182373,0.552985668182373
312871412,cal,0,1,0.5689237713813782,0.5689237713813782
818016715,cal,0,1,0.579021155834198,0.579021155834198
46952334,cal,0,1,0.5795709490776062,0.5795709490776062
482356104,cal,0,1,0.5480659008026123,0.5480659008026123
986864165,cal,0,1,0.5561447143554688,0.5561447143554688
2108330259,cal,0,1,0.5793259143829346,0.5793259143829346
601039966,cal,1,1,0.57594895362854,0.57594895362854
1843772797,cal,1,1,0.5730299949645996,0.5730299949645996
1864610382,cal,1,1,0.5622910857200623,0.5622910857200623
1906006394,cal,1,1,0.5698270797729492,0.5698270797729492
43125632,cal,0,1,0.5740258097648621,0.5740258097648621
685491600,cal,0,1,0.5749759674072266,0.5749759674072266
1338072637,cal,0,1,0.5692979097366333,0.5692979097366333
1688592460,cal,0,1,0.5501736402511597,0.5501736402511597
495508971,test,0,1,0.5595014691352844,0.5595014691352844
2018806419,test,0,1,0.5493475198745728,0.5493475198745728
1169992809,test,0,1,0.5501635074615479,0.5501635074615479
2082360330,test,0,1,0.5669236779212952,0.5669236779212952
598973621,cal,0,1,0.5470680594444275,0.5470680594444275
660603973,cal,0,1,0.5286856889724731,0.5286856889724731
727784450,cal,1,1,0.5334311723709106,0.5334311723709106
900539670,cal,1,1,0.5396004915237427,0.5396004915237427
1959460979,cal,1,1,0.5607779026031494,0.5607779026031494
1969595520,cal,1,1,0.5755142569541931,0.5755142569541931
370592841,cal,0,1,0.5691595673561096,0.5691595673561096
1454731216,cal,0,1,0.5727080702781677,0.5727080702781677
1521669565,test,0,1,0.5215311646461487,0.5215311646461487
1735530540,test,0,1,0.5097314715385437,0.5097314715385437
2037658511,test,1,1,0.5175851583480835,0.5175851583480835
2054136898,test,1,1,0.5169105529785156,0.5169105529785156
642218257,cal,0,1,0.6117630004882812,0.6117630004882812
1025290280,cal,0,1,0.5911374092102051,0.5911374092102051
270758026,cal,0,1,0.5926755666732788,0.5926755666732788
1746137441,cal,0,1,0.6054120063781738,0.6054120063781738
532094957,cal,0,1,0.5534753203392029,0.5534753203392029
1919966478,cal,0,1,0.5339222550392151,0.5339222550392151
239811079,cal,1,1,0.5663763284683228,0.5663763284683228
1532669296,cal,1,1,0.5512049794197083,0.5512049794197083
523691670,cal,0,1,0.5330567359924316,0.5330567359924316
873229805,cal,0,1,0.5076456069946289,0.5076456069946289
1849460253,cal,0,1,0.5090122818946838,0.5090122818946838
1826847034,cal,0,1,0.5132539868354797,0.5132539868354797
2016396111,cal,0,1,0.5055156946182251,0.5055156946182251
650927775,cal,0,1,0.5693067908287048,0.5693067908287048
1887098710,cal,0,1,0.5742058157920837,0.5742058157920837
675250468,cal,0,1,0.579634964466095,0.579634964466095
1529781434,cal,0,1,0.5742037892341614,0.5742037892341614
843313771,cal,0,1,0.5870051980018616,0.5870051980018616
1434239335,cal,0,1,0.5636709332466125,0.5636709332466125
490654301,cal,1,1,0.5691146850585938,0.5691146850585938
2125621886,cal,1,1,0.5635843873023987,0.5635843873023987
1055319105,cal,0,1,0.5041106939315796,0.5041106939315796
1457715671,cal,0,0,0.49793142080307007,0.5020685791969299
1682518940,cal,0,1,0.5069998502731323,0.5069998502731323
103461181,cal,1,0,0.4970415532588959,0.5029584169387817
1280544598,cal,1,1,0.5034809708595276,0.5034809708595276
293101890,cal,0,1,0.5359121561050415,0.5359121561050415
605617593,cal,0,1,0.538240373134613,0.538240373134613
128791831,cal,0,1,0.5335013270378113,0.5335013270378113
866533809,cal,0,1,0.5315492153167725,0.5315492153167725
40459985,cal,0,1,0.5943455100059509,0.5943455100059509
899999352,cal,0,1,0.5974217653274536,0.5974217653274536
1525555420,cal,0,1,0.5341148376464844,0.5341148376464844
1809726894,cal,0,1,0.5539108514785767,0.5539108514785767
1146901517,cal,0,1,0.5923996567726135,0.5923996567726135
1227042633,cal,0,1,0.6055903434753418,0.6055903434753418
1353549560,cal,0,1,0.557676374912262,0.557676374912262
1670208938,cal,0,1,0.5948796272277832,0.5948796272277832
1962335177,cal,0,1,0.5299457907676697,0.5299457907676697
85790161,cal,0,0,0.45652011036872864,0.5434799194335938
226320476,cal,0,0,0.46872708201408386,0.5312728881835938
1450117936,cal,0,0,0.4523879587650299,0.5476120710372925
1557477299,cal,0,0,0.48812204599380493,0.5118779540061951
312595416,cal,0,1,0.5460869073867798,0.5460869073867798
1584797154,cal,0,1,0.5560503005981445,0.5560503005981445
1435770046,cal,0,1,0.5454468131065369,0.5454468131065369
2096229202,cal,0,1,0.5617725253105164,0.5617725253105164
1103575247,cal,0,1,0.6065065264701843,0.6065065264701843
1312699589,cal,0,1,0.5828043222427368,0.5828043222427368
1588576165,cal,0,1,0.5967566967010498,0.5967566967010498
466876721,cal,1,1,0.6179724931716919,0.6179724931716919
1672097872,cal,1,1,0.6150223016738892,0.6150223016738892
2057264782,cal,1,0,0.4960349500179291,0.5039650201797485
2113560913,cal,1,1,0.6393650770187378,0.6393650770187378
415061047,cal,0,1,0.5156978964805603,0.5156978964805603
1104676943,cal,0,0,0.4899398982524872,0.5100600719451904
445359742,cal,0,0,0.48716843128204346,0.5128315687179565
1238170226,cal,0,1,0.5323318243026733,0.5323318243026733
1903785958,cal,0,1,0.5215616226196289,0.5215616226196289
353976969,cal,0,1,0.5494012832641602,0.5494012832641602
1289476237,cal,0,1,0.5777927041053772,0.5777927041053772
503718135,cal,0,1,0.5715227723121643,0.5715227723121643
632086533,cal,0,1,0.5524389147758484,0.5524389147758484
589169255,cal,0,0,0.4838351607322693,0.5161648392677307
1289634793,cal,0,1,0.5132278203964233,0.5132278203964233
681123470,cal,0,1,0.5069568753242493,0.5069568753242493
1089721398,cal,0,0,0.4869382679462433,0.5130617618560791
1481766531,cal,0,1,0.5224591493606567,0.5224591493606567
1938505294,cal,0,1,0.5316416621208191,0.5316416621208191
207495802,cal,1,1,0.5133311748504639,0.5133311748504639
1661167822,cal,1,0,0.49235472083091736,0.5076452493667603
2060786840,cal,1,1,0.5313470959663391,0.5313470959663391
362348338,cal,0,1,0.5349791646003723,0.5349791646003723
514115153,cal,0,1,0.5419386625289917,0.5419386625289917
139103804,cal,0,1,0.5369027853012085,0.5369027853012085
388229132,cal,0,1,0.5493686199188232,0.5493686199188232
468654680,cal,0,1,0.6149306297302246,0.6149306297302246
1809244261,cal,0,1,0.6022807359695435,0.6022807359695435
2127589667,cal,0,1,0.5843483209609985,0.5843483209609985
644663090,cal,0,1,0.5800933241844177,0.5800933241844177
1584080456,cal,0,1,0.5971494913101196,0.5971494913101196
2067966841,cal,0,1,0.5731052756309509,0.5731052756309509
819482823,cal,0,1,0.5282180905342102,0.5282180905342102
1123715997,cal,0,0,0.46653270721435547,0.5334672927856445
1629524166,cal,0,1,0.5150622129440308,0.5150622129440308
618265123,cal,0,1,0.5214440226554871,0.5214440226554871
1219273011,cal,0,1,0.5154211521148682,0.5154211521148682
1956776027,cal,0,0,0.45837974548339844,0.5416202545166016
1003371454,test,0,1,0.5798965096473694,0.5798965096473694
1964453812,test,0,1,0.5854021310806274,0.5854021310806274
1313041189,test,1,1,0.5675093531608582,0.5675093531608582
1795359059,test,1,1,0.554347038269043,0.554347038269043
397110807,cal,0,1,0.5525550246238708,0.5525550246238708
1265513881,cal,0,1,0.5688664317131042,0.5688664317131042
1429499920,cal,0,1,0.5413140058517456,0.5413140058517456
437811963,cal,0,1,0.5880536437034607,0.5880536437034607
1017274538,cal,0,1,0.5777574181556702,0.5777574181556702
2058824249,cal,0,1,0.5864047408103943,0.5864047408103943
861980452,test,1,1,0.5203226804733276,0.5203226804733276
1888323688,test,1,1,0.5164361000061035,0.5164361000061035
304090560,test,0,1,0.5022873282432556,0.5022873282432556
1054483668,test,0,1,0.5348262786865234,0.5348262786865234
78446982,test,0,1,0.5088011026382446,0.5088011026382446
211981096,test,0,0,0.4814777672290802,0.5185222625732422
191044739,test,0,0,0.4620054364204407,0.5379945635795593
1760230624,test,0,0,0.4825711250305176,0.5174288749694824
1762126191,cal,0,1,0.6113803386688232,0.6113803386688232
1956741949,cal,0,1,0.6145570874214172,0.6145570874214172
407288580,cal,0,1,0.619486391544342,0.619486391544342
1672696958,cal,0,1,0.5983640551567078,0.5983640551567078
1063402288,cal,0,0,0.46463626623153687,0.5353637337684631
1358250314,cal,0,0,0.47577041387557983,0.5242295861244202
279419954,cal,0,0,0.47020307183265686,0.5297969579696655
979377897,cal,0,0,0.44869861006736755,0.5513013601303101
878451833,cal,1,1,0.5508225560188293,0.5508225560188293
2099572487,cal,1,1,0.5444326996803284,0.5444326996803284
310029777,cal,0,1,0.545383095741272,0.545383095741272
1948684198,cal,0,1,0.5505400896072388,0.5505400896072388
354088534,cal,0,1,0.5255599021911621,0.5255599021911621
1907337677,cal,0,0,0.4852146804332733,0.5147852897644043
340799722,cal,0,0,0.4821333885192871,0.5178666114807129
409704040,cal,0,1,0.5305361151695251,0.5305361151695251
1728177872,cal,0,0,0.4865534007549286,0.513446569442749
344392941,test,0,0,0.4549389183521271,0.5450611114501953
1154819623,test,0,0,0.47147396206855774,0.5285260677337646
1441486221,test,0,0,0.4917472302913666,0.508252739906311
1581308545,test,0,0,0.48580485582351685,0.5141951441764832
185832595,test,0,1,0.5046735405921936,0.5046735405921936
840366964,test,0,1,0.5135820508003235,0.5135820508003235
1795856359,cal,0,1,0.5640796422958374,0.5640796422958374
2009980052,cal,0,1,0.5587253570556641,0.5587253570556641
675799646,cal,0,1,0.544974684715271,0.544974684715271
1110652091,cal,0,1,0.5829916000366211,0.5829916000366211
1246826758,test,0,1,0.5372779369354248,0.5372779369354248
1410976970,test,0,1,0.5312187671661377,0.5312187671661377
1428643243,test,0,1,0.5279462337493896,0.5279462337493896
679978449,test,0,1,0.5159814953804016,0.5159814953804016
1253355490,test,0,1,0.5032600164413452,0.5032600164413452
160706400,cal,0,1,0.5650915503501892,0.5650915503501892
464134858,cal,0,1,0.597386360168457,0.597386360168457
163952238,cal,0,1,0.5642947554588318,0.5642947554588318
165398919,cal,0,1,0.5830499529838562,0.5830499529838562
379779574,cal,0,0,0.49034273624420166,0.5096572637557983
1359638449,cal,0,0,0.4666711390018463,0.5333288908004761
1715366306,cal,0,0,0.4791114926338196,0.5208885073661804
2020424489,cal,0,0,0.47463908791542053,0.5253609418869019
830214263,cal,0,0,0.47180140018463135,0.5281985998153687
1061672375,cal,0,0,0.47651395201683044,0.5234860181808472
1627140172,cal,0,0,0.49277201294898987,0.5072280168533325
237429591,cal,0,1,0.5493207573890686,0.5493207573890686
912745439,cal,0,1,0.5588275790214539,0.5588275790214539
1451735035,cal,0,1,0.5963083505630493,0.5963083505630493
2045776633,cal,0,1,0.5869662165641785,0.5869662165641785
317765026,cal,0,1,0.5964635014533997,0.5964635014533997
603420703,cal,0,1,0.5629059672355652,0.5629059672355652
1036387733,cal,0,1,0.5707031488418579,0.5707031488418579
1315007908,cal,0,1,0.5451083183288574,0.5451083183288574
1668884653,cal,0,1,0.5931919813156128,0.5931919813156128
1084555092,cal,1,1,0.5537921190261841,0.5537921190261841
1554766666,cal,1,1,0.5260741114616394,0.5260741114616394
1905840641,cal,1,1,0.550997257232666,0.550997257232666
1165380538,cal,0,1,0.5426247715950012,0.5426247715950012
2028758891,cal,0,1,0.5378509759902954,0.5378509759902954
122147820,test,0,0,0.4709554612636566,0.529044508934021
851915015,test,0,1,0.5205737352371216,0.5205737352371216
1348587667,test,0,0,0.4912811517715454,0.5087188482284546
1375249032,test,0,1,0.5127518773078918,0.5127518773078918
2106791330,test,0,1,0.513452410697937,0.513452410697937
370737592,test,0,1,0.513639509677887,0.513639509677887
1620825790,test,0,1,0.5032005310058594,0.5032005310058594
332410369,test,0,0,0.4882773160934448,0.5117226839065552
1044150848,test,0,1,0.518110990524292,0.518110990524292
312034428,cal,0,1,0.5735303163528442,0.5735303163528442
1036826199,cal,0,1,0.5388753414154053,0.5388753414154053
1093267104,cal,0,1,0.5410199165344238,0.5410199165344238
1976151862,cal,0,1,0.5533973574638367,0.5533973574638367
971310370,cal,0,1,0.5278007984161377,0.5278007984161377
1655452533,cal,0,0,0.4993535280227661,0.5006464719772339
458952378,cal,0,1,0.5162703394889832,0.5162703394889832
681177946,cal,0,1,0.5323675870895386,0.5323675870895386
540084076,cal,0,0,0.4811680018901825,0.5188319683074951
550497401,cal,0,0,0.4893289804458618,0.5106710195541382
1608889310,cal,0,0,0.4872678816318512,0.5127321481704712
1692382325,cal,0,0,0.48593172430992126,0.5140682458877563
798075637,cal,0,0,0.48726364970207214,0.5127363204956055
1807509198,cal,0,0,0.4947059452533722,0.5052940845489502
2076955800,cal,0,0,0.4817359745502472,0.5182640552520752
231651176,cal,0,1,0.5072739720344543,0.5072739720344543
839296540,cal,0,1,0.5269659161567688,0.5269659161567688
1342129845,cal,0,0,0.4751149117946625,0.5248850584030151
278619035,cal,0,0,0.49635183811187744,0.5036481618881226
1460677722,cal,0,1,0.5116353034973145,0.5116353034973145
586267295,cal,0,0,0.4996080994606018,0.5003919005393982
1515967431,cal,0,1,0.5170532464981079,0.5170532464981079
738746305,cal,0,1,0.5281652212142944,0.5281652212142944
1082774766,cal,0,1,0.5203112959861755,0.5203112959861755
950994950,cal,0,0,0.49237173795700073,0.5076282620429993
1963343436,cal,0,1,0.5099779963493347,0.5099779963493347
887812880,cal,0,0,0.4984837472438812,0.5015162229537964
2046077279,cal,0,0,0.44366732239723206,0.5563327074050903
501019982,cal,0,0,0.4457811117172241,0.5542188882827759
959888723,cal,0,0,0.4885144531726837,0.5114855766296387
1562180756,cal,0,1,0.5196080803871155,0.5196080803871155
1618797400,cal,0,1,0.5433717370033264,0.5433717370033264
13186412,cal,1,1,0.523658812046051,0.523658812046051
1517553594,cal,1,1,0.5399618744850159,0.5399618744850159
651866264,test,0,0,0.47191500663757324,0.5280849933624268
751870695,test,0,0,0.48483094573020935,0.5151690244674683
1155485287,test,0,0,0.4876488149166107,0.5123511552810669
1284095977,test,0,0,0.4925842881202698,0.5074157118797302
2024145364,cal,1,1,0.5717265009880066,0.5717265009880066
2132544067,cal,1,1,0.5589312314987183,0.5589312314987183
164917898,cal,0,1,0.5586011409759521,0.5586011409759521
263901674,cal,0,1,0.558360755443573,0.558360755443573
329702018,cal,0,1,0.5082564353942871,0.5082564353942871
1355918802,cal,0,0,0.4971822500228882,0.5028177499771118
1367497373,cal,0,1,0.5086294412612915,0.5086294412612915
570537898,cal,1,0,0.46736472845077515,0.5326352715492249
1049069345,cal,1,1,0.5008112192153931,0.5008112192153931
1414348873,cal,1,1,0.5107678771018982,0.5107678771018982
295088085,cal,0,1,0.5860440731048584,0.5860440731048584
918357888,cal,0,1,0.5923119783401489,0.5923119783401489
1109250922,cal,0,1,0.6039186120033264,0.6039186120033264
379899235,cal,0,1,0.5802246332168579,0.5802246332168579
918407048,cal,0,1,0.6038213968276978,0.6038213968276978
606387022,test,0,0,0.47509488463401794,0.5249050855636597
1671454361,test,0,0,0.4872172772884369,0.5127826929092407
189933878,test,0,1,0.5004940032958984,0.5004940032958984
1546586536,test,0,0,0.47906389832496643,0.520936131477356
231974457,cal,1,0,0.4372353255748749,0.5627646446228027
1485907234,cal,1,0,0.48236656188964844,0.5176334381103516
1391975097,cal,0,0,0.4423673152923584,0.5576326847076416
1647198388,cal,0,0,0.49027517437934875,0.5097248554229736
873575526,cal,1,0,0.4928642213344574,0.5071357488632202
1501967742,cal,1,0,0.49544715881347656,0.5045528411865234
1976229482,cal,1,1,0.5094956755638123,0.5094956755638123
669679792,cal,0,1,0.5053845047950745,0.5053845047950745
1433410612,cal,0,0,0.48801153898239136,0.5119884610176086
1630718481,cal,0,0,0.48049893975257874,0.5195010900497437
11867989,cal,0,1,0.6195749044418335,0.6195749044418335
1568195627,cal,0,1,0.625565230846405,0.625565230846405
423116739,cal,0,1,0.6241062879562378,0.6241062879562378
1128619275,cal,0,1,0.6288602948188782,0.6288602948188782
31771695,cal,0,1,0.5115479826927185,0.5115479826927185
1430041391,cal,0,1,0.5226626992225647,0.5226626992225647
923494191,cal,0,0,0.49807921051979065,0.5019208192825317
2129940257,cal,0,1,0.5284713506698608,0.5284713506698608
916433538,cal,0,1,0.5207433104515076,0.5207433104515076
1505361797,cal,0,1,0.5361090898513794,0.5361090898513794
582867608,cal,0,1,0.5106900930404663,0.5106900930404663
1785097918,cal,0,1,0.5353596806526184,0.5353596806526184
876828238,cal,0,0,0.49556025862693787,0.5044397115707397
918956669,cal,0,0,0.4908081293106079,0.5091918706893921
1042301606,cal,0,0,0.48207664489746094,0.5179233551025391
1805930677,cal,0,0,0.4992132782936096,0.5007867217063904
1667153766,test,0,0,0.4821850061416626,0.5178149938583374
1839051334,test,0,0,0.480989545583725,0.5190104246139526
382590654,test,0,0,0.4840658903121948,0.5159341096878052
2012131100,test,0,1,0.5066555738449097,0.5066555738449097
1452850209,cal,1,0,0.46110934019088745,0.5388906598091125
1579139635,cal,1,0,0.49553436040878296,0.504465639591217
770395991,cal,0,0,0.4498238265514374,0.5501761436462402
1466562066,cal,0,1,0.5070825815200806,0.5070825815200806
43983435,test,0,1,0.5979903340339661,0.5979903340339661
443417836,test,0,1,0.5641721487045288,0.5641721487045288
554166500,test,0,1,0.5816453099250793,0.5816453099250793
1199439161,test,0,1,0.5866866707801819,0.5866866707801819
518465176,cal,0,0,0.4892135262489319,0.5107864737510681
1603478848,cal,0,1,0.5021585822105408,0.5021585822105408
620245866,cal,0,0,0.47819578647613525,0.5218042135238647
1641825899,cal,0,0,0.4921504557132721,0.5078495740890503
252632632,cal,0,1,0.5381299257278442,0.5381299257278442
1209593388,cal,0,1,0.5743873119354248,0.5743873119354248
239142744,cal,1,1,0.5561875104904175,0.5561875104904175
1406909899,cal,1,1,0.5566673874855042,0.5566673874855042
157754083,cal,0,1,0.5653026700019836,0.5653026700019836
331634289,cal,0,1,0.5568254590034485,0.5568254590034485
1554827897,cal,0,1,0.542068362236023,0.542068362236023
2027953447,cal,0,1,0.5600637793540955,0.5600637793540955
345558226,cal,0,0,0.47725674510002136,0.5227432250976562
640446283,cal,0,0,0.47175756096839905,0.5282424688339233
345820118,cal,0,0,0.49212977290153503,0.5078701972961426
807758090,cal,0,0,0.462100088596344,0.537899911403656
567345877,test,0,0,0.4721206724643707,0.5278793573379517
1450369342,test,0,0,0.47276079654693604,0.527239203453064
2031232279,test,0,0,0.4998425841331482,0.5001574158668518
643866328,test,0,0,0.4622150957584381,0.5377849340438843
817052819,test,0,0,0.4889446496963501,0.5110553503036499
1253455970,test,0,0,0.46338364481925964,0.536616325378418
100498077,cal,1,1,0.5020060539245605,0.5020060539245605
2088589142,cal,1,0,0.46082451939582825,0.5391755104064941
628616986,cal,0,1,0.513343334197998,0.513343334197998
1505707643,cal,0,0,0.49029603600502014,0.5097039937973022
1950090736,cal,0,0,0.4858444631099701,0.5141555070877075
283317099,test,0,0,0.49263909459114075,0.5073609352111816
539564092,test,0,0,0.48783522844314575,0.5121647715568542
551514246,test,0,1,0.5121312141418457,0.5121312141418457
838715880,test,0,1,0.5043296217918396,0.5043296217918396
233449398,cal,0,0,0.454156756401062,0.545843243598938
488172103,cal,0,0,0.4636988937854767,0.5363011360168457
1377520958,cal,0,0,0.4627566337585449,0.5372433662414551
1788660528,cal,0,0,0.48204460740089417,0.5179554224014282
934038753,cal,0,0,0.46981021761894226,0.5301897525787354
1283780018,cal,0,0,0.44721588492393494,0.5527840852737427
309947948,cal,0,0,0.49306344985961914,0.5069365501403809
436429743,cal,0,0,0.45317336916923523,0.5468266010284424
893761479,test,1,1,0.6058074831962585,0.6058074831962585
1371707583,test,1,1,0.6029375195503235,0.6029375195503235
1678974652,test,1,1,0.5883435606956482,0.5883435606956482
1837474071,test,1,1,0.6252020001411438,0.6252020001411438
772696266,test,0,1,0.6094144582748413,0.6094144582748413
948563917,test,0,1,0.5905554294586182,0.5905554294586182
1027706607,test,0,1,0.6010027527809143,0.6010027527809143
1981568161,test,0,1,0.6212812662124634,0.6212812662124634
437343084,cal,0,1,0.5524786710739136,0.5524786710739136
1918895691,cal,0,1,0.5586281418800354,0.5586281418800354
1578791959,cal,0,1,0.5504659414291382,0.5504659414291382
2091139179,cal,0,1,0.5515396595001221,0.5515396595001221
17798938,cal,1,1,0.5038578510284424,0.5038578510284424
1279145293,cal,1,1,0.5020036697387695,0.5020036697387695
1884309005,cal,1,0,0.49920541048049927,0.5007945895195007
188961511,cal,0,1,0.5070745944976807,0.5070745944976807
1787416404,cal,0,1,0.506004273891449,0.506004273891449
528157185,test,0,0,0.4851306676864624,0.5148693323135376
1129436794,test,0,0,0.48852354288101196,0.511476457118988
34175990,test,0,0,0.48274746537208557,0.5172525644302368
517911319,test,0,0,0.4609433114528656,0.539056658744812
842023366,cal,0,1,0.5025955438613892,0.5025955438613892
1534316890,cal,0,0,0.49590885639190674,0.5040911436080933
1108355727,cal,0,0,0.4896496832370758,0.5103503465652466
2131798343,cal,0,0,0.4950290620326996,0.504970908164978
400001770,cal,0,1,0.5183210372924805,0.5183210372924805
1436781650,cal,0,1,0.52776700258255,0.52776700258255
1643253508,cal,0,1,0.5162728428840637,0.5162728428840637
1752631719,cal,0,1,0.530663788318634,0.530663788318634
361975937,test,0,1,0.6204649806022644,0.6204649806022644
1022769106,test,0,1,0.5997756719589233,0.5997756719589233
1937791967,test,0,1,0.608588457107544,0.608588457107544
1458179758,test,0,1,0.6081275939941406,0.6081275939941406
1960112124,test,0,1,0.6083700060844421,0.6083700060844421
2005157407,test,0,1,0.5996888279914856,0.5996888279914856
18877836,test,0,1,0.5237860679626465,0.5237860679626465
900974638,test,0,1,0.5015032291412354,0.5015032291412354
1503643277,test,0,1,0.5040555000305176,0.5040555000305176
357969173,test,0,0,0.4934612810611725,0.5065387487411499
874510727,test,0,0,0.46948564052581787,0.5305143594741821
888477540,test,0,0,0.48371076583862305,0.516289234161377
382192155,cal,0,0,0.48840489983558655,0.5115951299667358
542043929,cal,0,1,0.5014949440956116,0.5014949440956116
1225101953,cal,0,1,0.5132983922958374,0.5132983922958374
350814328,cal,1,0,0.4866836667060852,0.5133163332939148
1620058052,cal,1,0,0.47919097542762756,0.5208090543746948
181594869,cal,0,1,0.5828396677970886,0.5828396677970886
1177795735,cal,0,1,0.5963504910469055,0.5963504910469055
197569416,cal,0,1,0.5999799370765686,0.5999799370765686
319370153,cal,0,1,0.6098078489303589,0.6098078489303589
705722323,cal,0,1,0.5756498575210571,0.5756498575210571
1727950990,cal,0,1,0.5882835984230042,0.5882835984230042
716070579,test,0,1,0.5579612851142883,0.5579612851142883
2103236851,test,0,1,0.5670303702354431,0.5670303702354431
686993131,test,0,1,0.5490688681602478,0.5490688681602478
2013743581,test,0,1,0.5432788729667664,0.5432788729667664
291906677,cal,1,1,0.5905053615570068,0.5905053615570068
1527428874,cal,1,1,0.5820825099945068,0.5820825099945068
189300287,cal,1,1,0.5964797735214233,0.5964797735214233
376778810,cal,1,1,0.5858884453773499,0.5858884453773499
1931486367,test,1,1,0.6051285862922668,0.6051285862922668
2124136657,test,1,1,0.6186671257019043,0.6186671257019043
564888627,test,0,1,0.5963011384010315,0.5963011384010315
1465874438,test,0,1,0.6131724715232849,0.6131724715232849
763490336,test,0,0,0.48583465814590454,0.5141653418540955
1786876248,test,0,0,0.49774298071861267,0.5022569894790649
1041954594,test,0,1,0.5114007592201233,0.5114007592201233
2125288674,test,0,1,0.5145845413208008,0.5145845413208008
378103248,cal,0,1,0.5322855710983276,0.5322855710983276
1683119102,cal,0,1,0.5355604290962219,0.5355604290962219
1521537137,cal,0,1,0.5412343740463257,0.5412343740463257
1636639927,cal,0,1,0.5095601081848145,0.5095601081848145
356449911,cal,0,1,0.5742828249931335,0.5742828249931335
916544696,cal,0,1,0.5676149725914001,0.5676149725914001
1146477569,cal,0,1,0.5689290761947632,0.5689290761947632
2099941236,cal,0,1,0.5764607191085815,0.5764607191085815
676565770,cal,0,1,0.5721860527992249,0.5721860527992249
915039532,cal,0,1,0.5903021693229675,0.5903021693229675
966460611,cal,0,1,0.6054664254188538,0.6054664254188538
1286333595,cal,0,1,0.595075786113739,0.595075786113739
1622844952,cal,1,1,0.6000526547431946,0.6000526547431946
1669882842,cal,1,1,0.627899706363678,0.627899706363678
2043278350,cal,1,1,0.6169459819793701,0.6169459819793701
716622073,cal,0,0,0.4853009879589081,0.5146989822387695
907185380,cal,0,0,0.4851849377155304,0.514815092086792
187234383,cal,0,0,0.4882373511791229,0.5117626190185547
1769382655,cal,0,0,0.4829336702823639,0.5170663595199585
1733668485,cal,0,0,0.48382917046546936,0.516170859336853
1896532688,cal,0,0,0.4982607364654541,0.5017392635345459
430749815,cal,0,1,0.5025534629821777,0.5025534629821777
1669202339,cal,0,0,0.48305457830429077,0.5169454216957092
491213538,test,0,0,0.49523574113845825,0.5047642588615417
657871902,test,0,1,0.5254467129707336,0.5254467129707336
1921655071,test,0,1,0.5272548794746399,0.5272548794746399
60026386,test,0,1,0.5376933217048645,0.5376933217048645
197404159,test,0,0,0.49854031205177307,0.5014597177505493
341575460,test,0,0,0.49096256494522095,0.509037435054779
158131945,cal,0,1,0.5708847641944885,0.5708847641944885
1092814677,cal,0,1,0.5922641754150391,0.5922641754150391
676996612,cal,0,1,0.5703696608543396,0.5703696608543396
1886887437,cal,0,1,0.5914542078971863,0.5914542078971863
544222934,cal,0,1,0.5842353105545044,0.5842353105545044
1662325030,cal,0,1,0.5609408617019653,0.5609408617019653
914472686,cal,0,1,0.5756091475486755,0.5756091475486755
1236818137,cal,0,1,0.5561381578445435,0.5561381578445435
198661502,cal,0,1,0.5990029573440552,0.5990029573440552
798830149,cal,0,1,0.5952125191688538,0.5952125191688538
1723471355,cal,0,1,0.5852959752082825,0.5852959752082825
2011187454,cal,0,1,0.5913963317871094,0.5913963317871094
2080897129,cal,0,1,0.5939619541168213,0.5939619541168213
830917739,cal,0,1,0.5901848077774048,0.5901848077774048
1590129491,cal,0,1,0.5795695781707764,0.5795695781707764
382880426,cal,1,1,0.5756489634513855,0.5756489634513855
500193901,cal,1,1,0.6016732454299927,0.6016732454299927
92105432,cal,0,0,0.48455509543418884,0.5154448747634888
1646278926,cal,0,0,0.4628274142742157,0.5371725559234619
864930584,cal,0,0,0.48692017793655396,0.513079822063446
1820211577,cal,0,0,0.45468199253082275,0.5453180074691772
710610965,cal,0,0,0.32102710008621216,0.6789728999137878
1961435809,cal,0,0,0.3459584414958954,0.6540415287017822
1293581932,cal,1,0,0.33845093846321106,0.6615490913391113
2140013996,cal,1,0,0.3284534215927124,0.6715465784072876
439827880,cal,1,1,0.5073680877685547,0.5073680877685547
1537245757,cal,1,1,0.5362811088562012,0.5362811088562012
185626365,cal,0,1,0.5448952317237854,0.5448952317237854
543834406,cal,0,1,0.5561508536338806,0.5561508536338806
1451684128,cal,0,1,0.5247398018836975,0.5247398018836975
1021822781,cal,0,1,0.5666372179985046,0.5666372179985046
1933955326,cal,0,1,0.5940801501274109,0.5940801501274109
155246462,cal,0,1,0.595690906047821,0.595690906047821
619706859,cal,0,1,0.5604317784309387,0.5604317784309387
749565562,cal,0,0,0.4820801913738251,0.5179197788238525
1601716069,cal,0,0,0.48109039664268494,0.5189095735549927
1792760482,cal,0,0,0.48025771975517273,0.5197422504425049
1875420317,cal,0,0,0.48635542392730713,0.5136445760726929
461901839,cal,0,0,0.47510308027267456,0.5248969197273254
990088373,cal,0,0,0.4903181493282318,0.5096818208694458
680977713,cal,0,1,0.5128850936889648,0.5128850936889648
910597083,cal,0,0,0.4993254840373993,0.5006744861602783
748736135,cal,0,0,0.4864429235458374,0.5135570764541626
1247892167,cal,0,1,0.5077720880508423,0.5077720880508423
1498478215,cal,0,1,0.5040526986122131,0.5040526986122131
1414295413,cal,0,0,0.47698161005973816,0.5230183601379395
1933488108,cal,0,0,0.4767579138278961,0.5232421159744263
1014362199,cal,0,0,0.4875478446483612,0.5124521255493164
1747146979,cal,0,1,0.5180662870407104,0.5180662870407104
1835121469,cal,0,1,0.5280619859695435,0.5280619859695435
2000591890,cal,0,0,0.46292442083358765,0.5370755791664124
238805128,cal,0,1,0.5305575728416443,0.5305575728416443
487225384,cal,0,0,0.49074772000312805,0.5092523097991943
648724921,cal,0,1,0.5146499276161194,0.5146499276161194
942937022,cal,0,0,0.4846903085708618,0.5153096914291382
1221824975,cal,0,1,0.5061280131340027,0.5061280131340027
1879435969,cal,0,0,0.4748016893863678,0.5251983404159546
493685627,cal,1,0,0.47717082500457764,0.5228291749954224
502799706,cal,1,0,0.48474863171577454,0.5152513980865479
425304501,cal,0,1,0.6024186611175537,0.6024186611175537
856014961,cal,0,1,0.5871925950050354,0.5871925950050354
447656749,cal,0,1,0.5583907961845398,0.5583907961845398
1810170618,cal,0,1,0.5925114154815674,0.5925114154815674
38566253,cal,0,1,0.5647521018981934,0.5647521018981934
1104257184,cal,0,1,0.5691869258880615,0.5691869258880615
1833521248,cal,0,1,0.5505598783493042,0.5505598783493042
564729418,cal,1,1,0.5861266851425171,0.5861266851425171
843702346,cal,1,1,0.5544072389602661,0.5544072389602661
1577685325,cal,1,1,0.5654827952384949,0.5654827952384949
554694383,cal,0,1,0.608457088470459,0.608457088470459
636792767,cal,0,1,0.541148841381073,0.541148841381073
25190362,cal,1,1,0.5519062280654907,0.5519062280654907
1736208803,cal,1,1,0.5866367816925049,0.5866367816925049
731809308,cal,0,0,0.45710986852645874,0.5428901314735413
1342012067,cal,0,0,0.47525715827941895,0.524742841720581
396072416,cal,1,0,0.4539087116718292,0.5460913181304932
1382102240,cal,1,0,0.49260327219963074,0.5073966979980469
645824982,cal,0,0,0.46347200870513916,0.5365279912948608
1496497663,cal,0,0,0.49624887108802795,0.5037511587142944
1570845644,cal,0,0,0.47385576367378235,0.52614426612854
1730672735,cal,0,0,0.4855959117412567,0.5144040584564209
1805484593,cal,0,0,0.4625435173511505,0.5374565124511719
663557161,cal,0,1,0.5617240071296692,0.5617240071296692
690291973,cal,0,1,0.5646287798881531,0.5646287798881531
1416475348,cal,0,1,0.5614204406738281,0.5614204406738281
892512227,cal,0,1,0.5883995890617371,0.5883995890617371
907220117,cal,0,1,0.5663807392120361,0.5663807392120361
304859990,cal,0,1,0.5511609315872192,0.5511609315872192
501979017,cal,0,1,0.5555269718170166,0.5555269718170166
1531953632,cal,0,1,0.5571414232254028,0.5571414232254028
370886916,cal,0,1,0.5497045516967773,0.5497045516967773
1321196902,cal,0,1,0.5527229905128479,0.5527229905128479
1433109354,cal,0,1,0.547730028629303,0.547730028629303
1429945900,cal,0,1,0.5009600520133972,0.5009600520133972
1780923609,cal,0,1,0.5304291844367981,0.5304291844367981
1885091763,cal,0,1,0.5322412848472595,0.5322412848472595
2103262969,cal,0,0,0.4986785054206848,0.5013214945793152
339807657,cal,0,1,0.5204015970230103,0.5204015970230103
1814726029,cal,0,1,0.5122072100639343,0.5122072100639343
71526152,cal,0,1,0.5228301286697388,0.5228301286697388
1077815395,cal,0,1,0.5165542960166931,0.5165542960166931
310935122,cal,0,1,0.5523787140846252,0.5523787140846252
661534945,cal,0,1,0.5824555158615112,0.5824555158615112
477303167,cal,0,1,0.5542036294937134,0.5542036294937134
1761580550,cal,0,1,0.5903112888336182,0.5903112888336182
78046473,cal,0,1,0.5811218023300171,0.5811218023300171
1654229092,cal,0,1,0.5717059969902039,0.5717059969902039
1784673507,cal,0,1,0.5848150849342346,0.5848150849342346
992230766,cal,0,1,0.5948703289031982,0.5948703289031982
1676652407,cal,0,1,0.6009963154792786,0.6009963154792786
1715774453,cal,0,1,0.5528391003608704,0.5528391003608704
152793082,cal,0,0,0.4691730737686157,0.5308269262313843
654877706,cal,0,1,0.5049529671669006,0.5049529671669006
371999955,cal,0,0,0.48608842492103577,0.5139116048812866
1481773276,cal,0,0,0.4560639262199402,0.5439360737800598
1190901936,cal,0,1,0.5248969197273254,0.5248969197273254
1710251004,cal,0,1,0.5252723097801208,0.5252723097801208
149204044,cal,1,1,0.504935085773468,0.504935085773468
232265948,cal,1,0,0.46532395482063293,0.5346760749816895
1521640813,cal,0,1,0.5081386566162109,0.5081386566162109
2098420761,cal,0,0,0.4931581914424896,0.506841778755188
379311318,cal,0,1,0.5076478123664856,0.5076478123664856
1347789810,cal,0,0,0.4765837490558624,0.52341628074646
486847238,test,1,0,0.4900326430797577,0.5099673271179199
1927987863,test,1,1,0.5001131892204285,0.5001131892204285
938547964,test,0,0,0.4809371531009674,0.519062876701355
1824731256,test,0,0,0.48249489068984985,0.5175051093101501
176859678,cal,0,1,0.6284313797950745,0.6284313797950745
2045216615,cal,0,1,0.6443362832069397,0.6443362832069397
647254933,cal,0,1,0.6364650726318359,0.6364650726318359
1365270904,cal,0,1,0.6424853801727295,0.6424853801727295
1962061164,cal,0,1,0.6484348177909851,0.6484348177909851
804127962,cal,0,1,0.5678278207778931,0.5678278207778931
1796114779,cal,0,1,0.579310417175293,0.579310417175293
303729160,cal,1,1,0.5655233860015869,0.5655233860015869
1885932040,cal,1,1,0.5600674748420715,0.5600674748420715
718382238,cal,0,0,0.42252928018569946,0.5774707198143005
913629274,cal,0,0,0.4433141350746155,0.5566858649253845
345019299,cal,0,0,0.46777498722076416,0.5322250127792358
501627905,cal,0,0,0.39115679264068604,0.608843207359314
1269823269,cal,0,1,0.5938537120819092,0.5938537120819092
1340288902,cal,0,1,0.5725273489952087,0.5725273489952087
890231744,cal,1,1,0.56862473487854,0.56862473487854
1189402005,cal,1,1,0.5726032853126526,0.5726032853126526
407188710,cal,0,0,0.4748881757259369,0.5251117944717407
1408033691,cal,0,0,0.4592236876487732,0.5407763123512268
2067092051,cal,0,0,0.48206013441085815,0.5179398655891418
176701781,cal,0,0,0.4575936198234558,0.5424063801765442
1730926632,cal,0,0,0.4876965582370758,0.5123034715652466
1810313952,cal,0,0,0.478060781955719,0.521939218044281
1124297185,cal,0,1,0.6083586812019348,0.6083586812019348
1887092479,cal,0,1,0.6127099990844727,0.6127099990844727
1122609951,cal,0,1,0.6092873215675354,0.6092873215675354
1582798215,cal,0,1,0.6211405396461487,0.6211405396461487
571524766,cal,1,1,0.5811095833778381,0.5811095833778381
1902259190,cal,1,1,0.5571170449256897,0.5571170449256897
605563852,cal,0,1,0.5829893946647644,0.5829893946647644
1681685902,cal,0,1,0.5542471408843994,0.5542471408843994
471859889,test,0,1,0.5260939002037048,0.5260939002037048
919096732,test,0,1,0.5065997242927551,0.5065997242927551
1280738549,test,0,1,0.5268386602401733,0.5268386602401733
1785891438,test,0,0,0.4951857030391693,0.5048142671585083
1186520159,cal,0,1,0.5496450066566467,0.5496450066566467
1693035328,cal,0,1,0.5935164093971252,0.5935164093971252
279510949,cal,0,1,0.562985897064209,0.562985897064209
337368929,cal,0,1,0.5603595972061157,0.5603595972061157
1486574104,cal,0,1,0.5800650119781494,0.5800650119781494
1015802267,cal,0,1,0.5780020952224731,0.5780020952224731
1713356556,cal,0,1,0.5812023282051086,0.5812023282051086
324075908,cal,0,1,0.5933293104171753,0.5933293104171753
1502783459,cal,0,1,0.5737142562866211,0.5737142562866211
182436520,cal,0,0,0.4777025580406189,0.5222974419593811
320065135,cal,0,0,0.4750220477581024,0.5249779224395752
668321072,cal,0,1,0.5087790489196777,0.5087790489196777
672346964,cal,0,0,0.46887531876564026,0.5311247110366821
451194057,cal,0,0,0.467755526304245,0.5322444438934326
503584788,cal,0,1,0.5145995020866394,0.5145995020866394
1057307150,cal,0,0,0.4775061309337616,0.522493839263916
1665887450,cal,0,0,0.4830513596534729,0.5169486403465271
162340012,test,1,1,0.5631470680236816,0.5631470680236816
354087393,test,1,1,0.5575777888298035,0.5575777888298035
228620587,test,0,1,0.5705653429031372,0.5705653429031372
272489505,test,0,1,0.5904948115348816,0.5904948115348816
1198908773,cal,0,1,0.5040830373764038,0.5040830373764038
1339272312,cal,0,1,0.5074057579040527,0.5074057579040527
148833880,cal,0,1,0.508260190486908,0.508260190486908
851839132,cal,0,0,0.4848391115665436,0.5151609182357788
988453346,cal,0,1,0.6190675497055054,0.6190675497055054
1911221518,cal,0,1,0.6133469939231873,0.6133469939231873
234287133,cal,1,1,0.6042556166648865,0.6042556166648865
1382814496,cal,1,1,0.6156378984451294,0.6156378984451294
1312473004,test,0,1,0.5330436825752258,0.5330436825752258
1491060686,test,0,1,0.5225924253463745,0.5225924253463745
222966937,test,1,1,0.5349061489105225,0.5349061489105225
1845993877,test,1,1,0.5322735905647278,0.5322735905647278
1847883379,cal,0,1,0.5386340618133545,0.5386340618133545
1891623180,cal,0,1,0.5334299802780151,0.5334299802780151
261212488,cal,0,1,0.5341902375221252,0.5341902375221252
337041556,cal,0,1,0.533301055431366,0.533301055431366
253231920,cal,0,1,0.5139414668083191,0.5139414668083191
1333389840,cal,0,1,0.526452898979187,0.526452898979187
965173820,cal,0,1,0.5081928968429565,0.5081928968429565
1958279208,cal,0,1,0.5216028094291687,0.5216028094291687
347937820,test,0,1,0.6027652621269226,0.6027652621269226
2066233963,test,0,1,0.5831949710845947,0.5831949710845947
446942003,test,0,1,0.5617414712905884,0.5617414712905884
1480302617,test,0,1,0.578581690788269,0.578581690788269
1605481077,test,0,1,0.5643998980522156,0.5643998980522156
1521157712,cal,0,0,0.49270546436309814,0.5072945356369019
1962823260,cal,0,1,0.5287148952484131,0.5287148952484131
1135527398,cal,0,0,0.48257970809936523,0.5174202919006348
1510193591,cal,0,1,0.5032265782356262,0.5032265782356262
820704188,test,0,0,0.46655386686325073,0.5334461331367493
999010650,test,0,0,0.48309531807899475,0.5169047117233276
976394157,test,0,0,0.48451393842697144,0.5154860615730286
2113232232,test,0,0,0.48816978931427,0.51183021068573
215913265,test,0,1,0.5825713276863098,0.5825713276863098
1966489348,test,0,1,0.5768305063247681,0.5768305063247681
616193037,test,0,1,0.5870031118392944,0.5870031118392944
1660266709,test,0,1,0.5692844986915588,0.5692844986915588
750822361,cal,0,0,0.4849455654621124,0.51505446434021
1968090978,cal,0,0,0.48933151364326477,0.5106685161590576
1264781015,cal,0,0,0.4989335536956787,0.5010664463043213
1435780166,cal,0,0,0.47199463844299316,0.5280053615570068
1445365999,test,0,1,0.5696865320205688,0.5696865320205688
1882395075,test,0,1,0.5624982118606567,0.5624982118606567
381596496,test,0,1,0.5700927972793579,0.5700927972793579
1603878621,test,0,1,0.5513620376586914,0.5513620376586914
124777991,cal,0,1,0.5920096635818481,0.5920096635818481
293218038,cal,0,1,0.6037335395812988,0.6037335395812988
1840378673,cal,0,1,0.6030817031860352,0.6030817031860352
1479675188,cal,0,1,0.5823751091957092,0.5823751091957092
1954515997,cal,0,1,0.5974038243293762,0.5974038243293762
553521223,cal,0,1,0.6039688587188721,0.6039688587188721
588158577,cal,0,1,0.6243011355400085,0.6243011355400085
440061999,cal,1,1,0.5907076597213745,0.5907076597213745
1353000667,cal,1,1,0.620608925819397,0.620608925819397
113870021,cal,0,1,0.5499795079231262,0.5499795079231262
516699168,cal,0,1,0.5503847002983093,0.5503847002983093
1566978535,cal,0,1,0.594369649887085,0.594369649887085
1609415645,cal,1,1,0.5780838131904602,0.5780838131904602
1894064785,cal,1,1,0.5808709263801575,0.5808709263801575
1223771520,cal,1,1,0.6316413283348083,0.6316413283348083
1532982826,cal,1,1,0.6130300760269165,0.6130300760269165
116023725,cal,0,1,0.6103943586349487,0.6103943586349487
602155609,cal,0,1,0.6255835294723511,0.6255835294723511
274763763,test,0,1,0.574059009552002,0.574059009552002
828580286,test,0,1,0.5877912640571594,0.5877912640571594
207143998,test,0,1,0.5859516859054565,0.5859516859054565
1170898579,test,0,1,0.6004723906517029,0.6004723906517029
895501186,test,0,1,0.5202240347862244,0.5202240347862244
1620160334,test,0,1,0.5428813695907593,0.5428813695907593
51195587,test,1,1,0.5422559380531311,0.5422559380531311
1248557190,test,1,1,0.5080664753913879,0.5080664753913879
710734224,test,1,1,0.521705150604248,0.521705150604248
1832286921,test,1,1,0.5163707733154297,0.5163707733154297
1997539775,test,1,1,0.5392798781394958,0.5392798781394958
307854208,test,0,1,0.5210101008415222,0.5210101008415222
1243036147,test,0,1,0.5333940386772156,0.5333940386772156
1944116703,test,0,1,0.5224182605743408,0.5224182605743408
2039551584,test,0,1,0.5260483622550964,0.5260483622550964
971594840,cal,0,1,0.580389142036438,0.580389142036438
1357694739,cal,0,1,0.5782955884933472,0.5782955884933472
19542040,cal,1,1,0.6023545265197754,0.6023545265197754
2019930622,cal,1,1,0.5897199511528015,0.5897199511528015
1453405134,cal,0,1,0.5192351341247559,0.5192351341247559
1475835639,cal,0,0,0.4896160960197449,0.5103839039802551
899505330,cal,0,1,0.5302704572677612,0.5302704572677612
1175552103,cal,0,1,0.506527304649353,0.506527304649353
902517748,cal,0,1,0.5182865858078003,0.5182865858078003
1466906292,cal,0,1,0.541668176651001,0.541668176651001
1559292995,cal,0,1,0.5237934589385986,0.5237934589385986
194838598,cal,0,1,0.5342989563941956,0.5342989563941956
357516501,cal,0,0,0.4998210072517395,0.5001789927482605
801703425,cal,0,1,0.5161001682281494,0.5161001682281494
330845917,cal,0,1,0.5569802522659302,0.5569802522659302
1020448478,cal,0,1,0.5469455718994141,0.5469455718994141
1624680784,cal,0,1,0.5596778392791748,0.5596778392791748
1916192448,cal,0,1,0.5316906571388245,0.5316906571388245
946544372,cal,0,1,0.5377166867256165,0.5377166867256165
1387575435,cal,0,1,0.51991868019104,0.51991868019104
320644968,cal,1,1,0.5490490198135376,0.5490490198135376
1545216016,cal,1,1,0.5317714214324951,0.5317714214324951
1684384771,cal,1,1,0.5478513836860657,0.5478513836860657
1995089065,cal,1,1,0.5360265970230103,0.5360265970230103
761760434,cal,0,1,0.586090087890625,0.586090087890625
2115766061,cal,0,1,0.5757099390029907,0.5757099390029907
1327283623,cal,0,1,0.5922896862030029,0.5922896862030029
1972811593,cal,0,1,0.5761476755142212,0.5761476755142212
2000631197,cal,0,1,0.5763207674026489,0.5763207674026489
704303075,test,0,0,0.48045235872268677,0.5195476412773132
1036407755,test,0,0,0.49029454588890076,0.5097054243087769
85554279,test,1,0,0.4940167963504791,0.5059832334518433
897326644,test,1,0,0.4812137186527252,0.5187863111495972
1517455619,test,0,0,0.25547438859939575,0.7445256114006042
1602758114,test,0,0,0.2637020945549011,0.7362979054450989
677540989,test,0,0,0.2577632665634155,0.7422367334365845
777326227,test,0,0,0.26715919375419617,0.7328407764434814
417270667,cal,0,1,0.5262437462806702,0.5262437462806702
1921784070,cal,0,1,0.5141285061836243,0.5141285061836243
690513044,cal,0,1,0.5091211795806885,0.5091211795806885
1493493417,cal,0,1,0.5217465758323669,0.5217465758323669
579275093,cal,0,1,0.5883641242980957,0.5883641242980957
698702535,cal,0,1,0.5972419381141663,0.5972419381141663
2063883078,cal,0,1,0.5902979373931885,0.5902979373931885
690200756,cal,0,1,0.5793567895889282,0.5793567895889282
714191922,cal,0,1,0.5771035552024841,0.5771035552024841
380106691,test,0,1,0.5319479703903198,0.5319479703903198
1807763564,test,0,1,0.5070459246635437,0.5070459246635437
1720250240,test,0,1,0.5115973353385925,0.5115973353385925
1738148008,test,0,1,0.5036014318466187,0.5036014318466187
1021339783,cal,1,1,0.575675904750824,0.575675904750824
1345154394,cal,1,1,0.5748963952064514,0.5748963952064514
397584476,cal,0,1,0.5854963660240173,0.5854963660240173
486901586,cal,0,1,0.5853762626647949,0.5853762626647949
1745634441,cal,0,1,0.5787240266799927,0.5787240266799927
1146643337,cal,0,1,0.5856330394744873,0.5856330394744873
1904722471,cal,0,1,0.5783566236495972,0.5783566236495972
530488345,cal,1,1,0.5803893208503723,0.5803893208503723
1331598879,cal,1,1,0.5841931104660034,0.5841931104660034
1908004188,cal,1,1,0.6012860536575317,0.6012860536575317
2132405402,cal,1,1,0.5818636417388916,0.5818636417388916
1606557674,cal,0,1,0.6147046685218811,0.6147046685218811
2046141420,cal,0,1,0.587313711643219,0.587313711643219
890274387,cal,0,1,0.6008749008178711,0.6008749008178711
1383325168,cal,0,1,0.6354557275772095,0.6354557275772095
53884862,test,0,1,0.516420841217041,0.516420841217041
833872151,test,0,1,0.5106959939002991,0.5106959939002991
628612286,test,1,1,0.5167259573936462,0.5167259573936462
1135813307,test,1,1,0.5070772171020508,0.5070772171020508
281689537,cal,0,0,0.49856990575790405,0.501430094242096
458751727,cal,0,0,0.4786267578601837,0.5213732719421387
123317612,cal,1,0,0.46793943643569946,0.5320605635643005
1893113149,cal,1,0,0.48009270429611206,0.5199072957038879
1179596040,cal,1,1,0.5129150748252869,0.5129150748252869
1181339971,cal,1,1,0.5049233436584473,0.5049233436584473
484840727,cal,0,1,0.5041117668151855,0.5041117668151855
1804504682,cal,0,1,0.5104789137840271,0.5104789137840271
825270681,test,0,1,0.634300708770752,0.634300708770752
1113093954,test,0,1,0.5919632911682129,0.5919632911682129
145056531,test,0,1,0.5803081393241882,0.5803081393241882
2108025467,test,0,1,0.6258066892623901,0.6258066892623901
233866181,test,0,1,0.5816992521286011,0.5816992521286011
641316920,test,0,1,0.5721663236618042,0.5721663236618042
410046636,test,0,1,0.5732068419456482,0.5732068419456482
735548302,test,0,1,0.579431414604187,0.579431414604187
105958462,cal,0,1,0.5730341672897339,0.5730341672897339
1438524595,cal,0,1,0.6050881743431091,0.6050881743431091
1641267743,cal,0,1,0.5787124037742615,0.5787124037742615
280832044,cal,0,1,0.5780620574951172,0.5780620574951172
1701718777,cal,0,1,0.6034063696861267,0.6034063696861267
1502097690,cal,0,0,0.48579686880111694,0.5142031311988831
1526628248,cal,0,1,0.5109846591949463,0.5109846591949463
51821090,cal,0,1,0.5129227042198181,0.5129227042198181
54885811,cal,0,0,0.49950340390205383,0.5004966259002686
1666334909,test,0,1,0.6154853701591492,0.6154853701591492
1911736265,test,0,1,0.6170029640197754,0.6170029640197754
851479978,test,1,1,0.6147284507751465,0.6147284507751465
1440330611,test,1,1,0.617699921131134,0.617699921131134
1124728572,cal,0,0,0.4721596837043762,0.5278403162956238
1877539186,cal,0,1,0.5036160349845886,0.5036160349845886
637704776,cal,0,0,0.45488905906677246,0.5451109409332275
1140240363,cal,0,0,0.4895360767841339,0.5104639530181885
1568097327,cal,0,0,0.4733476936817169,0.5266523361206055
391040684,cal,0,0,0.49839916825294495,0.5016008615493774
937649993,cal,0,1,0.5547753572463989,0.5547753572463989
2001574189,cal,0,0,0.4807497262954712,0.5192502737045288
1960739226,cal,0,1,0.5521055459976196,0.5521055459976196
2139390499,cal,0,0,0.4021613597869873,0.5978386402130127
968239237,cal,0,1,0.5809314846992493,0.5809314846992493
973441430,cal,0,1,0.5492311716079712,0.5492311716079712
797419964,cal,0,1,0.5876477956771851,0.5876477956771851
1321812072,cal,0,1,0.5525948405265808,0.5525948405265808
1178719887,cal,0,0,0.4920160472393036,0.507983922958374
1377360933,cal,0,0,0.4668412506580353,0.5331587791442871
1443970463,cal,0,0,0.45982107520103455,0.5401788949966431
1740766932,cal,0,0,0.4526785612106323,0.5473214387893677
172337301,cal,0,1,0.5218372344970703,0.5218372344970703
643867446,cal,0,1,0.5204011797904968,0.5204011797904968
526806250,cal,0,1,0.5114956498146057,0.5114956498146057
1078539715,cal,0,1,0.518391489982605,0.518391489982605
449782913,cal,0,0,0.48984023928642273,0.5101597309112549
1574179907,cal,0,0,0.47982195019721985,0.5201780796051025
132198536,cal,0,0,0.4832310080528259,0.5167689919471741
764924611,cal,0,0,0.48891887068748474,0.5110810995101929
734486320,cal,0,1,0.5437856316566467,0.5437856316566467
1529879594,cal,0,1,0.5581184029579163,0.5581184029579163
104790766,cal,0,1,0.5585206151008606,0.5585206151008606
1730585406,cal,0,1,0.5482462048530579,0.5482462048530579
1155052600,cal,0,1,0.5604018568992615,0.5604018568992615
1821605755,cal,0,1,0.5547738671302795,0.5547738671302795
356936760,cal,1,1,0.5405803918838501,0.5405803918838501
1778659003,cal,1,1,0.530882716178894,0.530882716178894
1936711580,cal,1,1,0.5428596138954163,0.5428596138954163
72206775,cal,1,1,0.5739243626594543,0.5739243626594543
891734084,cal,1,1,0.5720747113227844,0.5720747113227844
1534271742,cal,1,1,0.5743546485900879,0.5743546485900879
537108157,cal,0,1,0.5522253513336182,0.5522253513336182
646293469,cal,0,1,0.5588453412055969,0.5588453412055969
1689082764,cal,0,1,0.5350156426429749,0.5350156426429749
2071536425,cal,0,1,0.5735177397727966,0.5735177397727966
297471146,cal,1,1,0.6007509231567383,0.6007509231567383
1456940701,cal,1,1,0.5903978943824768,0.5903978943824768
420825824,cal,0,1,0.5971762537956238,0.5971762537956238
489674195,cal,0,1,0.5902900099754333,0.5902900099754333
1178398323,cal,0,1,0.601298987865448,0.601298987865448
121046983,cal,0,1,0.549050509929657,0.549050509929657
1737366219,cal,0,1,0.5594438314437866,0.5594438314437866
1018322853,cal,0,1,0.5569559931755066,0.5569559931755066
1521466930,cal,0,1,0.5726402997970581,0.5726402997970581
711008580,cal,0,1,0.5563739538192749,0.5563739538192749
2098929898,cal,0,1,0.5934944152832031,0.5934944152832031
1203353822,cal,0,1,0.5876436829566956,0.5876436829566956
1649112959,cal,0,1,0.558063268661499,0.558063268661499
780098899,cal,0,1,0.5594717264175415,0.5594717264175415
944967642,cal,0,1,0.5524151921272278,0.5524151921272278
1829179049,cal,0,1,0.5613939762115479,0.5613939762115479
375025646,cal,0,1,0.572321891784668,0.572321891784668
1106098848,cal,0,1,0.5654445290565491,0.5654445290565491
1492331792,cal,1,1,0.5331838130950928,0.5331838130950928
1640747372,cal,1,1,0.5708490014076233,0.5708490014076233
1035593328,cal,0,0,0.48898452520370483,0.5110154747962952
1571542936,cal,0,1,0.5215705037117004,0.5215705037117004
2132574913,cal,0,1,0.5761562585830688,0.5761562585830688
1106285755,cal,0,1,0.5025137066841125,0.5025137066841125
1134367582,cal,0,1,0.5347660183906555,0.5347660183906555
740256087,cal,1,1,0.5362724661827087,0.5362724661827087
1228063389,cal,1,1,0.5016584396362305,0.5016584396362305
926608092,cal,0,0,0.47335875034332275,0.5266412496566772
949442019,cal,0,0,0.4886922240257263,0.5113077759742737
199450073,cal,0,0,0.48494410514831543,0.5150558948516846
1286240394,cal,0,0,0.4745028018951416,0.5254971981048584
347210146,test,0,1,0.5487688779830933,0.5487688779830933
1292600692,test,0,1,0.5626852512359619,0.5626852512359619
1997977030,test,0,1,0.5649409294128418,0.5649409294128418
689208943,test,1,1,0.5676982402801514,0.5676982402801514
1357155645,test,1,1,0.560456395149231,0.560456395149231
118770993,cal,0,1,0.5298898816108704,0.5298898816108704
239968975,cal,0,1,0.5521227717399597,0.5521227717399597
992242569,cal,0,1,0.5805269479751587,0.5805269479751587
1855714017,cal,0,1,0.5445016622543335,0.5445016622543335
1953246790,cal,0,1,0.5689255595207214,0.5689255595207214
2028810446,cal,0,1,0.5563638210296631,0.5563638210296631
25325183,cal,0,1,0.5634059906005859,0.5634059906005859
598157306,cal,0,1,0.5723736882209778,0.5723736882209778
1181948538,cal,0,1,0.5741181373596191,0.5741181373596191
1486023638,cal,0,1,0.5897027850151062,0.5897027850151062
1775227547,cal,0,1,0.5699855089187622,0.5699855089187622
372710842,test,0,0,0.4729311764240265,0.5270688533782959
464179390,test,0,0,0.48305580019950867,0.516944169998169
1053387628,test,0,0,0.4714226722717285,0.5285773277282715
844406415,test,0,0,0.47859054803848267,0.5214094519615173
1622596313,test,0,0,0.485259085893631,0.5147409439086914
1633572457,test,0,1,0.5030743479728699,0.5030743479728699
139636140,cal,0,1,0.5986511707305908,0.5986511707305908
896781958,cal,0,1,0.5921680927276611,0.5921680927276611
1203645886,cal,0,1,0.5730206966400146,0.5730206966400146
1027898986,cal,0,1,0.5651491284370422,0.5651491284370422
2127200998,cal,0,1,0.5877044200897217,0.5877044200897217
1355870302,test,0,1,0.5629544258117676,0.5629544258117676
2053860149,test,0,1,0.5294877290725708,0.5294877290725708
206173964,test,0,1,0.5169415473937988,0.5169415473937988
1655977383,test,0,1,0.5629377365112305,0.5629377365112305
330351991,test,0,1,0.5941603779792786,0.5941603779792786
617021833,test,0,1,0.5965890884399414,0.5965890884399414
1263282248,test,0,1,0.6137398481369019,0.6137398481369019
1473433796,test,0,1,0.6284950971603394,0.6284950971603394
394779002,test,0,1,0.6071149706840515,0.6071149706840515
522811556,test,0,1,0.6366344690322876,0.6366344690322876
1448225467,test,0,1,0.6088476777076721,0.6088476777076721
1979326920,test,0,1,0.622954785823822,0.622954785823822
1024509064,test,0,1,0.5218054056167603,0.5218054056167603
1147537695,test,0,1,0.5456154346466064,0.5456154346466064
1466873633,test,0,1,0.544143795967102,0.544143795967102
906878958,test,0,1,0.5162743330001831,0.5162743330001831
1620967604,test,0,1,0.5280462503433228,0.5280462503433228
61496615,cal,0,1,0.5449029207229614,0.5449029207229614
1067738707,cal,0,1,0.5746676921844482,0.5746676921844482
1170687624,cal,0,1,0.5552076697349548,0.5552076697349548
1713171263,cal,0,1,0.54605633020401,0.54605633020401
1751805873,cal,0,1,0.5670849084854126,0.5670849084854126
87065139,cal,1,1,0.5490398406982422,0.5490398406982422
838370499,cal,1,1,0.5601122379302979,0.5601122379302979
2083676894,cal,1,1,0.550231397151947,0.550231397151947
2115320828,cal,1,1,0.555985152721405,0.555985152721405
259255790,cal,0,1,0.5862655639648438,0.5862655639648438
1659973911,cal,0,1,0.5494396090507507,0.5494396090507507
1755285576,cal,0,1,0.5714775323867798,0.5714775323867798
69030391,cal,0,1,0.5760265588760376,0.5760265588760376
916644145,cal,0,1,0.5814041495323181,0.5814041495323181
995142126,cal,0,1,0.5446292161941528,0.5446292161941528
831452456,cal,0,1,0.5143902897834778,0.5143902897834778
1602052513,cal,0,0,0.4970148205757141,0.5029851794242859
237103385,cal,0,1,0.5096604228019714,0.5096604228019714
1324050703,cal,0,1,0.5017687678337097,0.5017687678337097
525277600,test,0,0,0.4812614321708679,0.5187385678291321
894607583,test,0,1,0.5257463455200195,0.5257463455200195
1247957281,test,0,1,0.5311755537986755,0.5311755537986755
1541445450,test,0,0,0.49766337871551514,0.5023366212844849
971352285,cal,0,0,0.49806690216064453,0.5019330978393555
1988199226,cal,0,0,0.4744310975074768,0.5255689024925232
130115674,cal,0,0,0.4749273657798767,0.5250726342201233
529630646,cal,0,0,0.4597422182559967,0.5402578115463257
1222543220,cal,0,0,0.4841676950454712,0.5158323049545288
1890050572,cal,0,0,0.48173412680625916,0.5182658433914185
1060008647,cal,0,0,0.47955334186553955,0.5204466581344604
1971482084,cal,0,0,0.4983697831630707,0.5016301870346069
260819064,cal,0,1,0.6102589964866638,0.6102589964866638
822746775,cal,0,1,0.611647367477417,0.611647367477417
1642666959,cal,0,1,0.5794367790222168,0.5794367790222168
1936568436,cal,0,1,0.5828244090080261,0.5828244090080261
411759528,cal,0,1,0.5975180864334106,0.5975180864334106
898541273,cal,0,1,0.5933581590652466,0.5933581590652466
1100842475,cal,0,1,0.5989381670951843,0.5989381670951843
1229226078,cal,0,1,0.6081079244613647,0.6081079244613647
30312092,cal,0,1,0.5720885992050171,0.5720885992050171
420015311,cal,0,1,0.5481274127960205,0.5481274127960205
1521047732,cal,0,1,0.5740994811058044,0.5740994811058044
357648183,cal,1,1,0.5641387104988098,0.5641387104988098
1607163343,cal,1,1,0.5715786814689636,0.5715786814689636
1818145913,cal,0,0,0.295565664768219,0.704434335231781
2010592840,cal,0,0,0.2535322308540344,0.7464677691459656
878753255,cal,0,0,0.2512020170688629,0.7487980127334595
1313850781,cal,0,0,0.29418081045150757,0.7058191895484924
1738462332,cal,0,0,0.25890594720840454,0.7410940527915955
1061206450,cal,1,0,0.49657365679740906,0.5034263134002686
1151106822,cal,1,0,0.4968942105770111,0.5031057596206665
230075586,cal,0,0,0.47747790813446045,0.5225220918655396
539606393,cal,0,1,0.5203457474708557,0.5203457474708557
1624831082,cal,0,1,0.5101250410079956,0.5101250410079956
1163118403,test,0,1,0.5820779800415039,0.5820779800415039
1812975094,test,0,1,0.6233394742012024,0.6233394742012024
1884451754,test,0,1,0.5993456840515137,0.5993456840515137
1764070224,test,0,1,0.5922105312347412,0.5922105312347412
1887371952,test,0,1,0.6306601166725159,0.6306601166725159
837445011,cal,0,1,0.5216363072395325,0.5216363072395325
1182685006,cal,0,1,0.561992347240448,0.561992347240448
1488169873,cal,0,1,0.5709123611450195,0.5709123611450195
218316397,cal,0,1,0.5525802969932556,0.5525802969932556
307719234,cal,0,1,0.5785761475563049,0.5785761475563049
732610350,cal,0,1,0.5757710933685303,0.5757710933685303
1065680659,cal,0,1,0.5556392669677734,0.5556392669677734
690029289,test,0,1,0.5046813488006592,0.5046813488006592
1254206702,test,0,1,0.5090103149414062,0.5090103149414062
473646178,test,0,1,0.5079860687255859,0.5079860687255859
1512249708,test,0,1,0.5038806200027466,0.5038806200027466
664102561,test,0,1,0.5072769522666931,0.5072769522666931
1054374870,test,0,1,0.5037081837654114,0.5037081837654114
1927936995,test,0,1,0.5285900831222534,0.5285900831222534
2098865599,test,0,1,0.5366548895835876,0.5366548895835876
617440973,test,0,1,0.5236077308654785,0.5236077308654785
1017004497,test,0,0,0.4958951473236084,0.5041048526763916
2101136419,test,0,1,0.5299152135848999,0.5299152135848999
820433520,cal,1,1,0.6362839341163635,0.6362839341163635
1329945541,cal,1,1,0.5906127691268921,0.5906127691268921
494034978,cal,0,1,0.6526683568954468,0.6526683568954468
850182403,cal,0,1,0.5989698171615601,0.5989698171615601
13642179,test,1,1,0.5246030688285828,0.5246030688285828
732285063,test,1,1,0.5950864553451538,0.5950864553451538
1048720297,test,1,1,0.5772269368171692,0.5772269368171692
1097647146,test,1,1,0.5790257453918457,0.5790257453918457
421198716,test,1,1,0.5967674851417542,0.5967674851417542
847899986,test,1,1,0.5330585837364197,0.5330585837364197
1437099010,test,1,1,0.5653905272483826,0.5653905272483826
2034374592,test,1,1,0.5524945855140686,0.5524945855140686
1503454512,cal,0,1,0.6092556118965149,0.6092556118965149
1567117896,cal,0,1,0.6333923935890198,0.6333923935890198
312864851,cal,0,1,0.610888659954071,0.610888659954071
424616393,cal,0,1,0.6312254071235657,0.6312254071235657
1898111248,cal,0,1,0.6225836277008057,0.6225836277008057
498811830,cal,0,1,0.5955216884613037,0.5955216884613037
1777288142,cal,0,1,0.5780004262924194,0.5780004262924194
2057058813,cal,0,1,0.5603878498077393,0.5603878498077393
1286144658,cal,0,1,0.584945023059845,0.584945023059845
1744381616,cal,0,1,0.5724779963493347,0.5724779963493347
1902509628,cal,0,1,0.5661280751228333,0.5661280751228333
88865650,cal,0,1,0.5138251781463623,0.5138251781463623
764325679,cal,0,1,0.5039591789245605,0.5039591789245605
1185333297,cal,0,1,0.5034677982330322,0.5034677982330322
1522119158,cal,0,1,0.5144904851913452,0.5144904851913452
1442206104,cal,0,0,0.48861655592918396,0.5113834142684937
1722822096,cal,0,1,0.5016604065895081,0.5016604065895081
1355734584,cal,0,1,0.50419682264328,0.50419682264328
1990068859,cal,0,1,0.502421498298645,0.502421498298645
279197134,cal,0,1,0.5049145221710205,0.5049145221710205
1122467481,cal,0,1,0.5345550775527954,0.5345550775527954
1213669512,cal,0,1,0.5017237067222595,0.5017237067222595
105316769,cal,0,0,0.48945409059524536,0.5105459094047546
1102887170,cal,0,1,0.5154065489768982,0.5154065489768982
122707324,cal,1,1,0.5189118385314941,0.5189118385314941
1613421205,cal,1,1,0.5398562550544739,0.5398562550544739
933744975,cal,0,1,0.5242800712585449,0.5242800712585449
1263235612,cal,0,1,0.5205274224281311,0.5205274224281311
233201459,test,0,1,0.6063264012336731,0.6063264012336731
1966298736,test,0,1,0.607088565826416,0.607088565826416
98615814,test,0,1,0.5975190997123718,0.5975190997123718
349787619,test,0,1,0.6199950575828552,0.6199950575828552
553490475,cal,0,0,0.4710027575492859,0.5289972424507141
645019090,cal,0,0,0.4818479120731354,0.518152117729187
1066369332,cal,0,0,0.46044468879699707,0.5395553112030029
1202406526,cal,0,0,0.4822746515274048,0.5177253484725952
1394539069,cal,0,1,0.5189235806465149,0.5189235806465149
1906068364,cal,0,1,0.5145928263664246,0.5145928263664246
518091930,cal,0,1,0.5022797584533691,0.5022797584533691
750945436,cal,0,1,0.527655303478241,0.527655303478241
1460798959,cal,0,1,0.5014231204986572,0.5014231204986572
1619317945,cal,0,0,0.49177202582359314,0.5082279443740845
887909059,cal,0,0,0.48724880814552307,0.5127512216567993
1100485106,cal,0,1,0.5166884064674377,0.5166884064674377
1347485144,cal,0,0,0.49087682366371155,0.5091232061386108
1368571682,cal,0,0,0.4716073274612427,0.5283926725387573
15252124,cal,0,0,0.48903828859329224,0.5109617114067078
125246884,cal,0,0,0.48673686385154724,0.5132631063461304
251065224,test,0,1,0.5629857182502747,0.5629857182502747
590824378,test,0,1,0.5758749842643738,0.5758749842643738
1947595257,test,0,1,0.5483088493347168,0.5483088493347168
641883900,test,0,1,0.5572081208229065,0.5572081208229065
1459997085,test,0,1,0.5615398287773132,0.5615398287773132
2044432456,test,0,1,0.5656285881996155,0.5656285881996155
148049337,cal,1,1,0.6321340799331665,0.6321340799331665
186216737,cal,1,1,0.6265338659286499,0.6265338659286499
830723707,cal,1,1,0.6444689035415649,0.6444689035415649
156995672,cal,0,1,0.6295366883277893,0.6295366883277893
739728353,cal,0,1,0.602711021900177,0.602711021900177
1828025337,cal,0,1,0.6396142840385437,0.6396142840385437
557990235,cal,0,1,0.5508767366409302,0.5508767366409302
1985369340,cal,0,1,0.5861417055130005,0.5861417055130005
521720011,cal,0,1,0.5908437371253967,0.5908437371253967
1689292729,cal,0,1,0.5986400842666626,0.5986400842666626
496101627,test,0,1,0.5588580369949341,0.5588580369949341
780979770,test,0,1,0.5526363253593445,0.5526363253593445
1912628949,test,0,1,0.5356700420379639,0.5356700420379639
1016966074,test,0,1,0.5474830269813538,0.5474830269813538
1713671168,test,0,1,0.5411027669906616,0.5411027669906616
2018358564,test,0,1,0.5410188436508179,0.5410188436508179
1979847590,cal,0,0,0.45043307542800903,0.549566924571991
2103339239,cal,0,0,0.49072620272636414,0.5092737674713135
342679145,cal,0,0,0.47789621353149414,0.5221037864685059
1639917622,cal,0,0,0.47175246477127075,0.5282475352287292
494974784,test,0,0,0.48783648014068604,0.512163519859314
2019013000,test,0,0,0.48102349042892456,0.5189765095710754
352547246,test,1,0,0.48493078351020813,0.5150692462921143
1850429460,test,1,0,0.4671655595302582,0.5328344106674194
293173567,cal,1,1,0.5464048981666565,0.5464048981666565
970369752,cal,1,1,0.5137302279472351,0.5137302279472351
1286333182,cal,0,1,0.5497933030128479,0.5497933030128479
1783955417,cal,0,1,0.5072774291038513,0.5072774291038513
1267256940,test,0,1,0.5307818651199341,0.5307818651199341
1567670673,test,0,1,0.5051278471946716,0.5051278471946716
1252702497,test,0,1,0.5145120620727539,0.5145120620727539
1271801895,test,0,0,0.4990854263305664,0.5009145736694336
398634972,cal,0,1,0.5854067206382751,0.5854067206382751
1200216975,cal,0,1,0.5887801647186279,0.5887801647186279
457663210,cal,0,1,0.5896490216255188,0.5896490216255188
2126548338,cal,0,1,0.5976914763450623,0.5976914763450623
92358603,cal,0,1,0.5116418600082397,0.5116418600082397
630687029,cal,0,1,0.5210718512535095,0.5210718512535095
1382566181,cal,0,1,0.5101572275161743,0.5101572275161743
484049725,cal,0,1,0.5120798349380493,0.5120798349380493
693378322,cal,0,1,0.5107066631317139,0.5107066631317139
1674479129,cal,0,1,0.6009548306465149,0.6009548306465149
1768773007,cal,0,1,0.5739721655845642,0.5739721655845642
774466555,cal,0,1,0.5546369552612305,0.5546369552612305
840692125,cal,0,1,0.5726045966148376,0.5726045966148376
842601110,test,0,1,0.5127881765365601,0.5127881765365601
1229024252,test,0,1,0.5161271095275879,0.5161271095275879
798723399,test,0,1,0.5095364451408386,0.5095364451408386
1396186876,test,0,1,0.5271207690238953,0.5271207690238953
785295588,cal,0,1,0.5040150880813599,0.5040150880813599
2038934866,cal,0,1,0.5065656304359436,0.5065656304359436
56065412,cal,0,0,0.46878156065940857,0.531218409538269
1172209353,cal,0,0,0.4748164117336273,0.5251835584640503
733344088,cal,0,0,0.4550394117832184,0.544960618019104
992436272,cal,0,0,0.48421910405158997,0.5157809257507324
117160270,cal,0,0,0.45914772152900696,0.5408523082733154
2110455754,cal,0,0,0.49468132853507996,0.5053186416625977
369665621,cal,0,1,0.5898522734642029,0.5898522734642029
570924467,cal,0,1,0.5889770984649658,0.5889770984649658
818775152,cal,0,1,0.5431650876998901,0.5431650876998901
903962852,cal,0,1,0.5866038203239441,0.5866038203239441
940827563,cal,0,1,0.5808532238006592,0.5808532238006592
1326595343,cal,0,1,0.5994369983673096,0.5994369983673096
683431424,cal,0,0,0.45620349049568176,0.5437965393066406
1330944319,cal,0,0,0.30131208896636963,0.6986879110336304
179935944,cal,0,0,0.31074628233909607,0.6892536878585815
443036616,cal,0,0,0.32692691683769226,0.6730730533599854
48103705,test,0,0,0.47810888290405273,0.5218911170959473
1357295658,test,0,0,0.4519907236099243,0.5480092763900757
1370047807,test,0,0,0.4479787349700928,0.5520212650299072
1896163117,test,0,0,0.4961199164390564,0.5038800835609436
490966713,cal,1,1,0.5051703453063965,0.5051703453063965
2011922967,cal,1,1,0.5216585993766785,0.5216585993766785
460121481,cal,0,1,0.5010390877723694,0.5010390877723694
1499021125,cal,0,1,0.5074094533920288,0.5074094533920288
1372132287,cal,1,0,0.4911671280860901,0.5088328719139099
1940528865,cal,1,0,0.46911168098449707,0.5308883190155029
2037343606,cal,1,0,0.4982447326183319,0.5017552375793457
1175294552,cal,0,0,0.48469576239585876,0.5153042078018188
1892243251,cal,0,0,0.46090906858444214,0.5390909314155579
599470759,test,1,1,0.5115892291069031,0.5115892291069031
1361330065,test,1,1,0.5235979557037354,0.5235979557037354
1365374412,test,0,1,0.5229309797286987,0.5229309797286987
1810384207,test,0,1,0.5250732898712158,0.5250732898712158
881917518,cal,0,1,0.5626339912414551,0.5626339912414551
2066402592,cal,0,1,0.5714755058288574,0.5714755058288574
648431411,cal,0,1,0.5835574269294739,0.5835574269294739
1708747078,cal,0,1,0.5545881390571594,0.5545881390571594
159022158,cal,0,1,0.5330607295036316,0.5330607295036316
352997847,cal,0,1,0.5691968202590942,0.5691968202590942
527124710,cal,0,1,0.612669825553894,0.612669825553894
764926586,cal,0,1,0.5671295523643494,0.5671295523643494
1054666500,cal,0,1,0.6080910563468933,0.6080910563468933
1758973815,cal,0,1,0.5719572901725769,0.5719572901725769
1396255118,cal,0,0,0.48036497831344604,0.519635021686554
1973065608,cal,0,0,0.451910138130188,0.548089861869812
884285438,cal,0,0,0.4807952642440796,0.5192047357559204
1359575882,cal,0,0,0.4922361671924591,0.5077638626098633
413206924,test,0,1,0.6001616716384888,0.6001616716384888
1120894682,test,0,1,0.5777952075004578,0.5777952075004578
463333816,test,0,1,0.5792438387870789,0.5792438387870789
946816946,test,0,1,0.5941749811172485,0.5941749811172485
1879245978,cal,0,1,0.5944315195083618,0.5944315195083618
2111247597,cal,0,1,0.5845804810523987,0.5845804810523987
1367041914,cal,0,1,0.5702192187309265,0.5702192187309265
1751752442,cal,0,1,0.6116748452186584,0.6116748452186584
2119501516,cal,0,1,0.6053190231323242,0.6053190231323242
182085536,cal,1,1,0.5082481503486633,0.5082481503486633
738210157,cal,1,1,0.5141565203666687,0.5141565203666687
583411747,cal,0,1,0.509980320930481,0.509980320930481
874898338,cal,0,1,0.5170512199401855,0.5170512199401855
2216561,test,0,1,0.5761248469352722,0.5761248469352722
772061157,test,0,1,0.5774505734443665,0.5774505734443665
1356484055,test,0,1,0.5871816277503967,0.5871816277503967
354241054,test,0,1,0.5906746983528137,0.5906746983528137
829934522,test,0,1,0.5845916271209717,0.5845916271209717
1949088348,test,0,1,0.5618485808372498,0.5618485808372498
1773817889,test,0,1,0.502147912979126,0.502147912979126
1943983416,test,0,1,0.5098984241485596,0.5098984241485596
289529639,test,0,1,0.5310418009757996,0.5310418009757996
915003869,test,0,1,0.5256031155586243,0.5256031155586243
2049106096,cal,0,1,0.6128916144371033,0.6128916144371033
2076678466,cal,0,1,0.6254642605781555,0.6254642605781555
170258909,cal,0,1,0.609369158744812,0.609369158744812
578140088,cal,0,1,0.6282864212989807,0.6282864212989807
477297358,cal,0,0,0.48422521352767944,0.5157747864723206
1532237234,cal,0,0,0.46226629614830017,0.5377336740493774
52027848,cal,0,0,0.4582352340221405,0.5417647361755371
360247761,cal,0,0,0.4860313832759857,0.5139685869216919
1253352568,cal,0,1,0.5416980385780334,0.5416980385780334
1315540203,cal,0,1,0.5529636740684509,0.5529636740684509
1730434122,cal,0,1,0.5480751991271973,0.5480751991271973
1383934781,cal,1,1,0.5521740913391113,0.5521740913391113
2036138693,cal,1,1,0.5476769804954529,0.5476769804954529
144040357,cal,1,1,0.6272532343864441,0.6272532343864441
1746593996,cal,1,1,0.6360384225845337,0.6360384225845337
1855702583,cal,1,1,0.6299561858177185,0.6299561858177185
501641277,cal,0,1,0.6359325647354126,0.6359325647354126
712480593,cal,0,1,0.6171156764030457,0.6171156764030457
1464522508,cal,0,1,0.6292449831962585,0.6292449831962585
1512422537,cal,0,1,0.637709379196167,0.637709379196167
979387990,test,0,1,0.5659686326980591,0.5659686326980591
1084587585,test,0,1,0.5768463611602783,0.5768463611602783
1289214502,test,0,1,0.5700293779373169,0.5700293779373169
1653001337,test,0,1,0.567869246006012,0.567869246006012
404747639,cal,1,1,0.5934236645698547,0.5934236645698547
1398920938,cal,1,1,0.5979537963867188,0.5979537963867188
539712135,cal,0,1,0.5974805355072021,0.5974805355072021
2070433798,cal,0,1,0.5918129086494446,0.5918129086494446
2081416938,cal,0,1,0.5928248763084412,0.5928248763084412
185306406,test,0,0,0.4690800905227661,0.5309199094772339
2003193603,test,0,0,0.464680939912796,0.5353190898895264
485658143,test,0,0,0.43218281865119934,0.567817211151123
864589006,test,0,0,0.4893905520439148,0.5106094479560852
778862493,cal,0,1,0.5931265354156494,0.5931265354156494
1334326047,cal,0,1,0.6124218702316284,0.6124218702316284
1723314149,cal,0,1,0.6115495562553406,0.6115495562553406
1388644370,cal,0,1,0.5886203050613403,0.5886203050613403
1792830391,cal,0,1,0.6206129193305969,0.6206129193305969
1886121407,cal,0,1,0.6118372082710266,0.6118372082710266
118723019,test,0,1,0.5662757158279419,0.5662757158279419
191875276,test,0,1,0.536051869392395,0.536051869392395
939204383,test,0,1,0.537962794303894,0.537962794303894
1716320469,test,0,1,0.5552619099617004,0.5552619099617004
170922164,cal,0,1,0.5786709785461426,0.5786709785461426
689852058,cal,0,1,0.5710151791572571,0.5710151791572571
442271316,cal,0,1,0.5640888214111328,0.5640888214111328
1541098779,cal,0,1,0.5771276950836182,0.5771276950836182
605336672,cal,0,1,0.5772000551223755,0.5772000551223755
837008714,cal,0,1,0.5467228293418884,0.5467228293418884
1157373660,cal,0,1,0.5657840371131897,0.5657840371131897
594137569,cal,0,1,0.5380825996398926,0.5380825996398926
895465555,cal,0,1,0.5461101531982422,0.5461101531982422
940927443,cal,0,1,0.5246252417564392,0.5246252417564392
1204520054,cal,0,1,0.5821129679679871,0.5821129679679871
1961228533,cal,0,1,0.5914532542228699,0.5914532542228699
734764646,cal,0,1,0.5728256702423096,0.5728256702423096
2048753738,cal,0,1,0.5848073959350586,0.5848073959350586
560624869,cal,0,0,0.4745942950248718,0.5254057049751282
1133393891,cal,0,0,0.4922344386577606,0.507765531539917
1774816212,cal,0,1,0.5341858863830566,0.5341858863830566
2004222452,cal,0,1,0.517509400844574,0.517509400844574
654528578,cal,0,1,0.5040988922119141,0.5040988922119141
1273878351,cal,0,0,0.4597490131855011,0.5402510166168213
1817810397,cal,0,0,0.4834204912185669,0.5165795087814331
1874362560,cal,0,0,0.4754170775413513,0.5245829224586487
1933459456,cal,0,0,0.48471391201019287,0.5152860879898071
663399797,test,0,0,0.4791993498802185,0.5208006501197815
1926060162,test,0,1,0.5227606296539307,0.5227606296539307
75630458,test,0,0,0.48524540662765503,0.514754593372345
1469341950,test,0,0,0.49207261204719543,0.507927417755127
601752984,cal,1,0,0.47476017475128174,0.5252398252487183
879230812,cal,1,1,0.5319615602493286,0.5319615602493286
1148724333,cal,1,1,0.5319589376449585,0.5319589376449585
2097686547,cal,1,1,0.5132708549499512,0.5132708549499512
669333419,cal,0,0,0.47963976860046387,0.5203602313995361
710230833,cal,0,1,0.5235275030136108,0.5235275030136108
736586842,cal,0,1,0.5004677772521973,0.5004677772521973
994268462,cal,0,1,0.5010924339294434,0.5010924339294434
2075197249,cal,0,1,0.5206103920936584,0.5206103920936584
144276590,cal,0,1,0.548453688621521,0.548453688621521
872502855,cal,0,1,0.5389639139175415,0.5389639139175415
2140128268,cal,0,1,0.5517287850379944,0.5517287850379944
530901435,cal,0,1,0.5301222205162048,0.5301222205162048
836547393,cal,0,1,0.5265781879425049,0.5265781879425049
1157787612,cal,0,1,0.524874746799469,0.524874746799469
970669287,test,0,1,0.6380347609519958,0.6380347609519958
1785063121,test,0,1,0.6156355142593384,0.6156355142593384
223518962,test,0,1,0.6486521363258362,0.6486521363258362
921434133,test,0,1,0.636208713054657,0.636208713054657
928397425,test,0,1,0.5988933444023132,0.5988933444023132
1525057239,test,0,1,0.587960958480835,0.587960958480835
534205102,test,0,1,0.5806172490119934,0.5806172490119934
1346264795,test,0,1,0.5857093334197998,0.5857093334197998
221769983,test,0,0,0.48492664098739624,0.5150733590126038
456980968,test,0,1,0.514159083366394,0.514159083366394
280411831,test,0,1,0.5036024451255798,0.5036024451255798
451464995,test,0,0,0.4754354655742645,0.5245645046234131
529097043,test,0,0,0.4858631491661072,0.5141368508338928
909970520,test,0,0,0.4956020712852478,0.5043979287147522
427559566,test,0,0,0.4669685363769531,0.5330314636230469
1866053795,test,0,0,0.4795702397823334,0.5204297304153442
798506642,cal,0,0,0.49698883295059204,0.503011167049408
896356073,cal,0,1,0.5055332183837891,0.5055332183837891
754202234,cal,0,0,0.48720794916152954,0.5127920508384705
1266287964,cal,0,0,0.48135626316070557,0.5186437368392944
1439900194,test,0,0,0.49487894773483276,0.5051210522651672
1906952624,test,0,0,0.4551927447319031,0.5448072552680969
16943885,test,0,0,0.4849054217338562,0.5150945782661438
2096423093,test,0,0,0.44267144799232483,0.5573285818099976
437676778,cal,0,1,0.517859697341919,0.517859697341919
1388980178,cal,0,0,0.4943971335887909,0.5056028366088867
361755997,cal,0,0,0.49673986434936523,0.5032601356506348
469817229,cal,0,0,0.4994884729385376,0.5005115270614624
1643689027,cal,0,0,0.4975300133228302,0.5024700164794922
14645136,cal,0,0,0.4963555932044983,0.5036444067955017
1400275006,cal,0,0,0.4723273813724518,0.5276726484298706
731603492,cal,1,0,0.4923364222049713,0.5076636075973511
1852467637,cal,1,0,0.4561186730861664,0.5438812971115112
117100441,cal,0,1,0.6080580949783325,0.6080580949783325
842162280,cal,0,1,0.5833647847175598,0.5833647847175598
141933398,cal,0,1,0.6071873307228088,0.6071873307228088
1988758353,cal,0,1,0.5918745994567871,0.5918745994567871
98628848,cal,0,0,0.4749998152256012,0.5250002145767212
1079344130,cal,0,0,0.4812610447406769,0.5187389850616455
1135646421,cal,1,0,0.4664422273635864,0.5335577726364136
1688920169,cal,1,0,0.4852069020271301,0.5147930979728699
697585938,cal,1,1,0.6077295541763306,0.6077295541763306
892117237,cal,1,1,0.6192549467086792,0.6192549467086792
943731268,cal,1,1,0.6097083687782288,0.6097083687782288
714707817,cal,0,1,0.6248160600662231,0.6248160600662231
716357282,cal,0,1,0.616891086101532,0.616891086101532
1167888675,cal,0,1,0.5871383547782898,0.5871383547782898
318479814,test,1,1,0.5465790033340454,0.5465790033340454
563722487,test,1,1,0.5773873329162598,0.5773873329162598
1506400572,test,0,1,0.5390391945838928,0.5390391945838928
1578272518,test,0,1,0.5414735674858093,0.5414735674858093
441231721,test,0,1,0.5473582744598389,0.5473582744598389
1888142666,test,0,1,0.5441662073135376,0.5441662073135376
259520500,test,0,1,0.5423058867454529,0.5423058867454529
945546728,test,0,1,0.5596506595611572,0.5596506595611572
943452515,test,0,1,0.5726673007011414,0.5726673007011414
1978408099,test,0,1,0.5807039737701416,0.5807039737701416
357870043,test,0,1,0.5712602138519287,0.5712602138519287
719213197,test,0,1,0.5776994228363037,0.5776994228363037
1880608419,cal,0,1,0.5168824791908264,0.5168824791908264
2012736034,cal,0,1,0.5270178914070129,0.5270178914070129
312429178,cal,0,1,0.5413017272949219,0.5413017272949219
756955074,cal,0,1,0.5104142427444458,0.5104142427444458
485727662,test,0,0,0.49780112504959106,0.5021988749504089
544311047,test,0,1,0.5031269788742065,0.5031269788742065
889783240,test,0,1,0.50057452917099,0.50057452917099
1749818761,test,0,0,0.4209839105606079,0.5790160894393921
790546757,cal,0,0,0.47196438908576965,0.5280356407165527
1265698872,cal,0,0,0.49463942646980286,0.5053606033325195
60823005,cal,0,0,0.49399593472480774,0.5060040950775146
716036112,cal,0,0,0.48322945833206177,0.5167705416679382
2118051377,cal,1,1,0.5610148310661316,0.5610148310661316
2141609070,cal,1,1,0.5484127998352051,0.5484127998352051
86045152,cal,0,1,0.5602725744247437,0.5602725744247437
945258418,cal,0,1,0.5785620212554932,0.5785620212554932
1051275292,cal,1,0,0.4996720254421234,0.5003279447555542
1903880000,cal,1,0,0.48002874851226807,0.5199712514877319
1063871025,cal,0,0,0.48306408524513245,0.5169359445571899
1815050259,cal,0,0,0.49650099873542786,0.5034990310668945
493471814,test,0,1,0.5218846201896667,0.5218846201896667
903982204,test,0,1,0.502598762512207,0.502598762512207
170367972,test,1,1,0.5060750842094421,0.5060750842094421
1909387012,test,1,1,0.5272038578987122,0.5272038578987122
1247403166,test,0,1,0.6028155088424683,0.6028155088424683
1662968027,test,0,1,0.6130772829055786,0.6130772829055786
1681887696,test,0,1,0.6154642701148987,0.6154642701148987
748784243,test,0,1,0.5924296379089355,0.5924296379089355
1211077172,test,0,1,0.6051151752471924,0.6051151752471924
203732914,test,1,0,0.43751010298728943,0.5624898672103882
1038058726,test,1,1,0.501396656036377,0.501396656036377
907259636,test,0,0,0.44285663962364197,0.5571433305740356
1807619795,test,0,1,0.5014192461967468,0.5014192461967468
95958525,test,1,1,0.5421558618545532,0.5421558618545532
479942130,test,1,1,0.5568968653678894,0.5568968653678894
273368628,test,0,1,0.5456216931343079,0.5456216931343079
751528612,test,0,1,0.5374833941459656,0.5374833941459656
2067984789,test,0,1,0.5395569801330566,0.5395569801330566
1301205781,cal,0,1,0.5538890361785889,0.5538890361785889
2088390027,cal,0,1,0.5947946310043335,0.5947946310043335
172111410,cal,1,1,0.5759718418121338,0.5759718418121338
229467345,cal,1,1,0.5499266982078552,0.5499266982078552
666142919,test,0,0,0.4919695258140564,0.5080304741859436
764396665,test,0,1,0.5233623385429382,0.5233623385429382
483108626,test,1,1,0.5218855738639832,0.5218855738639832
523667445,test,1,0,0.49582263827323914,0.5041773319244385
505557225,cal,0,0,0.4339573085308075,0.5660426616668701
2066478383,cal,0,1,0.5150961875915527,0.5150961875915527
2100503069,cal,0,1,0.5260279178619385,0.5260279178619385
1337973567,cal,0,1,0.5165945291519165,0.5165945291519165
1407486626,cal,0,1,0.5034719705581665,0.5034719705581665
1544824062,cal,0,1,0.5274430513381958,0.5274430513381958
1202143045,cal,0,1,0.6092190742492676,0.6092190742492676
1430544484,cal,0,1,0.6272944808006287,0.6272944808006287
1711348630,cal,0,1,0.5901086330413818,0.5901086330413818
226371029,cal,0,1,0.5915281176567078,0.5915281176567078
328043237,cal,0,1,0.5958750247955322,0.5958750247955322
2111136786,cal,0,1,0.5857474207878113,0.5857474207878113
1311446294,cal,0,1,0.6045603156089783,0.6045603156089783
1798308450,cal,0,1,0.5957773923873901,0.5957773923873901
474614192,cal,0,1,0.5805128216743469,0.5805128216743469
892386007,cal,0,1,0.6069030165672302,0.6069030165672302
1419907617,cal,0,1,0.523277997970581,0.523277997970581
2134648558,cal,0,0,0.47830191254615784,0.5216981172561646
1506300609,cal,0,1,0.5202267169952393,0.5202267169952393
1540065129,cal,0,0,0.4881301820278168,0.5118697881698608
166083945,cal,0,0,0.49203914403915405,0.507960855960846
1161059674,cal,0,0,0.4352431297302246,0.5647568702697754
1214544632,cal,0,0,0.4828583896160126,0.517141580581665
1674982060,cal,0,0,0.4501068890094757,0.5498931407928467
533340295,cal,0,0,0.4788065254688263,0.5211935043334961
643762951,cal,0,0,0.45924752950668335,0.5407524704933167
1260722849,cal,0,0,0.44653692841529846,0.5534631013870239
1494555739,cal,0,0,0.46797534823417664,0.532024621963501
1649269286,cal,0,0,0.4732804298400879,0.5267195701599121
1899094897,cal,0,1,0.5039330124855042,0.5039330124855042
434654907,cal,1,0,0.4868474304676056,0.5131525993347168
1410949311,cal,1,1,0.5032961368560791,0.5032961368560791
535257304,test,1,0,0.46416041254997253,0.5358395576477051
1220128431,test,1,0,0.46742963790893555,0.5325703620910645
945198698,test,0,0,0.4755643606185913,0.5244356393814087
2110392536,test,0,0,0.48746880888938904,0.5125311613082886
1581911438,cal,0,0,0.497549444437027,0.5024505853652954
2038616100,cal,0,1,0.5129282474517822,0.5129282474517822
198309131,cal,0,1,0.5258955359458923,0.5258955359458923
1708629804,cal,0,1,0.5105823874473572,0.5105823874473572
786599298,cal,0,1,0.5127884745597839,0.5127884745597839
1136731809,cal,0,1,0.5243924260139465,0.5243924260139465
1952865991,cal,0,0,0.4765883982181549,0.5234116315841675
188909909,cal,0,0,0.4908127188682556,0.5091872811317444
1747436445,cal,0,1,0.5242202877998352,0.5242202877998352
1957547920,cal,0,0,0.47722122073173523,0.5227787494659424
392546507,cal,0,1,0.6069985032081604,0.6069985032081604
819467577,cal,0,1,0.5793089270591736,0.5793089270591736
1429651554,cal,0,1,0.5389646887779236,0.5389646887779236
1349648990,cal,0,1,0.5423839092254639,0.5423839092254639
1980100178,cal,0,1,0.5715428590774536,0.5715428590774536
1597980319,cal,0,0,0.478218138217926,0.521781861782074
1892903048,cal,0,1,0.5260481834411621,0.5260481834411621
651370368,cal,1,1,0.5207414627075195,0.5207414627075195
965029537,cal,1,1,0.504143238067627,0.504143238067627
168990705,cal,0,0,0.48587700724601746,0.5141229629516602
1784099400,cal,0,0,0.47563689947128296,0.524363100528717
785424241,cal,1,0,0.49939146637916565,0.5006085634231567
1394587293,cal,1,0,0.4635908007621765,0.5364091992378235
1230437394,test,1,1,0.6135863065719604,0.6135863065719604
1640139569,test,1,1,0.6182329654693604,0.6182329654693604
106544920,test,0,1,0.6098279356956482,0.6098279356956482
390377373,test,0,1,0.6120365858078003,0.6120365858078003
897567446,test,0,1,0.5241203904151917,0.5241203904151917
1554351570,test,0,0,0.4969412088394165,0.5030587911605835
1007877259,test,0,1,0.5233786702156067,0.5233786702156067
1095404760,test,0,1,0.5016813278198242,0.5016813278198242
1068798899,cal,0,0,0.4750475287437439,0.5249524712562561
1946527937,cal,0,0,0.46679022908210754,0.5332098007202148
244203227,cal,0,0,0.4508265554904938,0.5491734743118286
323231298,cal,0,0,0.4851597547531128,0.5148402452468872
678515696,test,0,1,0.5913418531417847,0.5913418531417847
851591267,test,0,1,0.6150685548782349,0.6150685548782349
669303826,test,1,1,0.5906013250350952,0.5906013250350952
685239979,test,1,1,0.5962637662887573,0.5962637662887573
1030603813,test,1,1,0.5875164270401001,0.5875164270401001
383735720,cal,0,0,0.29872024059295654,0.7012797594070435
867622313,cal,0,0,0.2695504128932953,0.7304495573043823
2118502275,cal,0,0,0.27818945050239563,0.7218105792999268
2122889573,cal,0,0,0.2699325382709503,0.7300674915313721
142177734,cal,0,1,0.623677134513855,0.623677134513855
1323315715,cal,0,1,0.585289716720581,0.585289716720581
1562558660,cal,1,1,0.623190701007843,0.623190701007843
1961468653,cal,1,1,0.6051104664802551,0.6051104664802551
1494956649,cal,1,1,0.5986879467964172,0.5986879467964172
2094643305,cal,1,1,0.6139305830001831,0.6139305830001831
95915920,cal,0,1,0.5900953412055969,0.5900953412055969
901398975,cal,0,1,0.5675804615020752,0.5675804615020752
1552319921,cal,0,1,0.5919451713562012,0.5919451713562012
359860079,cal,0,0,0.4897094964981079,0.5102905035018921
440013779,cal,0,1,0.5069440603256226,0.5069440603256226
778199307,cal,0,0,0.4873881936073303,0.5126118063926697
458684637,cal,0,0,0.49941614270210266,0.5005838871002197
2012479752,cal,0,0,0.4964715540409088,0.5035284757614136
1280595595,cal,0,0,0.49650683999061584,0.5034931898117065
2101268408,cal,0,1,0.5006368160247803,0.5006368160247803
964564281,cal,0,1,0.5044980049133301,0.5044980049133301
1193782870,cal,0,1,0.5086807608604431,0.5086807608604431
691198916,cal,1,1,0.5055907964706421,0.5055907964706421
825155955,cal,1,0,0.48171520233154297,0.518284797668457
2123521632,cal,1,0,0.4928194582462311,0.5071805715560913
587787792,cal,0,1,0.5092229247093201,0.5092229247093201
1816338366,cal,0,0,0.4786032736301422,0.5213967561721802
2017848536,cal,0,0,0.4926801025867462,0.5073199272155762
275794964,cal,1,1,0.5837593078613281,0.5837593078613281
486193217,cal,1,1,0.5842050313949585,0.5842050313949585
1121031318,cal,0,1,0.5800526142120361,0.5800526142120361
2036565035,cal,0,1,0.5918906331062317,0.5918906331062317
372135844,cal,0,1,0.5210888385772705,0.5210888385772705
761662350,cal,0,0,0.4292028248310089,0.5707972049713135
313222584,cal,0,1,0.508624255657196,0.508624255657196
1946821776,cal,0,0,0.47685694694519043,0.5231430530548096
109459699,cal,0,1,0.5808476805686951,0.5808476805686951
226445847,cal,0,1,0.5690719485282898,0.5690719485282898
1168286674,cal,0,1,0.5961845517158508,0.5961845517158508
243684085,cal,0,1,0.5938233137130737,0.5938233137130737
698781657,cal,0,1,0.5807057023048401,0.5807057023048401
777695925,cal,0,0,0.4902714788913727,0.5097285509109497
1191007510,cal,0,0,0.48728957772254944,0.512710452079773
522717203,cal,0,1,0.5154345631599426,0.5154345631599426
591145944,cal,0,1,0.5052372813224792,0.5052372813224792
793792303,cal,1,1,0.545235812664032,0.545235812664032
887488999,cal,1,0,0.4974043071269989,0.5025956630706787
997927812,cal,1,1,0.5471526980400085,0.5471526980400085
2040824832,cal,1,1,0.5456042885780334,0.5456042885780334
1371699572,cal,0,1,0.5467585325241089,0.5467585325241089
1528340918,cal,0,1,0.5315965414047241,0.5315965414047241
2146077464,cal,0,1,0.5520402193069458,0.5520402193069458
1520837143,cal,0,0,0.48380446434020996,0.51619553565979
2144184086,cal,0,0,0.4602276384830475,0.5397723913192749
168061729,cal,0,0,0.48267167806625366,0.5173283219337463
659042280,cal,0,0,0.47543326020240784,0.5245667695999146
992732659,cal,0,0,0.4832134544849396,0.5167865753173828
702373410,cal,0,1,0.5723136067390442,0.5723136067390442
1172986672,cal,0,1,0.5620498657226562,0.5620498657226562
1636637055,cal,0,1,0.595233678817749,0.595233678817749
759183805,cal,0,1,0.580670177936554,0.580670177936554
1097076486,cal,0,1,0.5966228246688843,0.5966228246688843
194282382,cal,0,1,0.6107690930366516,0.6107690930366516
1136374606,cal,0,1,0.6075022220611572,0.6075022220611572
244264276,cal,0,1,0.6045647263526917,0.6045647263526917
972772984,cal,0,1,0.5958118438720703,0.5958118438720703
532877611,test,0,0,0.44244781136512756,0.5575522184371948
1894196464,test,0,0,0.48598822951316833,0.5140117406845093
2097607057,test,0,0,0.49814966320991516,0.5018503665924072
630508639,test,0,0,0.4597253203392029,0.5402746796607971
1750369306,test,0,0,0.4644048511981964,0.535595178604126
2143211553,test,0,0,0.4888751208782196,0.511124849319458
522068206,cal,0,0,0.48847484588623047,0.5115251541137695
793084266,cal,0,1,0.5057287812232971,0.5057287812232971
769263345,cal,0,0,0.48904120922088623,0.5109587907791138
1535223756,cal,0,0,0.48760488629341125,0.5123951435089111
1993703493,cal,0,0,0.4958074688911438,0.5041925311088562
1187822006,cal,0,1,0.5019356608390808,0.5019356608390808
1769234601,cal,0,1,0.5017701387405396,0.5017701387405396
27073411,cal,0,0,0.4812583327293396,0.5187416672706604
2074439666,cal,0,0,0.48928070068359375,0.5107192993164062
335703372,cal,0,0,0.48453617095947266,0.5154638290405273
2098746338,cal,0,1,0.5128393173217773,0.5128393173217773
1543672008,cal,0,0,0.4830552935600281,0.5169447064399719
1567232659,cal,0,1,0.5055248737335205,0.5055248737335205
285721109,test,1,0,0.4621683955192566,0.5378316044807434
650006359,test,1,0,0.4703653156757355,0.5296347141265869
1026238054,test,1,1,0.50368732213974,0.50368732213974
2075658562,test,1,1,0.5040203332901001,0.5040203332901001
229952117,test,0,0,0.4787796437740326,0.521220326423645
469381934,test,0,0,0.4879673719406128,0.5120326280593872
706095203,test,0,1,0.513132631778717,0.513132631778717
1081944961,test,0,0,0.47757095098495483,0.5224290490150452
1978711368,test,0,1,0.5168628096580505,0.5168628096580505
328233023,cal,0,0,0.4803723692893982,0.5196276307106018
1612619104,cal,0,0,0.4995803236961365,0.5004196763038635
1159321127,cal,1,0,0.48831573128700256,0.5116842985153198
1447554621,cal,1,0,0.4681376814842224,0.5318623185157776
161512240,cal,0,1,0.5443586111068726,0.5443586111068726
802148679,cal,0,1,0.5277023315429688,0.5277023315429688
269665260,cal,0,1,0.5457107424736023,0.5457107424736023
2084119701,cal,0,1,0.564810574054718,0.564810574054718
695308176,cal,0,1,0.6057919263839722,0.6057919263839722
743466894,cal,0,1,0.526694118976593,0.526694118976593
994588926,cal,1,1,0.5777177810668945,0.5777177810668945
1007683306,cal,1,1,0.5411764979362488,0.5411764979362488
1237905181,test,0,0,0.47202980518341064,0.5279701948165894
1788400148,test,0,0,0.4849984049797058,0.5150015950202942
1110412361,test,0,0,0.474867045879364,0.525132954120636
1761592877,test,0,0,0.48226094245910645,0.5177390575408936
724520365,test,0,0,0.4771401286125183,0.5228598713874817
1972994064,test,0,1,0.52631014585495,0.52631014585495
888193027,test,0,1,0.5268721580505371,0.5268721580505371
1184371405,test,0,0,0.4755689203739166,0.5244311094284058
1356385118,cal,0,1,0.6006425619125366,0.6006425619125366
1731652406,cal,0,1,0.607891321182251,0.607891321182251
43526028,cal,0,1,0.6121734380722046,0.6121734380722046
775111178,cal,0,1,0.5907688140869141,0.5907688140869141
971561028,cal,0,1,0.6136635541915894,0.6136635541915894
833640204,test,0,1,0.5637064576148987,0.5637064576148987
846076599,test,0,1,0.5525100231170654,0.5525100231170654
1493111798,test,0,1,0.5560116767883301,0.5560116767883301
1865873350,test,0,1,0.5471179485321045,0.5471179485321045
92569374,test,0,1,0.5227823853492737,0.5227823853492737
731650119,test,0,1,0.5454297661781311,0.5454297661781311
1006815222,test,0,0,0.4759645164012909,0.5240354537963867
1692155747,test,0,0,0.4864099323749542,0.5135900974273682
511760206,test,0,0,0.4747637212276459,0.5252362489700317
876124692,test,0,0,0.49080613255500793,0.5091938972473145
998290222,test,0,0,0.47313937544822693,0.5268605947494507
2067382961,test,0,1,0.5119174718856812,0.5119174718856812
116759476,cal,1,0,0.48370102047920227,0.5162990093231201
971247598,cal,1,0,0.4902454912662506,0.5097545385360718
1333097936,cal,1,0,0.4754219949245453,0.5245779752731323
946035961,cal,0,0,0.49262675642967224,0.5073732137680054
1060916157,cal,0,0,0.4735686182975769,0.5264313817024231
2077551195,cal,0,1,0.5273818969726562,0.5273818969726562
643502901,cal,0,1,0.5533221364021301,0.5533221364021301
675434543,cal,0,1,0.5768638253211975,0.5768638253211975
685680891,cal,0,1,0.5859895348548889,0.5859895348548889
770796094,cal,0,1,0.5728133916854858,0.5728133916854858
530433380,cal,1,1,0.585799515247345,0.585799515247345
1412061279,cal,1,1,0.581501305103302,0.581501305103302
1430679529,cal,1,1,0.5972064733505249,0.5972064733505249
52731467,cal,1,1,0.5323220491409302,0.5323220491409302
216760793,cal,1,1,0.5014951229095459,0.5014951229095459
827818239,cal,1,1,0.5222861170768738,0.5222861170768738
481979273,cal,0,1,0.5251181721687317,0.5251181721687317
2055441269,cal,0,0,0.4887123107910156,0.5112876892089844
1376236757,cal,0,0,0.47653928399086,0.5234607458114624
1695141844,cal,0,0,0.49346575140953064,0.506534218788147
578615980,cal,0,0,0.49037835001945496,0.5096216201782227
1705459167,cal,0,1,0.5163578391075134,0.5163578391075134
815765009,cal,0,1,0.5160730481147766,0.5160730481147766
1753884175,cal,0,1,0.5017213821411133,0.5017213821411133
757264332,cal,0,1,0.5155726075172424,0.5155726075172424
2113253012,cal,0,1,0.5089418292045593,0.5089418292045593
408013077,cal,0,0,0.48938924074172974,0.5106107592582703
1767831819,cal,0,0,0.47786176204681396,0.522138237953186
1122644150,cal,0,0,0.49346843361854553,0.5065315961837769
1138674914,cal,0,0,0.4774567782878876,0.52254319190979
445647630,cal,1,0,0.486946165561676,0.513053834438324
509829780,cal,1,0,0.471158891916275,0.5288411378860474
26728292,cal,0,0,0.4764258861541748,0.5235741138458252
1537174127,cal,0,1,0.5116528272628784,0.5116528272628784
799675392,cal,0,1,0.5733422040939331,0.5733422040939331
1690916635,cal,0,1,0.6001383662223816,0.6001383662223816
307523548,cal,0,1,0.5793708562850952,0.5793708562850952
1022623046,cal,0,1,0.586594820022583,0.586594820022583
39486088,cal,0,1,0.5018599629402161,0.5018599629402161
1774937276,cal,0,0,0.47601911425590515,0.5239808559417725
1704783921,cal,0,0,0.4832507073879242,0.5167492628097534
2072343935,cal,0,0,0.45217302441596985,0.5478270053863525
116830755,cal,0,1,0.6832432746887207,0.6832432746887207
447687980,cal,0,1,0.6372164487838745,0.6372164487838745
1369850751,cal,0,1,0.6751687526702881,0.6751687526702881
1335349892,cal,0,1,0.6323778033256531,0.6323778033256531
1538569455,cal,0,1,0.674005389213562,0.674005389213562
353547404,test,0,1,0.5039248466491699,0.5039248466491699
1061002667,test,0,0,0.4702565670013428,0.5297434329986572
493829825,test,0,1,0.5106474757194519,0.5106474757194519
1154366430,test,0,0,0.4756142199039459,0.5243858098983765
178091922,test,0,1,0.5319386720657349,0.5319386720657349
779792926,test,0,1,0.5428870916366577,0.5428870916366577
204401957,test,1,1,0.5091451406478882,0.5091451406478882
885151891,test,1,1,0.5386131405830383,0.5386131405830383
2073820183,test,1,0,0.48879146575927734,0.5112085342407227
131185681,cal,0,1,0.5723334550857544,0.5723334550857544
540008632,cal,0,1,0.5848919153213501,0.5848919153213501
542002835,cal,0,1,0.5586509108543396,0.5586509108543396
1672038644,cal,0,1,0.5519428253173828,0.5519428253173828
2110246796,cal,0,1,0.5904613733291626,0.5904613733291626
1013727727,cal,0,0,0.4328934848308563,0.5671064853668213
1188962795,cal,0,0,0.4866916835308075,0.5133082866668701
1076134619,cal,0,0,0.46331024169921875,0.5366897583007812
2077927607,cal,0,0,0.48115187883377075,0.5188481211662292
345833101,test,0,0,0.4968397319316864,0.5031602382659912
1980595634,test,0,1,0.5228946805000305,0.5228946805000305
664424994,test,0,1,0.5207289457321167,0.5207289457321167
1347798501,test,0,0,0.4954189360141754,0.504581093788147
690045011,cal,0,0,0.47889843583106995,0.5211015939712524
1596042455,cal,0,0,0.48844271898269653,0.5115572810173035
109685370,cal,0,0,0.48336848616600037,0.5166314840316772
1490275786,cal,0,0,0.45799964666366577,0.5420003533363342
1675617544,cal,0,1,0.5172338485717773,0.5172338485717773
1944589655,cal,0,1,0.5018019676208496,0.5018019676208496
160802697,cal,0,0,0.49849048256874084,0.5015095472335815
601139502,cal,0,1,0.5120866298675537,0.5120866298675537
247965241,cal,0,1,0.626859188079834,0.626859188079834
468938105,cal,0,1,0.631605863571167,0.631605863571167
1130109164,cal,0,1,0.6255462169647217,0.6255462169647217
726652269,cal,0,1,0.6322670578956604,0.6322670578956604
990049412,cal,0,1,0.6129027605056763,0.6129027605056763
1422320362,cal,0,1,0.6310499906539917,0.6310499906539917
408871991,cal,0,1,0.5895308256149292,0.5895308256149292
903360252,cal,0,1,0.6071668267250061,0.6071668267250061
1310756692,cal,1,1,0.575162947177887,0.575162947177887
1443841670,cal,1,1,0.6036399602890015,0.6036399602890015
289715384,test,0,1,0.5506105422973633,0.5506105422973633
1072844002,test,0,1,0.5564208030700684,0.5564208030700684
1335012445,test,0,1,0.5518040657043457,0.5518040657043457
1765591879,test,0,1,0.545676589012146,0.545676589012146
1202873895,cal,0,0,0.48081332445144653,0.5191866755485535
1904169050,cal,0,0,0.4841424226760864,0.5158575773239136
315853188,cal,0,0,0.4757697284221649,0.5242302417755127
1546223258,cal,0,0,0.48565712571144104,0.5143429040908813
766198947,cal,0,1,0.5728961825370789,0.5728961825370789
1704677433,cal,0,1,0.5588943362236023,0.5588943362236023
856203332,cal,0,1,0.555328369140625,0.555328369140625
1373469787,cal,0,1,0.5737734436988831,0.5737734436988831
1150064750,cal,0,1,0.5047290325164795,0.5047290325164795
1889183054,cal,0,1,0.5050531029701233,0.5050531029701233
624298422,cal,0,0,0.49139314889907837,0.5086068511009216
1620149813,cal,0,0,0.49609240889549255,0.5039075613021851
1803374152,cal,0,1,0.581561803817749,0.581561803817749
1884244989,cal,0,1,0.571687638759613,0.571687638759613
1126631940,cal,0,1,0.5860580801963806,0.5860580801963806
1298236465,cal,0,1,0.5763359069824219,0.5763359069824219
1944703225,test,0,1,0.5085962414741516,0.5085962414741516
1968632066,test,0,1,0.5137507915496826,0.5137507915496826
1262638817,test,0,1,0.5214806795120239,0.5214806795120239
1562964490,test,0,1,0.505226731300354,0.505226731300354
223607244,test,0,0,0.485694020986557,0.5143059492111206
866757261,test,0,1,0.5158699154853821,0.5158699154853821
1220817050,test,0,0,0.4905278980731964,0.509472131729126
979974007,test,0,0,0.4889116883277893,0.5110883116722107
1369214105,test,0,1,0.5256955027580261,0.5256955027580261
1466744386,test,0,0,0.48007237911224365,0.5199276208877563
115934161,test,0,1,0.5763838887214661,0.5763838887214661
934709115,test,0,1,0.6034035682678223,0.6034035682678223
121397603,test,0,1,0.6051174998283386,0.6051174998283386
209780787,test,0,1,0.6031644344329834,0.6031644344329834
75284271,cal,0,1,0.5647792816162109,0.5647792816162109
1333970351,cal,0,1,0.5659167766571045,0.5659167766571045
72084576,cal,0,1,0.5671698451042175,0.5671698451042175
1904337181,cal,0,1,0.5749239921569824,0.5749239921569824
104616814,cal,0,1,0.5644904971122742,0.5644904971122742
294218626,cal,0,1,0.5493866801261902,0.5493866801261902
340043727,cal,0,1,0.5501741766929626,0.5501741766929626
1080307280,cal,0,1,0.545216977596283,0.545216977596283
569767194,cal,0,0,0.32580024003982544,0.6741997599601746
1175232250,cal,0,0,0.40626978874206543,0.5937302112579346
1094355847,cal,0,0,0.3021916151046753,0.6978083848953247
2087599778,cal,0,0,0.34743231534957886,0.6525676846504211
1002876313,test,0,1,0.501244068145752,0.501244068145752
1333352934,test,0,1,0.513661801815033,0.513661801815033
293344794,test,0,1,0.5028321146965027,0.5028321146965027
586541748,test,0,0,0.48597899079322815,0.5140210390090942
1981134602,test,0,1,0.5185998678207397,0.5185998678207397
984852709,cal,0,0,0.47007685899734497,0.529923141002655
1316429535,cal,0,0,0.4543001651763916,0.5456998348236084
864648457,cal,0,0,0.44775497913360596,0.552245020866394
910198588,cal,0,0,0.47861430048942566,0.521385669708252
218134651,cal,1,1,0.6230271458625793,0.6230271458625793
1362919630,cal,1,1,0.5998207926750183,0.5998207926750183
981173277,cal,0,1,0.6112879514694214,0.6112879514694214
1826938798,cal,0,1,0.6019118428230286,0.6019118428230286
382790632,cal,1,1,0.5601739883422852,0.5601739883422852
1485438281,cal,1,1,0.5280086398124695,0.5280086398124695
389182330,cal,0,1,0.5183516144752502,0.5183516144752502
1784006354,cal,0,1,0.5565416216850281,0.5565416216850281
539783609,test,1,1,0.5275446772575378,0.5275446772575378
1888901970,test,1,1,0.5260767936706543,0.5260767936706543
1249850962,test,0,1,0.5177427530288696,0.5177427530288696
1676925990,test,0,1,0.5168993473052979,0.5168993473052979
465760049,cal,0,1,0.6024988889694214,0.6024988889694214
2076006999,cal,0,1,0.6162691116333008,0.6162691116333008
1002333746,cal,0,1,0.6021879315376282,0.6021879315376282
1087166625,cal,0,1,0.5974490642547607,0.5974490642547607
331703716,cal,0,1,0.5464227199554443,0.5464227199554443
1720876482,cal,0,1,0.5185043811798096,0.5185043811798096
1219796651,cal,0,1,0.533993661403656,0.533993661403656
1686557294,cal,0,1,0.5394378304481506,0.5394378304481506
871539516,cal,0,1,0.5592538118362427,0.5592538118362427
1232643160,cal,0,1,0.5722367763519287,0.5722367763519287
1039647668,cal,0,1,0.5428511500358582,0.5428511500358582
1385415973,cal,0,1,0.5660099387168884,0.5660099387168884
625875765,cal,0,1,0.5021095275878906,0.5021095275878906
1217044913,cal,0,1,0.5125579237937927,0.5125579237937927
1786596024,cal,0,0,0.49681439995765686,0.5031856298446655
407797154,cal,0,1,0.517224133014679,0.517224133014679
1769275123,cal,0,0,0.4998912513256073,0.5001087188720703
1774988590,cal,0,1,0.5129256248474121,0.5129256248474121
586387722,cal,0,1,0.5156540870666504,0.5156540870666504
2144816741,cal,0,1,0.5171369910240173,0.5171369910240173
1121560897,cal,0,1,0.5114483833312988,0.5114483833312988
1366830826,cal,0,1,0.510840117931366,0.510840117931366
1092668869,test,0,1,0.6062605977058411,0.6062605977058411
1311746521,test,0,1,0.6215119361877441,0.6215119361877441
1607044831,test,0,1,0.6199969053268433,0.6199969053268433
1760222227,test,0,1,0.6118450164794922,0.6118450164794922
231824615,test,0,0,0.4689670205116272,0.5310329794883728
586713670,test,0,1,0.5179154872894287,0.5179154872894287
1454941068,test,0,0,0.4741503894329071,0.5258495807647705
1880268513,test,0,1,0.5126947164535522,0.5126947164535522
556005449,cal,0,1,0.5997900366783142,0.5997900366783142
974047320,cal,0,1,0.5757001638412476,0.5757001638412476
1543966021,cal,0,1,0.586310088634491,0.586310088634491
151528704,cal,1,1,0.5714691877365112,0.5714691877365112
692606566,cal,1,1,0.5787532329559326,0.5787532329559326
2113389089,cal,1,1,0.5920151472091675,0.5920151472091675
114529190,cal,0,1,0.6029747128486633,0.6029747128486633
1611074443,cal,0,1,0.5959071516990662,0.5959071516990662
463798612,cal,0,1,0.6039961576461792,0.6039961576461792
630769850,cal,0,1,0.602018415927887,0.602018415927887
863544058,test,0,1,0.6024166345596313,0.6024166345596313
1009483269,test,0,1,0.6173203587532043,0.6173203587532043
2015312477,test,0,1,0.6069516539573669,0.6069516539573669
382116832,test,1,1,0.6081239581108093,0.6081239581108093
506550282,test,1,1,0.6157240867614746,0.6157240867614746
1223569992,test,1,1,0.5909031629562378,0.5909031629562378
1880776532,test,1,1,0.597756028175354,0.597756028175354
1922679376,cal,1,0,0.4802762567996979,0.5197237730026245
2064191295,cal,1,0,0.47294071316719055,0.5270593166351318
700278937,cal,0,1,0.5042082667350769,0.5042082667350769
1866707330,cal,0,0,0.46776720881462097,0.5322327613830566
1754676272,cal,0,0,0.4819437563419342,0.5180562734603882
1875612009,cal,0,1,0.504500687122345,0.504500687122345
764426739,cal,0,0,0.4905763268470764,0.5094236731529236
1188808049,cal,0,1,0.5041323304176331,0.5041323304176331
726254688,test,0,0,0.4794161915779114,0.5205838084220886
778230591,test,0,0,0.49702170491218567,0.5029783248901367
281320831,test,0,0,0.47244495153427124,0.5275550484657288
2022555758,test,0,0,0.4746846556663513,0.5253153443336487
184040635,cal,0,0,0.4812307357788086,0.5187692642211914
551580648,cal,0,0,0.4843982756137848,0.5156017541885376
1111464932,cal,0,0,0.4927428960800171,0.5072571039199829
1248674660,cal,0,0,0.4951101541519165,0.5048898458480835
147372003,cal,0,1,0.5700337290763855,0.5700337290763855
363585596,cal,0,1,0.5593286156654358,0.5593286156654358
209219120,cal,0,1,0.5549036860466003,0.5549036860466003
281880952,cal,0,1,0.5765347480773926,0.5765347480773926
979994772,cal,0,1,0.5348713397979736,0.5348713397979736
1669002949,cal,0,1,0.5053476095199585,0.5053476095199585
1157968085,cal,1,1,0.5081530213356018,0.5081530213356018
1387281467,cal,1,1,0.5361343622207642,0.5361343622207642
493586599,test,0,0,0.49446985125541687,0.5055301189422607
1733635313,test,0,1,0.5112019181251526,0.5112019181251526
32752422,test,0,0,0.4943661093711853,0.5056338906288147
1644797365,test,0,1,0.523428738117218,0.523428738117218
539587330,cal,0,0,0.4965997636318207,0.5034002065658569
652409788,cal,0,0,0.4416162371635437,0.5583837628364563
356536145,cal,0,0,0.49446776509284973,0.5055322647094727
413588570,cal,0,1,0.5111420750617981,0.5111420750617981
523695617,cal,0,1,0.5973374247550964,0.5973374247550964
2093257006,cal,0,1,0.5910170078277588,0.5910170078277588
635405524,cal,0,1,0.585889995098114,0.585889995098114
755593875,cal,0,1,0.6044992208480835,0.6044992208480835
1039513167,cal,0,1,0.5806640386581421,0.5806640386581421
1465776320,test,0,1,0.5445470809936523,0.5445470809936523
1526052514,test,0,1,0.5201284885406494,0.5201284885406494
1579128234,test,0,1,0.5267351865768433,0.5267351865768433
1835584033,test,0,1,0.5358495712280273,0.5358495712280273
9094382,cal,0,1,0.5342678427696228,0.5342678427696228
917367329,cal,0,1,0.5422808527946472,0.5422808527946472
178902939,cal,0,1,0.5340051054954529,0.5340051054954529
1008138497,cal,0,1,0.5155696868896484,0.5155696868896484
1796267664,cal,0,0,0.43078136444091797,0.569218635559082
2005925393,cal,0,0,0.47671061754226685,0.5232893824577332
769986770,cal,1,0,0.3793192207813263,0.6206808090209961
2092377380,cal,1,0,0.34462228417396545,0.6553777456283569
792033861,test,0,0,0.46954187750816345,0.5304580926895142
1689694563,test,0,1,0.539457380771637,0.539457380771637
436926151,test,0,0,0.4352465271949768,0.5647534728050232
2086187496,test,0,0,0.48686233162879944,0.513137698173523
378328520,test,0,1,0.5660951733589172,0.5660951733589172
1141803873,test,0,1,0.5753492116928101,0.5753492116928101
119334262,test,0,1,0.5793382525444031,0.5793382525444031
1037343614,test,0,1,0.5799726843833923,0.5799726843833923
184204863,cal,0,0,0.4871470630168915,0.5128529071807861
1133123940,cal,0,0,0.45591267943382263,0.544087290763855
171009659,cal,0,0,0.49060454964637756,0.5093954801559448
1846062471,cal,0,0,0.47294583916664124,0.5270541906356812
352947198,cal,0,1,0.5208855867385864,0.5208855867385864
1368162701,cal,0,1,0.5181477069854736,0.5181477069854736
969305860,cal,0,1,0.5058256983757019,0.5058256983757019
1479131466,cal,0,1,0.5232036113739014,0.5232036113739014
521259668,test,0,0,0.4933122992515564,0.5066877007484436
2146195555,test,0,1,0.5024189352989197,0.5024189352989197
1385874344,test,1,0,0.4871881306171417,0.5128118991851807
1766132603,test,1,0,0.474791020154953,0.5252089500427246
1705412282,cal,1,0,0.49323132634162903,0.5067687034606934
1933996817,cal,1,1,0.5228376388549805,0.5228376388549805
194199480,cal,0,0,0.4917279779911041,0.5082720518112183
2106303742,cal,0,1,0.5190237760543823,0.5190237760543823
104140326,cal,0,1,0.5212681293487549,0.5212681293487549
1457861787,cal,0,0,0.4748997390270233,0.5251002311706543
22192873,cal,1,1,0.5238447189331055,0.5238447189331055
229961563,cal,1,0,0.48003950715065,0.5199605226516724
127386492,cal,0,1,0.6075714826583862,0.6075714826583862
1400464385,cal,0,1,0.5800793170928955,0.5800793170928955
384397855,cal,1,1,0.6124815940856934,0.6124815940856934
1250780790,cal,1,1,0.5798349380493164,0.5798349380493164
1503336994,test,0,1,0.5022191405296326,0.5022191405296326
1651228840,test,0,0,0.48943576216697693,0.5105642080307007
2142158743,test,0,1,0.5102375745773315,0.5102375745773315
1664386744,test,0,0,0.4763556718826294,0.5236443281173706
1728007689,test,0,1,0.512241005897522,0.512241005897522
1735361156,cal,0,1,0.5798971652984619,0.5798971652984619
1890734198,cal,0,1,0.5432445406913757,0.5432445406913757
982983067,cal,0,1,0.5652301907539368,0.5652301907539368
1940266210,cal,0,1,0.5366909503936768,0.5366909503936768
595654859,cal,0,1,0.6133421063423157,0.6133421063423157
1013293922,cal,0,1,0.5838279128074646,0.5838279128074646
1180557171,cal,0,1,0.5718718767166138,0.5718718767166138
379849300,cal,0,1,0.5931727290153503,0.5931727290153503
839320714,cal,0,1,0.6285048723220825,0.6285048723220825
1675783716,cal,0,1,0.604566216468811,0.604566216468811
946318581,test,0,0,0.48005831241607666,0.5199416875839233
951624387,test,0,0,0.4879498779773712,0.5120501518249512
1271495046,test,0,0,0.4937208890914917,0.5062791109085083
1717259806,test,0,0,0.4955591857433319,0.5044407844543457
35706124,cal,1,1,0.5267661809921265,0.5267661809921265
679031381,cal,1,1,0.5071433186531067,0.5071433186531067
1224249698,cal,0,1,0.5015628933906555,0.5015628933906555
1665540274,cal,0,1,0.5223583579063416,0.5223583579063416
1167243208,test,0,1,0.5754423141479492,0.5754423141479492
1282710597,test,0,1,0.588370680809021,0.588370680809021
903711045,test,0,1,0.5815216302871704,0.5815216302871704
2039099930,test,0,1,0.5886366367340088,0.5886366367340088
495295193,cal,0,1,0.5736420750617981,0.5736420750617981
852750970,cal,0,1,0.5688155889511108,0.5688155889511108
910299347,cal,0,1,0.5603933930397034,0.5603933930397034
945341926,cal,0,1,0.583295464515686,0.583295464515686
1467163177,cal,0,1,0.5546450614929199,0.5546450614929199
445415718,cal,0,1,0.596480131149292,0.596480131149292
469682347,cal,0,1,0.5835102200508118,0.5835102200508118
1070965208,cal,0,1,0.600757360458374,0.600757360458374
1243654017,cal,0,1,0.5698923468589783,0.5698923468589783
458000719,cal,0,1,0.5821123719215393,0.5821123719215393
1333898112,cal,0,1,0.5825850367546082,0.5825850367546082
1012587454,cal,0,1,0.5834251046180725,0.5834251046180725
1254608112,cal,0,1,0.5728389620780945,0.5728389620780945
1283043362,cal,0,0,0.4917799234390259,0.5082200765609741
1380112717,cal,0,1,0.510114312171936,0.510114312171936
1976392554,cal,0,1,0.5323386192321777,0.5323386192321777
166179621,cal,0,1,0.5307545065879822,0.5307545065879822
693948595,cal,0,1,0.5079506039619446,0.5079506039619446
1348715972,cal,0,0,0.4956037104129791,0.5043963193893433
33129177,test,0,1,0.5607831478118896,0.5607831478118896
987814768,test,0,1,0.5780041813850403,0.5780041813850403
1084664784,test,0,1,0.5736333131790161,0.5736333131790161
1303578144,test,0,1,0.5688127279281616,0.5688127279281616
862446968,cal,0,1,0.5860315561294556,0.5860315561294556
1713065880,cal,0,1,0.568142831325531,0.568142831325531
790239420,cal,0,1,0.5798313617706299,0.5798313617706299
1022878191,cal,0,1,0.569020688533783,0.569020688533783
762878024,cal,0,0,0.4935896694660187,0.5064103603363037
1329290476,cal,0,0,0.4617699086666107,0.5382300615310669
1460999561,cal,0,1,0.5041895508766174,0.5041895508766174
2046533909,cal,0,0,0.4548532962799072,0.5451467037200928
1098542568,cal,0,1,0.5656086802482605,0.5656086802482605
1607662103,cal,0,1,0.5716169476509094,0.5716169476509094
290779183,cal,0,1,0.5760442614555359,0.5760442614555359
1026445146,cal,0,1,0.5687565803527832,0.5687565803527832
466868011,cal,0,1,0.5082994699478149,0.5082994699478149
2052220587,cal,0,0,0.485000878572464,0.5149991512298584
233203633,cal,0,1,0.5142606496810913,0.5142606496810913
426708887,cal,0,1,0.5049872398376465,0.5049872398376465
1347008735,test,0,0,0.4637584388256073,0.5362415313720703
2093791564,test,0,1,0.5086974501609802,0.5086974501609802
160491505,test,0,1,0.530482292175293,0.530482292175293
1396224948,test,0,0,0.4801889955997467,0.5198110342025757
1880105848,cal,1,1,0.5171048045158386,0.5171048045158386
1909882270,cal,1,0,0.4995468258857727,0.5004531741142273
492635806,cal,0,0,0.488284707069397,0.511715292930603
1219501838,cal,0,1,0.5317599773406982,0.5317599773406982
1862867803,cal,0,1,0.5096887946128845,0.5096887946128845
779922386,test,0,1,0.5155448317527771,0.5155448317527771
925325342,test,0,1,0.5558170676231384,0.5558170676231384
1567569834,test,0,1,0.5549641847610474,0.5549641847610474
739707856,test,1,1,0.5083466172218323,0.5083466172218323
1381451290,test,1,1,0.5518815517425537,0.5518815517425537
1227615519,test,0,0,0.4589598774909973,0.5410401225090027
1633150313,test,0,0,0.4446619749069214,0.5553380250930786
748912825,test,0,0,0.4725547730922699,0.5274451971054077
1757393864,test,0,0,0.44393056631088257,0.5560694336891174
207302209,cal,0,0,0.4865059554576874,0.5134940147399902
2086972526,cal,0,0,0.4679371416568756,0.5320628881454468
1032542264,cal,0,0,0.4676610827445984,0.5323389172554016
1082796717,cal,0,0,0.4794585108757019,0.5205414891242981
901381390,cal,0,1,0.5995329022407532,0.5995329022407532
1740694629,cal,0,1,0.5827316045761108,0.5827316045761108
414590840,cal,0,1,0.584789514541626,0.584789514541626
472810175,cal,0,1,0.5806809663772583,0.5806809663772583
1615141335,cal,0,1,0.572006106376648,0.572006106376648
29059879,cal,0,1,0.5038135051727295,0.5038135051727295
585961964,cal,0,0,0.46605977416038513,0.5339401960372925
1825695609,cal,0,1,0.5133352875709534,0.5133352875709534
2131442739,cal,0,0,0.45792025327682495,0.542079746723175
268581411,cal,0,1,0.5482612252235413,0.5482612252235413
538070186,cal,0,1,0.5024401545524597,0.5024401545524597
1117489632,cal,0,0,0.48599228262901306,0.5140076875686646
891664732,cal,0,1,0.5093128085136414,0.5093128085136414
1434494645,cal,0,1,0.5459548234939575,0.5459548234939575
1799518934,cal,0,1,0.5393542051315308,0.5393542051315308
5002218,cal,1,1,0.5475470423698425,0.5475470423698425
1094259585,cal,1,1,0.5215137600898743,0.5215137600898743
1818973308,cal,1,0,0.4811963737010956,0.518803596496582
1563623770,test,0,1,0.5069898962974548,0.5069898962974548
1720659042,test,0,0,0.47272172570228577,0.5272783041000366
1440650112,test,1,1,0.5320741534233093,0.5320741534233093
1728004332,test,1,0,0.4773387610912323,0.5226612091064453
38154743,cal,0,1,0.6078830361366272,0.6078830361366272
299589511,cal,0,1,0.633436381816864,0.633436381816864
1957875814,cal,0,1,0.6319841742515564,0.6319841742515564
108051053,cal,1,1,0.6276658773422241,0.6276658773422241
1573200094,cal,1,1,0.600690484046936,0.600690484046936
453124081,cal,0,1,0.5624594688415527,0.5624594688415527
1220450077,cal,0,1,0.5526240468025208,0.5526240468025208
1847613305,cal,0,1,0.5803847312927246,0.5803847312927246
1898753940,cal,0,1,0.590397298336029,0.590397298336029
194049996,cal,1,1,0.5919063091278076,0.5919063091278076
335016374,cal,1,1,0.5742049813270569,0.5742049813270569
497946051,cal,1,1,0.5686273574829102,0.5686273574829102
794417411,cal,1,1,0.5735610723495483,0.5735610723495483
1733937107,cal,0,1,0.5061638355255127,0.5061638355255127
1757617402,cal,0,0,0.49169352650642395,0.5083065032958984
997382777,cal,0,0,0.4852806627750397,0.5147193670272827
1966479153,cal,0,1,0.5059088468551636,0.5059088468551636
1569526234,cal,0,1,0.5450732707977295,0.5450732707977295
1923231504,cal,0,1,0.5499114394187927,0.5499114394187927
430162773,cal,0,1,0.5469919443130493,0.5469919443130493
902308691,cal,0,1,0.5384374856948853,0.5384374856948853
457117110,cal,0,1,0.5110998153686523,0.5110998153686523
1946323653,cal,0,0,0.4774039387702942,0.5225960612297058
109533347,cal,0,0,0.476274311542511,0.523725688457489
1580789743,cal,0,1,0.5031168460845947,0.5031168460845947
42492788,cal,0,1,0.5106233358383179,0.5106233358383179
489382262,cal,0,0,0.4906621277332306,0.5093379020690918
1241393605,cal,0,0,0.4680750072002411,0.5319249629974365
2021379435,cal,0,1,0.5202837586402893,0.5202837586402893
5576040,cal,0,1,0.5249624252319336,0.5249624252319336
1561209997,cal,0,0,0.4683065116405487,0.5316934585571289
609097651,cal,0,0,0.4147314131259918,0.5852686166763306
724225181,cal,0,1,0.507840633392334,0.507840633392334
185886586,test,0,0,0.4635016620159149,0.5364983081817627
225508700,test,0,1,0.5118570923805237,0.5118570923805237
665212164,test,0,1,0.515032172203064,0.515032172203064
1712396740,test,0,1,0.523865282535553,0.523865282535553
1914401586,test,0,0,0.43014010787010193,0.5698598623275757
370141925,cal,0,0,0.4665123224258423,0.5334876775741577
1607840657,cal,0,0,0.47498729825019836,0.525012731552124
909374161,cal,1,0,0.29348990321159363,0.706510066986084
1354054125,cal,1,0,0.46412476897239685,0.5358752012252808
405461838,cal,0,0,0.4847116470336914,0.5152883529663086
1191968988,cal,0,0,0.46792200207710266,0.5320780277252197
960179116,cal,0,1,0.5127134323120117,0.5127134323120117
1832280686,cal,0,0,0.4887123107910156,0.5112876892089844
1871857944,cal,0,1,0.5989866256713867,0.5989866256713867
1968979863,cal,0,1,0.6135812401771545,0.6135812401771545
780126391,cal,0,1,0.6080222129821777,0.6080222129821777
1267984123,cal,0,1,0.6011735200881958,0.6011735200881958
332081165,cal,1,1,0.6183929443359375,0.6183929443359375
928499565,cal,1,1,0.5940552353858948,0.5940552353858948
976834772,cal,1,1,0.6138345003128052,0.6138345003128052
82396292,cal,0,1,0.6147416830062866,0.6147416830062866
484765345,cal,0,1,0.5759576559066772,0.5759576559066772
613720434,test,0,1,0.5851819515228271,0.5851819515228271
721849514,test,0,1,0.5489469170570374,0.5489469170570374
176887634,test,0,1,0.5794454216957092,0.5794454216957092
1728222638,test,0,1,0.568128228187561,0.568128228187561
224435633,cal,0,0,0.4992932677268982,0.5007067322731018
407947827,cal,0,1,0.5010764598846436,0.5010764598846436
562388167,cal,0,0,0.4955748915672302,0.5044251084327698
945548941,cal,0,0,0.497152179479599,0.5028477907180786
8499002,cal,0,0,0.49732208251953125,0.5026779174804688
2090555582,cal,0,1,0.507028341293335,0.507028341293335
1158155976,cal,0,1,0.5406160950660706,0.5406160950660706
1239079415,cal,0,1,0.5258976221084595,0.5258976221084595
110331672,cal,0,1,0.5335373878479004,0.5335373878479004
1482048382,cal,0,1,0.5190008282661438,0.5190008282661438
397844551,test,0,1,0.5975046753883362,0.5975046753883362
2131134231,test,0,1,0.5879641771316528,0.5879641771316528
620165740,test,0,1,0.5806698203086853,0.5806698203086853
1335458719,test,0,1,0.6021900773048401,0.6021900773048401
856433008,cal,0,1,0.5565088391304016,0.5565088391304016
1127789563,cal,0,1,0.5692262649536133,0.5692262649536133
743986325,cal,0,1,0.5675338506698608,0.5675338506698608
1359090026,cal,0,1,0.5594616532325745,0.5594616532325745
891091752,cal,0,1,0.5273711085319519,0.5273711085319519
916288197,cal,0,1,0.5149595737457275,0.5149595737457275
1732575664,cal,0,1,0.518048882484436,0.518048882484436
16670985,cal,0,1,0.5256725549697876,0.5256725549697876
404270717,cal,0,1,0.5243512392044067,0.5243512392044067
1199920352,cal,0,1,0.5343177318572998,0.5343177318572998
1354450630,cal,0,0,0.46100562810897827,0.5389943718910217
1773241547,cal,0,0,0.45112577080726624,0.5488742589950562
1050069127,cal,0,0,0.48311033844947815,0.5168896913528442
1801297244,cal,0,0,0.4486387073993683,0.5513613224029541
1012190710,cal,0,1,0.5861727595329285,0.5861727595329285
1194095884,cal,0,1,0.6102290749549866,0.6102290749549866
1713214584,cal,0,1,0.6010971665382385,0.6010971665382385
473674756,cal,0,1,0.6105015873908997,0.6105015873908997
511195816,cal,0,1,0.6112499833106995,0.6112499833106995
1797685171,cal,0,1,0.6084865927696228,0.6084865927696228
1562163207,cal,0,0,0.45892712473869324,0.5410728454589844
2084685528,cal,0,0,0.4968011677265167,0.5031988620758057
853408927,cal,0,0,0.4848545491695404,0.5151454210281372
1701097785,cal,0,0,0.4478015899658203,0.5521984100341797
870161306,test,0,1,0.5194109678268433,0.5194109678268433
2079147995,test,0,1,0.5028639435768127,0.5028639435768127
1321927791,test,0,1,0.5069288611412048,0.5069288611412048
1803373726,test,0,0,0.49942976236343384,0.5005702376365662
1522057190,test,0,0,0.45872846245765686,0.5412715673446655
1910262517,test,0,0,0.4687657356262207,0.5312342643737793
1434352722,test,0,0,0.4842624366283417,0.5157375335693359
1802211933,test,0,0,0.4785226881504059,0.5214773416519165
377615657,cal,0,1,0.5662540197372437,0.5662540197372437
852522812,cal,0,1,0.5604990124702454,0.5604990124702454
500827464,cal,0,1,0.575644314289093,0.575644314289093
843868885,cal,0,1,0.5647514462471008,0.5647514462471008
628943490,cal,0,1,0.5212293863296509,0.5212293863296509
983901806,cal,0,1,0.5132606625556946,0.5132606625556946
1202709015,cal,0,1,0.5057063698768616,0.5057063698768616
1494076531,cal,0,1,0.5123584866523743,0.5123584866523743
406978011,cal,0,1,0.5775822401046753,0.5775822401046753
1045807217,cal,0,1,0.5939056277275085,0.5939056277275085
64054131,cal,0,1,0.5435731410980225,0.5435731410980225
198593196,cal,0,1,0.551050066947937,0.551050066947937
1935242393,cal,0,1,0.585379421710968,0.585379421710968
450297993,cal,0,1,0.5634551644325256,0.5634551644325256
1467270629,cal,0,1,0.5972641110420227,0.5972641110420227
553528170,cal,0,1,0.6033012866973877,0.6033012866973877
1207259302,cal,0,1,0.5644842386245728,0.5644842386245728
38086424,cal,0,1,0.5803201794624329,0.5803201794624329
1192269369,cal,0,1,0.592239260673523,0.592239260673523
911833085,cal,0,1,0.5796674489974976,0.5796674489974976
1070038319,cal,0,1,0.5820325613021851,0.5820325613021851
1830572577,cal,0,1,0.5608551502227783,0.5608551502227783
330470271,test,0,1,0.5940112471580505,0.5940112471580505
1808279506,test,0,1,0.6060798168182373,0.6060798168182373
710070966,test,0,1,0.6093015670776367,0.6093015670776367
1043848088,test,0,1,0.5859459042549133,0.5859459042549133
1940687460,test,0,1,0.5804166793823242,0.5804166793823242
1581315720,test,0,1,0.5218079686164856,0.5218079686164856
2077252053,test,0,1,0.5143792629241943,0.5143792629241943
922113762,test,0,1,0.5186008810997009,0.5186008810997009
1135622896,test,0,1,0.5140491127967834,0.5140491127967834
547799199,cal,0,1,0.5049515962600708,0.5049515962600708
785106895,cal,0,1,0.515143632888794,0.515143632888794
391257822,cal,0,1,0.5282829403877258,0.5282829403877258
1459651030,cal,0,1,0.5046162009239197,0.5046162009239197
511635284,cal,0,1,0.5160746574401855,0.5160746574401855
1332054193,cal,0,1,0.5144436955451965,0.5144436955451965
445479444,cal,0,1,0.5204446911811829,0.5204446911811829
998960294,cal,0,1,0.509145975112915,0.509145975112915
449502595,test,0,1,0.5084004998207092,0.5084004998207092
1440140864,test,0,1,0.5108951330184937,0.5108951330184937
771112289,test,0,1,0.5110026597976685,0.5110026597976685
1735958172,test,0,1,0.5060006976127625,0.5060006976127625
409020787,cal,0,1,0.5431579947471619,0.5431579947471619
631086172,cal,0,1,0.5287390351295471,0.5287390351295471
1262950237,cal,0,1,0.5340470671653748,0.5340470671653748
96410807,cal,0,1,0.5328435897827148,0.5328435897827148
437232589,cal,0,1,0.5357282161712646,0.5357282161712646
466698010,cal,0,1,0.5420339107513428,0.5420339107513428
200656030,cal,0,1,0.5562621355056763,0.5562621355056763
1125720921,cal,0,1,0.567966103553772,0.567966103553772
149127017,cal,0,1,0.5581929683685303,0.5581929683685303
1983454218,cal,0,1,0.5917705297470093,0.5917705297470093
247535701,cal,1,1,0.5714182257652283,0.5714182257652283
872443919,cal,1,1,0.5562235116958618,0.5562235116958618
552852714,cal,0,1,0.5698044896125793,0.5698044896125793
651292882,cal,0,1,0.5804162621498108,0.5804162621498108
1232971547,cal,0,1,0.5701077580451965,0.5701077580451965
140307630,cal,0,1,0.5045084953308105,0.5045084953308105
1246843119,cal,0,0,0.4940119683742523,0.5059880018234253
1660256909,cal,0,1,0.5340723991394043,0.5340723991394043
401074257,cal,0,1,0.5037438869476318,0.5037438869476318
428555631,cal,0,0,0.4975447356700897,0.5024552345275879
265967922,cal,0,1,0.5322147607803345,0.5322147607803345
1936057727,cal,0,1,0.5676227807998657,0.5676227807998657
353280693,cal,1,1,0.572245180606842,0.572245180606842
1820267254,cal,1,1,0.5345281958580017,0.5345281958580017
1376178944,test,0,0,0.45276308059692383,0.5472369194030762
1856873489,test,0,0,0.48130980134010315,0.5186902284622192
1801410390,test,0,0,0.4677964448928833,0.5322035551071167
2036124156,test,0,0,0.47317782044410706,0.5268222093582153
169124728,test,0,0,0.47157371044158936,0.5284262895584106
680753558,test,0,0,0.4514060616493225,0.5485939383506775
30422907,test,0,0,0.469566285610199,0.530433714389801
1998005118,test,0,0,0.445061594247818,0.5549384355545044
1751836179,test,0,0,0.4760647714138031,0.5239351987838745
1766579809,test,0,0,0.47711363434791565,0.5228863954544067
1853859232,test,0,0,0.4812498390674591,0.5187501907348633
1874674418,test,0,0,0.47797584533691406,0.5220241546630859
908963933,cal,0,1,0.5907610058784485,0.5907610058784485
1313053426,cal,0,1,0.59589022397995,0.59589022397995
1319100141,cal,0,1,0.575863778591156,0.575863778591156
414938297,cal,1,1,0.5720950365066528,0.5720950365066528
1745176218,cal,1,1,0.606636643409729,0.606636643409729
60872123,test,0,0,0.48262476921081543,0.5173752307891846
141753012,test,0,0,0.46209660172462463,0.5379034280776978
2044098614,test,0,0,0.4880807101726532,0.5119192600250244
1091299886,test,0,0,0.47151610255241394,0.5284838676452637
1251967630,test,0,0,0.4917997121810913,0.5082002878189087
2073201946,test,0,0,0.4867590069770813,0.5132409930229187
1470728408,cal,0,1,0.5537249445915222,0.5537249445915222
1940600237,cal,0,1,0.5228483080863953,0.5228483080863953
161313141,cal,0,1,0.5504462122917175,0.5504462122917175
1403144956,cal,0,1,0.5231444239616394,0.5231444239616394
894425878,cal,0,1,0.548437774181366,0.548437774181366
1191500960,cal,0,1,0.524057149887085,0.524057149887085
3504026,cal,0,1,0.5217046737670898,0.5217046737670898
1833570128,cal,0,1,0.5362989902496338,0.5362989902496338
1333367377,test,0,1,0.5282716155052185,0.5282716155052185
1836948422,test,0,0,0.48701977729797363,0.5129802227020264
286984988,test,0,0,0.4934103190898895,0.5065896511077881
2037175716,test,0,1,0.5079187154769897,0.5079187154769897
592458129,test,0,0,0.49247220158576965,0.5075278282165527
925338778,test,0,1,0.5097483992576599,0.5097483992576599
1654312988,test,0,1,0.5012818574905396,0.5012818574905396
1961925092,test,0,1,0.5104185342788696,0.5104185342788696
516022770,cal,1,1,0.5692172646522522,0.5692172646522522
657579576,cal,1,1,0.5539507269859314,0.5539507269859314
874803801,cal,0,1,0.5648291707038879,0.5648291707038879
1477187840,cal,0,1,0.5335412621498108,0.5335412621498108
124830510,cal,0,1,0.5819362998008728,0.5819362998008728
1232505180,cal,0,1,0.625361442565918,0.625361442565918
91552357,cal,0,1,0.5797258615493774,0.5797258615493774
413769565,cal,0,1,0.5791000127792358,0.5791000127792358
1472896625,cal,0,1,0.6145318746566772,0.6145318746566772
1363850140,test,0,0,0.43699929118156433,0.5630006790161133
1791481324,test,0,0,0.48144394159317017,0.5185560584068298
232075631,test,0,0,0.4760540723800659,0.5239459276199341
2006058323,test,0,0,0.4383554458618164,0.5616445541381836
595553693,cal,1,1,0.5333757400512695,0.5333757400512695
839802281,cal,1,1,0.539819061756134,0.539819061756134
852827418,cal,0,1,0.544115424156189,0.544115424156189
1642770745,cal,0,1,0.5160720348358154,0.5160720348358154
710662530,test,0,1,0.5661693811416626,0.5661693811416626
1173619714,test,0,1,0.5913078784942627,0.5913078784942627
1642617990,test,0,1,0.6003586053848267,0.6003586053848267
2062975412,test,0,1,0.5982910990715027,0.5982910990715027
580767727,cal,0,0,0.49851301312446594,0.5014870166778564
621680491,cal,0,0,0.48337602615356445,0.5166239738464355
1518962287,cal,0,1,0.5113157033920288,0.5113157033920288
2070093064,cal,0,0,0.48287707567214966,0.5171229243278503
472273357,cal,1,0,0.4969366192817688,0.5030633807182312
762909887,cal,1,1,0.5266570448875427,0.5266570448875427
620213939,cal,0,1,0.5060309767723083,0.5060309767723083
1883939835,cal,0,1,0.5135692954063416,0.5135692954063416
1313633075,test,0,1,0.5221353769302368,0.5221353769302368
1895834793,test,0,1,0.5267103314399719,0.5267103314399719
1326232078,test,0,1,0.5329587459564209,0.5329587459564209
1511965363,test,0,1,0.531306803226471,0.531306803226471
1608730868,test,0,1,0.5270392894744873,0.5270392894744873
367120899,cal,0,1,0.5012463331222534,0.5012463331222534
1747379922,cal,0,1,0.5279655456542969,0.5279655456542969
1416816844,cal,0,1,0.5248684883117676,0.5248684883117676
1539789341,cal,0,1,0.5019416809082031,0.5019416809082031
436775180,cal,0,1,0.5087079405784607,0.5087079405784607
1835864821,cal,0,1,0.5304803252220154,0.5304803252220154
793633631,cal,1,1,0.5074681639671326,0.5074681639671326
1054310693,cal,1,1,0.5211246609687805,0.5211246609687805
475678351,test,0,1,0.5704664587974548,0.5704664587974548
566661824,test,0,1,0.5627767443656921,0.5627767443656921
860684581,test,0,1,0.566648006439209,0.566648006439209
1503724119,test,0,1,0.5007732510566711,0.5007732510566711
1565740402,test,0,1,0.5170012712478638,0.5170012712478638
170926494,test,0,1,0.5420759916305542,0.5420759916305542
925570271,test,0,1,0.5636332631111145,0.5636332631111145
1681459003,test,0,1,0.5613113045692444,0.5613113045692444
1746682885,test,0,1,0.5694518685340881,0.5694518685340881
1658085176,cal,0,1,0.5474776029586792,0.5474776029586792
1984614128,cal,0,1,0.5552221536636353,0.5552221536636353
206677090,cal,1,1,0.5588713884353638,0.5588713884353638
1095919808,cal,1,1,0.5841977000236511,0.5841977000236511
10186867,cal,0,1,0.5438286662101746,0.5438286662101746
1069498304,cal,0,1,0.5447771549224854,0.5447771549224854
70388030,cal,0,1,0.5296297669410706,0.5296297669410706
2039224756,cal,0,1,0.5460377931594849,0.5460377931594849
376557423,cal,0,1,0.5302605628967285,0.5302605628967285
1683003622,cal,0,1,0.5449706315994263,0.5449706315994263
290681802,cal,0,1,0.5371750593185425,0.5371750593185425
1436294591,cal,0,1,0.5470169186592102,0.5470169186592102
1093403037,cal,0,1,0.6547074317932129,0.6547074317932129
1168255038,cal,0,1,0.6015096306800842,0.6015096306800842
1863099083,cal,0,1,0.6130683422088623,0.6130683422088623
359917515,cal,0,1,0.5696256160736084,0.5696256160736084
398240859,cal,0,1,0.5827144384384155,0.5827144384384155
401065812,cal,0,1,0.5047884583473206,0.5047884583473206
1799575827,cal,0,1,0.5177900791168213,0.5177900791168213
1001171569,cal,0,0,0.4976119101047516,0.5023881196975708
1599194598,cal,0,0,0.49254751205444336,0.5074524879455566
870488109,cal,0,0,0.48086172342300415,0.5191382765769958
1422208643,cal,0,0,0.45696723461151123,0.5430327653884888
636634539,cal,0,0,0.4861259162425995,0.5138740539550781
685125518,cal,0,0,0.4456591308116913,0.5543408393859863
1738860016,test,0,0,0.483310729265213,0.5166893005371094
1871020950,test,0,0,0.4899004101753235,0.5100995898246765
60977990,test,0,0,0.48176389932632446,0.5182361006736755
458783852,test,0,0,0.49016687273979187,0.5098330974578857
79554116,cal,1,1,0.6253481507301331,0.6253481507301331
1538630253,cal,1,1,0.6293322443962097,0.6293322443962097
869590695,cal,0,1,0.594010055065155,0.594010055065155
1137260294,cal,0,1,0.6019716262817383,0.6019716262817383
1437179461,cal,0,0,0.46414732933044434,0.5358526706695557
1544858746,cal,0,0,0.4996803104877472,0.5003197193145752
165611851,cal,0,0,0.4940812289714813,0.5059187412261963
1596867082,cal,0,0,0.48900267481803894,0.5109972953796387
349765868,cal,1,1,0.6115308403968811,0.6115308403968811
871053270,cal,1,1,0.5864454507827759,0.5864454507827759
1411480553,cal,1,1,0.5987295508384705,0.5987295508384705
2041621349,cal,1,1,0.5714704990386963,0.5714704990386963
181698506,cal,0,1,0.5973607301712036,0.5973607301712036
994971273,cal,0,1,0.5953097939491272,0.5953097939491272
1746289213,cal,0,1,0.6002509593963623,0.6002509593963623
515845510,cal,0,0,0.48618823289871216,0.5138117671012878
1149269040,cal,0,0,0.4857606291770935,0.5142393708229065
142468702,cal,0,0,0.4940558671951294,0.5059441328048706
959374336,cal,0,0,0.4868405759334564,0.5131593942642212
387006708,cal,0,1,0.5254214406013489,0.5254214406013489
1712768155,cal,0,1,0.5144816637039185,0.5144816637039185
1935361867,cal,1,1,0.5055316686630249,0.5055316686630249
2125478859,cal,1,1,0.5119572281837463,0.5119572281837463
1107938092,cal,1,1,0.530998170375824,0.530998170375824
1775678618,cal,1,0,0.4998979866504669,0.5001020431518555
1343715226,cal,0,1,0.5297076106071472,0.5297076106071472
1404996033,cal,0,1,0.5023385286331177,0.5023385286331177
1053337709,cal,1,1,0.6236031651496887,0.6236031651496887
1589597272,cal,1,1,0.6112164258956909,0.6112164258956909
32103557,cal,0,1,0.6144503951072693,0.6144503951072693
1670844246,cal,0,1,0.6213322281837463,0.6213322281837463
590607886,cal,0,0,0.4936067759990692,0.5063931941986084
2103763517,cal,0,0,0.46068108081817627,0.5393189191818237
622707364,cal,1,1,0.5064536333084106,0.5064536333084106
1801031043,cal,1,0,0.46077287197113037,0.5392271280288696
1086369656,test,0,0,0.491836279630661,0.5081636905670166
1814355972,test,0,0,0.4788782596588135,0.5211217403411865
470574619,test,0,1,0.5100420117378235,0.5100420117378235
1006633290,test,0,0,0.47324636578559875,0.5267536640167236
1358047396,test,0,1,0.5434837937355042,0.5434837937355042
1362288007,test,0,1,0.5703069567680359,0.5703069567680359
1662010857,test,0,1,0.6167144179344177,0.6167144179344177
178887959,test,0,1,0.6108009815216064,0.6108009815216064
266459485,test,0,1,0.5726575255393982,0.5726575255393982
555368902,test,0,1,0.6089507937431335,0.6089507937431335
629141050,cal,0,1,0.5963639616966248,0.5963639616966248
870878104,cal,0,1,0.5584731101989746,0.5584731101989746
378480143,cal,0,1,0.6041027903556824,0.6041027903556824
841294424,cal,0,1,0.5914462804794312,0.5914462804794312
1298841383,cal,0,1,0.5915162563323975,0.5915162563323975
1565708984,cal,0,1,0.5444990992546082,0.5444990992546082
1749984785,cal,0,1,0.5241706371307373,0.5241706371307373
1809083209,cal,0,1,0.5189322829246521,0.5189322829246521
2016333104,cal,0,1,0.5512630939483643,0.5512630939483643
198478912,cal,0,0,0.4918847382068634,0.508115291595459
267866212,cal,0,0,0.4944840967655182,0.5055159330368042
1283664677,cal,0,1,0.5217369198799133,0.5217369198799133
1447477829,cal,0,0,0.4831761121749878,0.5168238878250122
174058984,test,1,0,0.49252402782440186,0.5074759721755981
1563420217,test,1,0,0.4714212715625763,0.5285787582397461
864125975,test,0,0,0.4961306154727936,0.5038694143295288
2037663156,test,0,0,0.49876683950424194,0.5012331604957581
1384716683,test,1,0,0.4547941982746124,0.54520583152771
1769197567,test,1,0,0.47155898809432983,0.5284410119056702
1113871,test,0,0,0.43369361758232117,0.5663063526153564
328869655,test,0,0,0.4353668689727783,0.5646331310272217
8667377,cal,1,1,0.5478046536445618,0.5478046536445618
426614035,cal,1,1,0.5445881485939026,0.5445881485939026
1974771206,cal,1,1,0.5396671891212463,0.5396671891212463
456312224,cal,0,1,0.5435101389884949,0.5435101389884949
1692291457,cal,0,1,0.5394214987754822,0.5394214987754822
243098654,cal,0,1,0.5006510615348816,0.5006510615348816
1687450637,cal,0,0,0.4757722020149231,0.5242277979850769
1727184438,cal,0,0,0.4687323272228241,0.5312676429748535
746831554,cal,0,0,0.4920082688331604,0.5079917311668396
807771716,cal,0,0,0.46401265263557434,0.535987377166748
1611393616,cal,0,0,0.4757579565048218,0.5242420434951782
322502122,cal,0,0,0.4834526777267456,0.5165473222732544
560652622,cal,0,0,0.4968869686126709,0.5031130313873291
894238447,cal,0,0,0.4991869330406189,0.5008130669593811
980034173,cal,0,0,0.4915807843208313,0.5084192156791687
1607944853,cal,0,0,0.4786224067211151,0.5213775634765625
301558578,cal,0,0,0.48893871903419495,0.5110613107681274
1081282359,cal,0,0,0.4832863509654999,0.5167136192321777
1268634694,cal,0,0,0.49533575773239136,0.5046642422676086
1351550814,cal,0,0,0.498813658952713,0.5011863708496094
1818492442,cal,0,1,0.5004711151123047,0.5004711151123047
2057437207,cal,0,1,0.5151956081390381,0.5151956081390381
771276953,cal,0,1,0.6144623756408691,0.6144623756408691
1250707892,cal,0,1,0.6001333594322205,0.6001333594322205
1053974923,cal,0,1,0.6389898061752319,0.6389898061752319
1743624353,cal,0,1,0.6201041340827942,0.6201041340827942
1849675642,cal,0,1,0.6274044513702393,0.6274044513702393
128341490,cal,0,1,0.5740401148796082,0.5740401148796082
716995354,cal,0,1,0.5591798424720764,0.5591798424720764
427117589,cal,0,1,0.5759720802307129,0.5759720802307129
708504665,cal,0,1,0.550053596496582,0.550053596496582
350357933,cal,0,1,0.5772804021835327,0.5772804021835327
1007476861,cal,0,1,0.6000969409942627,0.6000969409942627
1984994348,cal,0,1,0.5660126209259033,0.5660126209259033
2128603347,cal,0,1,0.5858290791511536,0.5858290791511536
116073416,cal,0,0,0.4910818934440613,0.5089181065559387
204546379,cal,0,0,0.4649876058101654,0.5350123643875122
933587745,cal,0,0,0.4852084517478943,0.5147915482521057
1649320455,cal,0,0,0.4792044460773468,0.5207955837249756
1708836992,cal,0,0,0.48287779092788696,0.517122209072113
220192305,cal,0,1,0.5962377786636353,0.5962377786636353
670897763,cal,0,1,0.5789187550544739,0.5789187550544739
1620761178,cal,0,1,0.5799346566200256,0.5799346566200256
1757846451,cal,0,1,0.597957968711853,0.597957968711853
1653166853,cal,0,1,0.500014066696167,0.500014066696167
1713405182,cal,0,0,0.48900437355041504,0.510995626449585
1347996831,cal,0,0,0.49820372462272644,0.5017962455749512
1483858200,cal,0,1,0.5139501690864563,0.5139501690864563
927776833,cal,0,0,0.49036476016044617,0.5096352100372314
1069263449,cal,0,0,0.496452659368515,0.5035473108291626
295432434,cal,1,1,0.5005229711532593,0.5005229711532593
1303866241,cal,1,0,0.4866381585597992,0.5133618116378784
2086674517,cal,1,0,0.48337891697883606,0.5166211128234863
998187143,cal,1,1,0.5494973063468933,0.5494973063468933
1193133563,cal,1,1,0.5361917614936829,0.5361917614936829
1364556093,cal,0,1,0.5601383447647095,0.5601383447647095
1809378517,cal,0,1,0.5456762313842773,0.5456762313842773
423620161,test,0,0,0.48188167810440063,0.5181183218955994
2126417426,test,0,1,0.5236689448356628,0.5236689448356628
190523278,test,0,1,0.5274632573127747,0.5274632573127747
1028481261,test,0,0,0.4886634647846222,0.5113365650177002
1534937449,cal,0,0,0.4988982677459717,0.5011017322540283
1818290464,cal,0,0,0.4608437418937683,0.5391562581062317
446374197,cal,0,0,0.4818730652332306,0.5181269645690918
1622726742,cal,0,1,0.5017382502555847,0.5017382502555847
934403314,cal,1,1,0.6027660369873047,0.6027660369873047
946331737,cal,1,1,0.5912104249000549,0.5912104249000549
1335641216,cal,1,1,0.6249269843101501,0.6249269843101501
1607080612,cal,1,1,0.5915320515632629,0.5915320515632629
1804974919,cal,1,1,0.600421130657196,0.600421130657196
778880048,cal,1,1,0.6234099864959717,0.6234099864959717
799438815,cal,1,1,0.6039115190505981,0.6039115190505981
1131843363,cal,1,1,0.5898023843765259,0.5898023843765259
1142087419,cal,1,1,0.6101169586181641,0.6101169586181641
1540473012,cal,1,1,0.6094781160354614,0.6094781160354614
1036635644,test,1,0,0.47661256790161133,0.5233874320983887
1382844282,test,1,0,0.4929537773132324,0.5070462226867676
34667462,test,0,0,0.49548614025115967,0.5045138597488403
1745337178,test,0,0,0.4689207077026367,0.5310792922973633
138001323,cal,1,1,0.5617835521697998,0.5617835521697998
1345649952,cal,1,1,0.5269994735717773,0.5269994735717773
1360921728,cal,1,1,0.5523097515106201,0.5523097515106201
1448500732,cal,1,1,0.545361340045929,0.545361340045929
369906792,cal,0,1,0.5248964428901672,0.5248964428901672
1250024161,cal,0,1,0.5318813323974609,0.5318813323974609
1414382599,cal,0,1,0.5594893097877502,0.5594893097877502
1540647430,cal,0,1,0.5634551644325256,0.5634551644325256
581213472,cal,0,0,0.47889453172683716,0.5211054682731628
1694727996,cal,0,0,0.4592290222644806,0.5407710075378418
562255949,cal,0,0,0.48780789971351624,0.5121921300888062
1949203632,cal,0,0,0.4708307981491089,0.5291692018508911
585642664,cal,0,1,0.5168923735618591,0.5168923735618591
715807839,cal,0,1,0.505548894405365,0.505548894405365
807476548,cal,0,1,0.5277019739151001,0.5277019739151001
2093213969,cal,0,1,0.5050480365753174,0.5050480365753174
12969572,test,0,1,0.5186690092086792,0.5186690092086792
1434846137,test,0,1,0.5343536138534546,0.5343536138534546
234474279,test,1,1,0.5311385989189148,0.5311385989189148
1314312994,test,1,1,0.5107056498527527,0.5107056498527527
1003207625,cal,0,1,0.5821838974952698,0.5821838974952698
1961719302,cal,0,1,0.5864509344100952,0.5864509344100952
724982989,cal,0,1,0.5997013449668884,0.5997013449668884
814567985,cal,0,1,0.5828887224197388,0.5828887224197388
1847305084,cal,0,1,0.5088682174682617,0.5088682174682617
2121144569,cal,0,0,0.4371269643306732,0.5628730058670044
117459780,cal,0,0,0.43183645606040955,0.5681635141372681
1848722586,cal,0,0,0.4757270812988281,0.5242729187011719
765790801,cal,0,0,0.44511279463768005,0.5548871755599976
1036735894,cal,0,0,0.46050769090652466,0.5394923090934753
2017067693,cal,0,0,0.4988282322883606,0.5011717677116394
5927304,cal,0,0,0.48067837953567505,0.519321620464325
1118475030,cal,0,0,0.46125075221061707,0.5387492179870605
1663272625,cal,0,1,0.5251508951187134,0.5251508951187134
2069901794,cal,0,1,0.5205208659172058,0.5205208659172058
182372229,cal,0,1,0.5241250395774841,0.5241250395774841
1985272752,cal,0,1,0.5240793228149414,0.5240793228149414
1141740279,cal,0,1,0.5760193467140198,0.5760193467140198
1712652661,cal,0,1,0.5752906203269958,0.5752906203269958
1774238574,cal,0,1,0.5706775784492493,0.5706775784492493
259946490,cal,0,1,0.5754624605178833,0.5754624605178833
851402678,cal,0,1,0.5682189464569092,0.5682189464569092
1402635085,cal,0,1,0.5591999888420105,0.5591999888420105
1650253937,cal,0,0,0.47452685236930847,0.5254731178283691
1883439248,cal,0,0,0.49042683839797974,0.5095731616020203
56305122,cal,0,0,0.47235557436943054,0.5276443958282471
1666450069,cal,0,0,0.4931076765060425,0.5068923234939575
89439882,cal,1,1,0.591582179069519,0.591582179069519
1781864046,cal,1,1,0.546738862991333,0.546738862991333
730687524,cal,0,1,0.5447078943252563,0.5447078943252563
1528767222,cal,0,1,0.5949113965034485,0.5949113965034485
1279269580,cal,0,0,0.4888193905353546,0.5111806392669678
1932432091,cal,0,0,0.4599759876728058,0.5400240421295166
147397918,cal,0,0,0.4570084810256958,0.5429915189743042
2139849460,cal,0,0,0.47319361567497253,0.5268063545227051
33319820,cal,0,1,0.5100463628768921,0.5100463628768921
768204999,cal,0,1,0.508019745349884,0.508019745349884
320721732,cal,0,1,0.5112334489822388,0.5112334489822388
1548891811,cal,0,1,0.5099786520004272,0.5099786520004272
227013663,test,0,1,0.5973362326622009,0.5973362326622009
1682763726,test,0,1,0.5917161107063293,0.5917161107063293
689494103,test,1,1,0.5946402549743652,0.5946402549743652
885556143,test,1,1,0.5851938128471375,0.5851938128471375
1267474512,test,1,1,0.5888350605964661,0.5888350605964661
1010212596,cal,0,0,0.4857979714870453,0.5142019987106323
1261704993,cal,0,0,0.47289538383483887,0.5271046161651611
808270745,cal,0,1,0.5046848654747009,0.5046848654747009
1237438004,cal,0,0,0.4682505130767822,0.5317494869232178
200718159,test,0,0,0.4676232933998108,0.5323767066001892
1248172803,test,0,0,0.48499783873558044,0.5150021314620972
1016790821,test,0,0,0.47969770431518555,0.5203022956848145
1062689869,test,0,1,0.515621542930603,0.515621542930603
411064008,test,0,0,0.4441809058189392,0.5558190941810608
1421482342,test,0,0,0.46075019240379333,0.5392497777938843
32914241,test,0,0,0.4709310531616211,0.5290689468383789
1437962882,test,0,0,0.47408753633499146,0.5259124636650085
1329477169,cal,0,0,0.4816169738769531,0.5183830261230469
1664253916,cal,0,0,0.4959062933921814,0.5040937066078186
1873014666,cal,0,0,0.4781806170940399,0.5218193531036377
1115339402,cal,0,0,0.4867643117904663,0.5132356882095337
1553039196,cal,0,0,0.4838005602359772,0.5161994695663452
1616828395,cal,0,0,0.4814118444919586,0.5185881853103638
55433599,cal,0,1,0.5612315535545349,0.5612315535545349
1243123491,cal,0,1,0.536296546459198,0.536296546459198
1362189670,cal,0,1,0.5506998300552368,0.5506998300552368
1652634934,cal,0,1,0.5631499290466309,0.5631499290466309
94980815,test,1,1,0.602229654788971,0.602229654788971
1460513750,test,1,1,0.6210800409317017,0.6210800409317017
2065570847,test,1,1,0.6174736618995667,0.6174736618995667
611499025,test,0,1,0.6082983613014221,0.6082983613014221
1140119705,test,0,1,0.5985040068626404,0.5985040068626404
1883838453,test,0,1,0.6081136465072632,0.6081136465072632
1985788092,test,0,1,0.6227746605873108,0.6227746605873108
1460503281,test,0,0,0.4504201114177704,0.5495798587799072
1948913569,test,0,0,0.47887879610061646,0.5211212038993835
301878489,test,0,0,0.472940057516098,0.5270599126815796
1486895749,test,0,0,0.4544740915298462,0.5455259084701538
310819210,test,0,1,0.5289170742034912,0.5289170742034912
1975290049,test,0,1,0.5009996294975281,0.5009996294975281
309005418,test,0,0,0.48466214537620544,0.5153378248214722
1678197948,test,0,1,0.5086420774459839,0.5086420774459839
1609992622,cal,0,1,0.5520352125167847,0.5520352125167847
1934643255,cal,0,1,0.57741379737854,0.57741379737854
705135340,cal,1,1,0.5598499774932861,0.5598499774932861
2049109760,cal,1,1,0.5445805788040161,0.5445805788040161
310750418,cal,1,1,0.5239413380622864,0.5239413380622864
2089194353,cal,1,1,0.5153483748435974,0.5153483748435974
891153636,cal,0,1,0.5051164031028748,0.5051164031028748
1052881794,cal,0,1,0.5213747024536133,0.5213747024536133
2039612198,cal,0,1,0.5503994822502136,0.5503994822502136
664386283,test,1,0,0.386287659406662,0.6137123107910156
670346444,test,1,0,0.3094637095928192,0.6905362606048584
718462925,test,0,0,0.36400479078292847,0.6359952092170715
1729428460,test,0,0,0.29689136147499084,0.7031086683273315
1882945473,test,0,0,0.4870353937149048,0.5129646062850952
1888618557,test,0,0,0.4998909533023834,0.500109076499939
1209370177,test,0,0,0.47857072949409485,0.5214293003082275
1683523668,test,0,0,0.4781535863876343,0.5218464136123657
1143959557,cal,1,1,0.6240574717521667,0.6240574717521667
2131278360,cal,1,1,0.5743615627288818,0.5743615627288818
295590530,cal,0,1,0.5655966401100159,0.5655966401100159
964104142,cal,0,1,0.5821570754051208,0.5821570754051208
344284572,cal,0,1,0.5481834411621094,0.5481834411621094
1105783559,cal,0,1,0.5210510492324829,0.5210510492324829
471484402,cal,1,1,0.5464126467704773,0.5464126467704773
1605528925,cal,1,1,0.5257781147956848,0.5257781147956848
652141317,cal,0,1,0.5561696887016296,0.5561696887016296
1551237337,cal,0,1,0.5623611211776733,0.5623611211776733
821872843,cal,0,1,0.5540347695350647,0.5540347695350647
1981477112,cal,0,1,0.5779929161071777,0.5779929161071777
869251006,cal,0,0,0.4959818124771118,0.5040181875228882
1072605629,cal,0,1,0.5078087449073792,0.5078087449073792
1395906421,cal,0,0,0.49075379967689514,0.5092462301254272
137598840,cal,0,0,0.48020127415657043,0.519798755645752
282212399,cal,0,0,0.485416442155838,0.5145835876464844
608406262,cal,0,1,0.5060985088348389,0.5060985088348389
277058515,test,0,1,0.5459021329879761,0.5459021329879761
336302505,test,0,1,0.5672186613082886,0.5672186613082886
1073433215,test,0,1,0.5671074390411377,0.5671074390411377
1917006526,test,0,1,0.5857346653938293,0.5857346653938293
853958699,cal,0,0,0.4701407253742218,0.5298593044281006
958391771,cal,0,1,0.5087255835533142,0.5087255835533142
1060348306,cal,0,1,0.5128962993621826,0.5128962993621826
1860290459,cal,0,0,0.48153427243232727,0.5184657573699951
1616771871,cal,0,0,0.46783119440078735,0.5321688055992126
1946067785,cal,0,0,0.479118287563324,0.520881712436676
973312858,cal,0,0,0.47347283363342285,0.5265271663665771
1775928715,cal,0,0,0.4909094572067261,0.5090905427932739
389613645,test,0,1,0.5001288652420044,0.5001288652420044
624875776,test,0,1,0.5283699631690979,0.5283699631690979
59378374,test,0,0,0.4984469413757324,0.5015530586242676
462928251,test,0,0,0.4912334680557251,0.5087665319442749
1360056913,test,0,1,0.508037269115448,0.508037269115448
1208358068,test,0,1,0.59771329164505,0.59771329164505
1369079044,test,0,1,0.6019147038459778,0.6019147038459778
51517975,test,0,1,0.6065191030502319,0.6065191030502319
316391177,test,0,1,0.6034682989120483,0.6034682989120483
346499122,cal,0,1,0.5482893586158752,0.5482893586158752
1807984665,cal,0,1,0.5683633685112,0.5683633685112
977552326,cal,0,1,0.5334782004356384,0.5334782004356384
1095642060,cal,0,1,0.5642775297164917,0.5642775297164917
1318928208,test,0,1,0.5046402812004089,0.5046402812004089
1410976280,test,0,1,0.5129706263542175,0.5129706263542175
1604697008,test,0,0,0.4928191602230072,0.5071808099746704
198048430,test,0,0,0.4831157922744751,0.5168842077255249
716994849,test,0,0,0.4946035146713257,0.5053964853286743
193674652,cal,0,1,0.5999685525894165,0.5999685525894165
1769307372,cal,0,1,0.5896758437156677,0.5896758437156677
1167155238,cal,0,1,0.5891296863555908,0.5891296863555908
1383960954,cal,0,1,0.5918872952461243,0.5918872952461243
1401230529,cal,0,1,0.58214271068573,0.58214271068573
885372048,cal,0,1,0.5601614117622375,0.5601614117622375
1173997311,cal,0,1,0.5510460138320923,0.5510460138320923
471407035,cal,0,1,0.5124847292900085,0.5124847292900085
688731564,cal,0,1,0.5308411717414856,0.5308411717414856
205013928,cal,0,1,0.5703376531600952,0.5703376531600952
790084507,cal,0,1,0.5717566013336182,0.5717566013336182
167198251,cal,1,1,0.5669593214988708,0.5669593214988708
776092893,cal,1,1,0.565535306930542,0.565535306930542
492702146,cal,0,0,0.497614324092865,0.502385675907135
915363360,cal,0,0,0.47322580218315125,0.5267741680145264
558366740,cal,1,0,0.4815674424171448,0.5184325575828552
2055240789,cal,1,0,0.4821207523345947,0.5178792476654053
608236107,test,0,1,0.5142232775688171,0.5142232775688171
680393388,test,0,1,0.5102429986000061,0.5102429986000061
904684226,test,0,1,0.5061970353126526,0.5061970353126526
343129266,test,0,1,0.5120502710342407,0.5120502710342407
369835142,test,0,1,0.5113170146942139,0.5113170146942139
1345249915,cal,0,1,0.5572134852409363,0.5572134852409363
1770697870,cal,0,1,0.5923950672149658,0.5923950672149658
416630477,cal,0,1,0.5854747295379639,0.5854747295379639
1907876397,cal,0,1,0.5679769515991211,0.5679769515991211
440161628,cal,0,0,0.4470849633216858,0.5529150366783142
524184701,cal,0,0,0.49842455983161926,0.5015754699707031
1554271998,cal,0,0,0.4480885863304138,0.5519114136695862
1567679591,cal,0,0,0.4983493983745575,0.5016505718231201
1929699528,cal,0,0,0.4187041223049164,0.5812958478927612
1073410192,cal,0,0,0.48198357224464417,0.5180164575576782
1323165841,cal,0,0,0.45965448021888733,0.5403455495834351
240912740,cal,0,0,0.4569496810436249,0.5430502891540527
805602735,cal,0,0,0.4855082035064697,0.5144917964935303
271741269,cal,0,1,0.6256937384605408,0.6256937384605408
514646450,cal,0,1,0.621480405330658,0.621480405330658
1302254899,cal,0,1,0.6020194888114929,0.6020194888114929
406764921,cal,1,1,0.6150875091552734,0.6150875091552734
1897884654,cal,1,1,0.5892119407653809,0.5892119407653809
377106737,cal,0,1,0.5792030096054077,0.5792030096054077
787227423,cal,0,1,0.5758864283561707,0.5758864283561707
167807018,cal,1,1,0.5802022218704224,0.5802022218704224
965047953,cal,1,1,0.5807044506072998,0.5807044506072998
1737459479,cal,1,1,0.5696520805358887,0.5696520805358887
479106554,cal,1,0,0.49239426851272583,0.5076057314872742
845780125,cal,1,0,0.49952229857444763,0.50047767162323
127594057,cal,0,0,0.4897775948047638,0.5102224349975586
947097886,cal,0,1,0.5025661587715149,0.5025661587715149
1059854595,cal,0,1,0.5521498322486877,0.5521498322486877
1117288418,cal,0,0,0.4789693057537079,0.5210306644439697
166573135,cal,0,1,0.5645912885665894,0.5645912885665894
1613768728,cal,0,0,0.4881046712398529,0.5118952989578247
100223830,cal,0,1,0.5496212244033813,0.5496212244033813
1566320207,cal,0,1,0.581615149974823,0.581615149974823
1927053990,cal,0,1,0.5376816391944885,0.5376816391944885
310728003,cal,0,1,0.5645599961280823,0.5645599961280823
586101376,cal,0,1,0.5600424408912659,0.5600424408912659
1306778499,cal,0,1,0.5093653798103333,0.5093653798103333
1654789535,cal,0,1,0.5147830843925476,0.5147830843925476
103127237,cal,0,1,0.5103971362113953,0.5103971362113953
1359861191,cal,0,1,0.5199329853057861,0.5199329853057861
608100011,test,0,1,0.548124372959137,0.548124372959137
1734348356,test,0,1,0.5512529015541077,0.5512529015541077
1790748888,test,0,1,0.506794810295105,0.506794810295105
703521218,test,0,1,0.5612143874168396,0.5612143874168396
1584366642,test,0,1,0.5613142251968384,0.5613142251968384
1674633725,test,0,1,0.5228884220123291,0.5228884220123291
91955294,cal,0,1,0.5820177793502808,0.5820177793502808
587721863,cal,0,1,0.6045776009559631,0.6045776009559631
1266227816,cal,0,1,0.5796328783035278,0.5796328783035278
1704426414,cal,0,1,0.5986601710319519,0.5986601710319519
200006479,cal,1,1,0.570279598236084,0.570279598236084
975823457,cal,1,1,0.5995947122573853,0.5995947122573853
1575631054,cal,1,1,0.5967491269111633,0.5967491269111633
1773604645,cal,1,1,0.599224865436554,0.599224865436554
605047914,cal,1,0,0.49565577507019043,0.5043442249298096
983872360,cal,1,1,0.5031404495239258,0.5031404495239258
842209441,cal,0,0,0.48945656418800354,0.5105434656143188
948174864,cal,0,0,0.4855349063873291,0.5144650936126709
1203945,test,0,1,0.5203679800033569,0.5203679800033569
220760724,test,0,1,0.5031864047050476,0.5031864047050476
777876033,test,0,1,0.5205597281455994,0.5205597281455994
1969574383,test,0,0,0.496391236782074,0.503608763217926
1065309974,test,0,1,0.566506564617157,0.566506564617157
1276256826,test,0,1,0.5847640037536621,0.5847640037536621
1583129880,test,0,1,0.580325722694397,0.580325722694397
1786881817,test,0,1,0.5540797710418701,0.5540797710418701
292774725,cal,0,1,0.5180789232254028,0.5180789232254028
836873848,cal,0,0,0.491123765707016,0.5088762044906616
528756216,cal,0,0,0.4909461438655853,0.5090538263320923
1396394015,cal,0,0,0.495341420173645,0.504658579826355
734272492,cal,0,1,0.5833011865615845,0.5833011865615845
1755532522,cal,0,1,0.5806476473808289,0.5806476473808289
1361547019,cal,1,1,0.5973275899887085,0.5973275899887085
1740532224,cal,1,1,0.5864015221595764,0.5864015221595764
969599996,test,0,0,0.488433837890625,0.511566162109375
2046228326,test,0,1,0.5082175731658936,0.5082175731658936
1238146669,test,1,0,0.4950292408466339,0.5049707889556885
1839383720,test,1,1,0.5054722428321838,0.5054722428321838
856782041,cal,0,1,0.5183159708976746,0.5183159708976746
1770855648,cal,0,1,0.5218418836593628,0.5218418836593628
693829905,cal,1,1,0.5249546766281128,0.5249546766281128
1169350809,cal,1,1,0.5258172750473022,0.5258172750473022
1156167634,cal,0,1,0.5721611380577087,0.5721611380577087
1640601904,cal,0,1,0.5682564973831177,0.5682564973831177
996814999,cal,0,1,0.5760521292686462,0.5760521292686462
1947833528,cal,0,1,0.5617014765739441,0.5617014765739441
805416872,test,0,1,0.5172847509384155,0.5172847509384155
1247551926,test,0,0,0.4979896545410156,0.5020103454589844
68491,test,0,1,0.5281118750572205,0.5281118750572205
249058752,test,0,1,0.5269718766212463,0.5269718766212463
1109684443,test,0,1,0.558303713798523,0.558303713798523
2061844028,test,0,1,0.5344046950340271,0.5344046950340271
810856727,test,0,1,0.5094091296195984,0.5094091296195984
887513752,test,0,0,0.48010480403900146,0.5198951959609985
1263283397,test,1,0,0.4940720498561859,0.5059279203414917
2030075470,test,1,0,0.46297013759613037,0.5370298624038696
4830494,test,0,1,0.5025015473365784,0.5025015473365784
474618622,test,0,0,0.48773568868637085,0.5122643113136292
968101843,test,0,0,0.49395763874053955,0.5060423612594604
1774251686,test,0,0,0.47630277276039124,0.5236972570419312
909650518,cal,0,1,0.5070345997810364,0.5070345997810364
1983059674,cal,0,0,0.4834378659725189,0.5165621042251587
165533054,cal,0,1,0.5080230832099915,0.5080230832099915
1923445351,cal,0,0,0.4981449842453003,0.5018550157546997
285972903,cal,1,1,0.5094770789146423,0.5094770789146423
1834706557,cal,1,0,0.4871816337108612,0.5128183364868164
743265059,cal,0,0,0.47623181343078613,0.5237681865692139
829439787,cal,0,0,0.4623170495033264,0.5376829504966736
594080546,test,1,1,0.5725263357162476,0.5725263357162476
614597318,test,1,1,0.5440986156463623,0.5440986156463623
279164957,test,0,1,0.5781604647636414,0.5781604647636414
1843430778,test,0,1,0.5617517232894897,0.5617517232894897
267805525,test,1,1,0.5893617272377014,0.5893617272377014
2009137259,test,1,1,0.6242181062698364,0.6242181062698364
1951553697,test,0,1,0.6143129467964172,0.6143129467964172
1975097607,test,0,1,0.5971723794937134,0.5971723794937134
457382151,test,1,1,0.5976059436798096,0.5976059436798096
1580648577,test,1,1,0.5873450040817261,0.5873450040817261
1014639533,test,0,1,0.5849407315254211,0.5849407315254211
1169252529,test,0,1,0.5991271138191223,0.5991271138191223
1729113751,cal,0,1,0.5692808628082275,0.5692808628082275
2114157731,cal,0,1,0.5642371773719788,0.5642371773719788
585082522,cal,1,1,0.5535922050476074,0.5535922050476074
1929693760,cal,1,1,0.5420017838478088,0.5420017838478088
372288668,cal,0,1,0.6149312257766724,0.6149312257766724
1520529189,cal,0,1,0.6096833944320679,0.6096833944320679
573368293,cal,0,1,0.609939694404602,0.609939694404602
1866282903,cal,0,1,0.6042048335075378,0.6042048335075378
56677288,test,0,1,0.523929238319397,0.523929238319397
2138785344,test,0,1,0.5029736161231995,0.5029736161231995
583297993,test,0,1,0.5219184160232544,0.5219184160232544
1369499649,test,0,1,0.505809485912323,0.505809485912323
236118556,cal,0,1,0.5762526392936707,0.5762526392936707
269478095,cal,0,1,0.5827217698097229,0.5827217698097229
362974101,cal,0,1,0.5898995399475098,0.5898995399475098
535786162,cal,1,1,0.5584020018577576,0.5584020018577576
1496079995,cal,1,1,0.5828373432159424,0.5828373432159424
120929761,cal,0,1,0.5197798609733582,0.5197798609733582
396315996,cal,0,1,0.5201911926269531,0.5201911926269531
1508943511,cal,0,1,0.5301175713539124,0.5301175713539124
1626597922,cal,0,1,0.511082112789154,0.511082112789154
275846607,cal,0,0,0.46289217472076416,0.5371078252792358
1153448462,cal,0,0,0.4900315999984741,0.5099684000015259
244873631,cal,0,0,0.4827854633331299,0.5172145366668701
924301348,cal,0,0,0.48563626408576965,0.5143637657165527
260227347,cal,1,1,0.5756756663322449,0.5756756663322449
2085161156,cal,1,1,0.5579311847686768,0.5579311847686768
181471941,cal,0,1,0.5628724694252014,0.5628724694252014
1451118698,cal,0,1,0.5797088742256165,0.5797088742256165
278384046,cal,0,1,0.5041164755821228,0.5041164755821228
1316977861,cal,0,1,0.5147541165351868,0.5147541165351868
24720934,cal,1,1,0.5011738538742065,0.5011738538742065
1936944501,cal,1,1,0.5118144154548645,0.5118144154548645
1534360422,test,0,0,0.4870167374610901,0.5129832625389099
1666516375,test,0,0,0.4678095877170563,0.5321904420852661
477535212,test,0,0,0.4953435957431793,0.5046564340591431
512307582,test,0,0,0.48356807231903076,0.5164319276809692
792015341,cal,0,0,0.47824233770370483,0.5217576622962952
1822261615,cal,0,0,0.4853483736515045,0.5146516561508179
505025907,cal,0,0,0.4766908884048462,0.5233091115951538
927297876,cal,0,0,0.46304619312286377,0.5369538068771362
7667615,cal,1,1,0.5870657563209534,0.5870657563209534
1966960463,cal,1,1,0.5838717222213745,0.5838717222213745
754816117,cal,0,1,0.5856080651283264,0.5856080651283264
1484775079,cal,0,1,0.5758748054504395,0.5758748054504395
233351266,cal,0,1,0.5304328799247742,0.5304328799247742
439532189,cal,0,0,0.332474946975708,0.667525053024292
1314075834,cal,0,0,0.3277081251144409,0.6722918748855591
2083920398,cal,0,1,0.5291405320167542,0.5291405320167542
272876511,cal,0,0,0.46587756276130676,0.5341224670410156
1450627962,cal,0,1,0.508269190788269,0.508269190788269
1530928857,cal,0,1,0.5003380179405212,0.5003380179405212
181940018,cal,0,1,0.5048485398292542,0.5048485398292542
1219418013,cal,0,0,0.4670037031173706,0.5329962968826294
1223997402,cal,0,1,0.5112415552139282,0.5112415552139282
939522923,cal,0,1,0.5166932344436646,0.5166932344436646
1275900215,cal,0,0,0.4822544455528259,0.5177455544471741
1755404065,cal,0,0,0.44689399003982544,0.5531060099601746
1158486521,cal,0,1,0.5001989603042603,0.5001989603042603
1635299142,cal,0,0,0.4915468096733093,0.5084531903266907
1723173494,cal,0,0,0.48037204146385193,0.5196279287338257
936769169,cal,0,0,0.46813973784446716,0.5318602323532104
1995555438,cal,0,0,0.47806328535079956,0.5219367146492004
152248736,cal,0,0,0.4979011118412018,0.5020989179611206
1904823681,cal,0,0,0.4756803512573242,0.5243196487426758
752465933,test,0,1,0.546812117099762,0.546812117099762
1683139460,test,0,1,0.5315653681755066,0.5315653681755066
109297675,test,1,1,0.5516971945762634,0.5516971945762634
204333778,test,1,1,0.5528461933135986,0.5528461933135986
796175815,test,0,1,0.5123075246810913,0.5123075246810913
1036813417,test,0,0,0.49433931708335876,0.5056606531143188
631144988,test,0,1,0.5064654350280762,0.5064654350280762
937370265,test,0,1,0.5180445909500122,0.5180445909500122
563364043,cal,0,0,0.48046034574508667,0.5195396542549133
1629562118,cal,0,0,0.4982950687408447,0.5017049312591553
1354468351,cal,0,0,0.4708915948867798,0.5291084051132202
1535544702,cal,0,0,0.45704302191734314,0.5429569482803345
14972387,cal,0,1,0.5214067101478577,0.5214067101478577
1238704607,cal,0,1,0.5464919805526733,0.5464919805526733
2035790613,cal,0,1,0.5318441987037659,0.5318441987037659
297299947,cal,0,1,0.5304988026618958,0.5304988026618958
1107103877,cal,0,1,0.5262659192085266,0.5262659192085266
507537956,test,0,1,0.5710877180099487,0.5710877180099487
530636080,test,0,1,0.5571204423904419,0.5571204423904419
300532988,test,1,1,0.555291473865509,0.555291473865509
1625232223,test,1,1,0.5655319094657898,0.5655319094657898
27842827,cal,1,1,0.5321182012557983,0.5321182012557983
1663951414,cal,1,1,0.5405504107475281,0.5405504107475281
166132839,cal,0,1,0.556420087814331,0.556420087814331
1217534621,cal,0,1,0.5392897129058838,0.5392897129058838
193270343,cal,0,1,0.512747049331665,0.512747049331665
1552710499,cal,0,0,0.4899527132511139,0.5100473165512085
998668292,cal,0,1,0.5181552171707153,0.5181552171707153
1884662905,cal,0,0,0.49418240785598755,0.5058175921440125
125432531,cal,1,1,0.5333689451217651,0.5333689451217651
374115059,cal,1,1,0.5503730773925781,0.5503730773925781
809056887,cal,1,1,0.5503436326980591,0.5503436326980591
365528698,cal,0,1,0.550926148891449,0.550926148891449
1549300533,cal,0,1,0.5371963977813721,0.5371963977813721
1826229508,cal,0,1,0.5278685688972473,0.5278685688972473
432505254,cal,0,1,0.5986329913139343,0.5986329913139343
774081694,cal,0,1,0.5836178064346313,0.5836178064346313
386067946,cal,1,1,0.600892186164856,0.600892186164856
883863733,cal,1,1,0.5978242754936218,0.5978242754936218
479588144,cal,0,1,0.5702264904975891,0.5702264904975891
1297211072,cal,0,1,0.5466468334197998,0.5466468334197998
1018711541,cal,0,1,0.5496803522109985,0.5496803522109985
1482407974,cal,0,1,0.5676376819610596,0.5676376819610596
421719581,cal,1,0,0.4955911636352539,0.5044088363647461
1290241129,cal,1,1,0.5005584359169006,0.5005584359169006
1504572524,cal,0,0,0.49909576773643494,0.5009042024612427
1738691805,cal,0,0,0.47569751739501953,0.5243024826049805
201157109,cal,0,0,0.4704515337944031,0.5295484662055969
1551894164,cal,0,0,0.4985491633415222,0.5014508366584778
966385108,cal,0,0,0.48355045914649963,0.5164495706558228
2008431416,cal,0,0,0.47497794032096863,0.525022029876709
120089186,test,0,1,0.5917917490005493,0.5917917490005493
1718075896,test,0,1,0.593281626701355,0.593281626701355
1886755884,test,0,1,0.5854765176773071,0.5854765176773071
1274464269,test,1,1,0.5749728679656982,0.5749728679656982
1362869339,test,1,1,0.5797834396362305,0.5797834396362305
1502156938,test,1,1,0.580258846282959,0.580258846282959
257197372,cal,0,0,0.4846089482307434,0.5153910517692566
1668345139,cal,0,1,0.5066301226615906,0.5066301226615906
576670604,cal,0,0,0.456083744764328,0.5439162254333496
2126802068,cal,0,0,0.494587242603302,0.505412757396698
442178426,cal,1,1,0.508728563785553,0.508728563785553
770296840,cal,1,1,0.5169870257377625,0.5169870257377625
351699139,cal,0,0,0.49119848012924194,0.5088015198707581
1319687546,cal,0,1,0.508715808391571,0.508715808391571
1523948495,cal,0,0,0.48809313774108887,0.5119068622589111
185843385,cal,0,1,0.5107722282409668,0.5107722282409668
1835254694,cal,0,1,0.5181311964988708,0.5181311964988708
245522489,cal,0,0,0.4954032599925995,0.5045967102050781
1960294476,cal,0,0,0.4987944960594177,0.5012055039405823
704099210,cal,1,1,0.5995448231697083,0.5995448231697083
859227027,cal,1,1,0.610426664352417,0.610426664352417
902537477,cal,1,1,0.621877908706665,0.621877908706665
104005142,cal,1,1,0.6128584742546082,0.6128584742546082
481655335,cal,1,1,0.6244611740112305,0.6244611740112305
528995640,test,1,1,0.5716654658317566,0.5716654658317566
1120066448,test,1,1,0.579850435256958,0.579850435256958
1199721145,test,1,1,0.5634347200393677,0.5634347200393677
1605009927,test,1,1,0.5637140870094299,0.5637140870094299
894803199,test,0,1,0.5591487288475037,0.5591487288475037
1352285439,test,0,1,0.5781239867210388,0.5781239867210388
2063874831,test,0,1,0.583014726638794,0.583014726638794
2091712060,test,0,1,0.5555251836776733,0.5555251836776733
565681385,test,0,0,0.45660775899887085,0.5433922410011292
1390371970,test,0,1,0.5040595531463623,0.5040595531463623
809417753,test,0,0,0.4641651511192322,0.5358348488807678
1404448369,test,0,1,0.5108625888824463,0.5108625888824463
153908506,cal,0,0,0.4772888720035553,0.5227111577987671
329885758,cal,0,0,0.497977614402771,0.502022385597229
716378644,cal,0,0,0.49507418274879456,0.5049258470535278
1112036823,cal,0,1,0.5080090165138245,0.5080090165138245
1810637457,cal,0,0,0.4788714051246643,0.5211285948753357
915895459,cal,0,0,0.47092825174331665,0.5290717482566833
1370032095,cal,0,0,0.46525585651397705,0.534744143486023
759371375,cal,0,0,0.4622833728790283,0.5377166271209717
2001926680,cal,0,0,0.4613450765609741,0.5386549234390259
191877569,test,1,1,0.6143327355384827,0.6143327355384827
1649890729,test,1,1,0.5951370596885681,0.5951370596885681
751150002,test,1,1,0.6022915244102478,0.6022915244102478
1508679282,test,1,1,0.5846076607704163,0.5846076607704163
264236358,cal,1,1,0.5438213348388672,0.5438213348388672
583009655,cal,1,1,0.5310064554214478,0.5310064554214478
1378086953,cal,1,1,0.5359578728675842,0.5359578728675842
107324965,cal,0,1,0.5301417112350464,0.5301417112350464
1597169404,cal,0,1,0.5363160967826843,0.5363160967826843
1777857870,cal,0,1,0.5444887280464172,0.5444887280464172
281183511,test,0,1,0.5512694120407104,0.5512694120407104
1966293227,test,0,1,0.5610473155975342,0.5610473155975342
1060602294,test,0,1,0.550596296787262,0.550596296787262
1468516911,test,0,1,0.5572757720947266,0.5572757720947266
1067234004,cal,0,0,0.4803806245326996,0.519619345664978
2064219524,cal,0,1,0.5004959106445312,0.5004959106445312
1241473233,cal,0,1,0.5058655738830566,0.5058655738830566
1808494536,cal,0,0,0.48077598214149475,0.5192240476608276
457814493,test,0,1,0.5041581988334656,0.5041581988334656
1790695949,test,0,1,0.5060432553291321,0.5060432553291321
689611986,test,0,1,0.504554808139801,0.504554808139801
2144029788,test,0,1,0.5096093416213989,0.5096093416213989
592659631,cal,0,1,0.5756049156188965,0.5756049156188965
1687449057,cal,0,1,0.576580286026001,0.576580286026001
1741795953,cal,0,1,0.5728686451911926,0.5728686451911926
1848898611,cal,0,1,0.5800698399543762,0.5800698399543762
94062081,cal,0,0,0.34499606490135193,0.6550039052963257
914227636,cal,0,0,0.31301891803741455,0.6869810819625854
383345639,cal,0,0,0.2963980734348297,0.7036019563674927
1298862183,cal,0,0,0.41642308235168457,0.5835769176483154
63266771,test,0,0,0.46851661801338196,0.5314834117889404
306490013,test,0,1,0.5055256485939026,0.5055256485939026
562081663,test,0,0,0.48370423913002014,0.5162957906723022
1818480601,test,0,0,0.4725892245769501,0.5274107456207275
639535102,test,0,1,0.6163599491119385,0.6163599491119385
1291981593,test,0,1,0.5833767652511597,0.5833767652511597
1711539056,test,1,1,0.6138317584991455,0.6138317584991455
2041288507,test,1,1,0.57737797498703,0.57737797498703
593622848,cal,0,1,0.6237612366676331,0.6237612366676331
783172791,cal,0,1,0.6140363812446594,0.6140363812446594
1105474461,cal,0,1,0.6280597448348999,0.6280597448348999
1761908250,cal,0,1,0.6167499423027039,0.6167499423027039
730389650,cal,0,0,0.47353434562683105,0.526465654373169
1000424108,cal,0,0,0.4979402422904968,0.5020597577095032
2037064839,cal,0,0,0.4908865988254547,0.5091134309768677
168525761,cal,0,0,0.4951074719429016,0.5048925280570984
1436809015,cal,0,0,0.49034416675567627,0.5096558332443237
437086982,cal,1,1,0.5910806059837341,0.5910806059837341
767757725,cal,1,1,0.5620331168174744,0.5620331168174744
1010086988,cal,1,1,0.5371842980384827,0.5371842980384827
384561633,cal,1,1,0.557627260684967,0.557627260684967
1948160150,cal,1,1,0.5828090310096741,0.5828090310096741
2117743989,cal,1,1,0.5630495548248291,0.5630495548248291
1244341407,cal,0,1,0.5611007809638977,0.5611007809638977
1942142551,cal,0,1,0.5543820261955261,0.5543820261955261
32250299,cal,0,1,0.5539626479148865,0.5539626479148865
428392156,cal,0,1,0.5605875253677368,0.5605875253677368
758579205,cal,1,1,0.5238777995109558,0.5238777995109558
1557228175,cal,1,1,0.5287192463874817,0.5287192463874817
959469231,cal,0,1,0.5334451198577881,0.5334451198577881
1244768921,cal,0,1,0.5288921594619751,0.5288921594619751
539456977,cal,0,0,0.48928406834602356,0.5107159614562988
824693726,cal,0,0,0.47887104749679565,0.5211289525032043
1492464718,cal,0,1,0.5022432208061218,0.5022432208061218
704351862,cal,0,0,0.4730193316936493,0.5269806385040283
958570114,cal,0,0,0.48498091101646423,0.5150190591812134
1702143193,cal,0,0,0.46663838624954224,0.5333616137504578
906781390,cal,0,1,0.5699192881584167,0.5699192881584167
1095761695,cal,0,1,0.593610405921936,0.593610405921936
1116704884,cal,0,1,0.5664243698120117,0.5664243698120117
1240829132,cal,0,1,0.5830764770507812,0.5830764770507812
1530762825,cal,0,1,0.5889202952384949,0.5889202952384949
1710281828,cal,0,1,0.5762242674827576,0.5762242674827576
24673481,test,0,1,0.5593507885932922,0.5593507885932922
1026218489,test,0,1,0.5874583125114441,0.5874583125114441
1153495624,test,0,1,0.5552260279655457,0.5552260279655457
1262146750,test,0,1,0.589097261428833,0.589097261428833
728367625,test,1,1,0.5759820342063904,0.5759820342063904
1418817237,test,1,1,0.5681210160255432,0.5681210160255432
1622049822,test,1,0,0.4891994297504425,0.5108006000518799
1977951963,test,1,1,0.5041195750236511,0.5041195750236511
830813930,test,0,0,0.475651353597641,0.5243486166000366
1835290740,test,0,0,0.4720648229122162,0.5279351472854614
944574364,cal,0,0,0.3750341534614563,0.6249658465385437
1811402908,cal,0,0,0.38447412848472595,0.6155258417129517
105998238,cal,0,0,0.41556301712989807,0.5844370126724243
1197357735,cal,0,0,0.40193039178848267,0.5980696082115173
432155985,cal,0,1,0.5858262777328491,0.5858262777328491
1978018832,cal,0,1,0.5890800952911377,0.5890800952911377
2011678683,cal,0,1,0.6119778156280518,0.6119778156280518
184314982,cal,0,1,0.6111834645271301,0.6111834645271301
331266590,cal,0,1,0.5883541107177734,0.5883541107177734
391806803,cal,0,1,0.5228308439254761,0.5228308439254761
1277592204,cal,0,0,0.4964343011379242,0.5035656690597534
1295861034,cal,0,0,0.49584391713142395,0.5041561126708984
1392629870,cal,0,0,0.49733293056488037,0.5026670694351196
1595178275,cal,1,0,0.46149542927742004,0.5385046005249023
1705776751,cal,1,1,0.5016184449195862,0.5016184449195862
1266490908,cal,0,0,0.49967852234840393,0.5003215074539185
1341819213,cal,0,0,0.46933919191360474,0.5306608080863953
370199851,cal,0,1,0.5230883955955505,0.5230883955955505
582939964,cal,0,0,0.47143039107322693,0.5285695791244507
1660087027,cal,0,1,0.5216684341430664,0.5216684341430664
791000849,cal,0,1,0.5265147089958191,0.5265147089958191
1451709953,cal,0,0,0.48649832606315613,0.5135016441345215
1825583527,cal,0,1,0.5304991006851196,0.5304991006851196
385650430,cal,0,1,0.5588513612747192,0.5588513612747192
1613853731,cal,0,1,0.5640940070152283,0.5640940070152283
1818523439,cal,0,1,0.5494061708450317,0.5494061708450317
1561661842,cal,0,1,0.5438315868377686,0.5438315868377686
1918030049,cal,0,1,0.5573810935020447,0.5573810935020447
2051607295,cal,0,1,0.5435498952865601,0.5435498952865601
344966547,cal,0,1,0.5467311143875122,0.5467311143875122
1147275749,cal,0,1,0.5607098340988159,0.5607098340988159
1469522683,cal,0,1,0.5457364320755005,0.5457364320755005
1637923446,cal,0,1,0.5538246035575867,0.5538246035575867
781522821,cal,0,1,0.5788801312446594,0.5788801312446594
1408897139,cal,0,1,0.5996389389038086,0.5996389389038086
60796646,cal,0,1,0.5928632020950317,0.5928632020950317
2105024602,cal,0,1,0.6036046147346497,0.6036046147346497
783614224,cal,0,1,0.5819830894470215,0.5819830894470215
1269251664,cal,0,1,0.5416140556335449,0.5416140556335449
1557779805,cal,0,1,0.5351580381393433,0.5351580381393433
1241138585,cal,0,1,0.5719636082649231,0.5719636082649231
2121823994,cal,0,1,0.5685639381408691,0.5685639381408691
478506891,cal,1,1,0.5449351668357849,0.5449351668357849
991310893,cal,1,1,0.5633412003517151,0.5633412003517151
2124226318,cal,1,1,0.5507208704948425,0.5507208704948425
463935658,cal,0,1,0.5501609444618225,0.5501609444618225
984168211,cal,0,1,0.5610073208808899,0.5610073208808899
2132936029,cal,0,1,0.5573891997337341,0.5573891997337341
184944330,test,1,1,0.5962387919425964,0.5962387919425964
1721323862,test,1,1,0.5975443124771118,0.5975443124771118
2144847791,test,1,1,0.5793904066085815,0.5793904066085815
321668466,test,1,1,0.5821574330329895,0.5821574330329895
496073392,test,1,1,0.59348064661026,0.59348064661026
2057913470,test,1,1,0.6078804135322571,0.6078804135322571
753659828,cal,0,0,0.4926300644874573,0.5073699355125427
850741801,cal,0,1,0.500324010848999,0.500324010848999
567932975,cal,0,0,0.48503294587135315,0.5149670839309692
1719625639,cal,0,0,0.4851127862930298,0.5148872137069702
275764255,cal,0,1,0.54676753282547,0.54676753282547
1727524959,cal,0,1,0.538903534412384,0.538903534412384
213491347,cal,0,1,0.5409387946128845,0.5409387946128845
1802733358,cal,0,1,0.5353241562843323,0.5353241562843323
359285820,test,0,1,0.5186947584152222,0.5186947584152222
1287688434,test,0,0,0.4801325500011444,0.5198674201965332
1657423416,test,0,0,0.47416818141937256,0.5258318185806274
407579397,test,0,0,0.4908066987991333,0.5091933012008667
1527871215,test,0,1,0.5075541138648987,0.5075541138648987
375042885,cal,0,1,0.5192768573760986,0.5192768573760986
1234718810,cal,0,1,0.5424997210502625,0.5424997210502625
1892884210,cal,0,1,0.5531650185585022,0.5531650185585022
760816432,cal,0,1,0.552258312702179,0.552258312702179
1464369781,cal,0,1,0.5335087180137634,0.5335087180137634
1504617412,cal,0,1,0.5648384094238281,0.5648384094238281
1790104347,cal,0,0,0.4996832311153412,0.5003167390823364
738250629,cal,0,1,0.6083908081054688,0.6083908081054688
2101177028,cal,0,1,0.6268297433853149,0.6268297433853149
1480603620,cal,0,1,0.5852305293083191,0.5852305293083191
1598540403,cal,0,1,0.6270623207092285,0.6270623207092285
1650082122,cal,0,1,0.6082100868225098,0.6082100868225098
111462924,cal,0,1,0.5107532143592834,0.5107532143592834
1879847269,cal,0,1,0.5217230916023254,0.5217230916023254
282752780,cal,0,1,0.5141414403915405,0.5141414403915405
635854550,cal,0,1,0.5103517770767212,0.5103517770767212
801763188,cal,0,1,0.5655620694160461,0.5655620694160461
825211952,cal,0,1,0.576074481010437,0.576074481010437
362633763,cal,0,1,0.5678407549858093,0.5678407549858093
1915453074,cal,0,1,0.5750687122344971,0.5750687122344971
82783769,cal,0,1,0.55365389585495,0.55365389585495
148101599,cal,0,1,0.5599639415740967,0.5599639415740967
1519248569,cal,0,1,0.5452294945716858,0.5452294945716858
2129682054,cal,0,1,0.5773412585258484,0.5773412585258484
588396870,test,0,1,0.5061250925064087,0.5061250925064087
803386443,test,0,1,0.5120694041252136,0.5120694041252136
60334238,test,0,1,0.5108715891838074,0.5108715891838074
712190641,test,0,0,0.4955281615257263,0.5044718384742737
1642857831,cal,0,1,0.5086399912834167,0.5086399912834167
1784588877,cal,0,0,0.46394068002700806,0.5360593199729919
1190526770,cal,0,0,0.4604141116142273,0.5395858883857727
1891310179,cal,0,1,0.5051267743110657,0.5051267743110657
1162378368,cal,0,0,0.47232067584991455,0.5276793241500854
1854585828,cal,0,0,0.49142885208129883,0.5085711479187012
286015158,cal,0,0,0.46085914969444275,0.5391408205032349
1423460822,cal,0,0,0.4853629767894745,0.5146369934082031
192291098,test,1,1,0.5027486681938171,0.5027486681938171
1208063064,test,1,1,0.51043701171875,0.51043701171875
1951373756,test,1,0,0.4875827729701996,0.512417197227478
53278727,test,0,1,0.5064588189125061,0.5064588189125061
1032054956,test,0,0,0.4924424886703491,0.5075575113296509
1362904839,test,0,0,0.49990227818489075,0.5000977516174316
1457674649,test,0,0,0.4921337068080902,0.5078662633895874
1457737194,test,0,1,0.5051941275596619,0.5051941275596619
1058538397,test,0,1,0.513926088809967,0.513926088809967
1066756694,test,0,0,0.4926448166370392,0.5073552131652832
1100376292,cal,1,1,0.5691195130348206,0.5691195130348206
1606333582,cal,1,1,0.5731465220451355,0.5731465220451355
2090293316,cal,1,1,0.5932806730270386,0.5932806730270386
20867100,cal,1,1,0.5755961537361145,0.5755961537361145
582924582,cal,1,1,0.5988273024559021,0.5988273024559021
1896545993,cal,1,1,0.5826377272605896,0.5826377272605896
1585619687,test,0,1,0.5306257009506226,0.5306257009506226
1838816243,test,0,1,0.5138660073280334,0.5138660073280334
486041522,test,0,1,0.5254958868026733,0.5254958868026733
1055036841,test,0,1,0.5351133942604065,0.5351133942604065
189977978,test,0,1,0.5090066194534302,0.5090066194534302
1871931353,test,0,1,0.509127140045166,0.509127140045166
49995729,test,0,1,0.5182395577430725,0.5182395577430725
309867855,test,0,1,0.5177580714225769,0.5177580714225769
2011677381,test,0,1,0.5177640318870544,0.5177640318870544
1402480122,cal,0,1,0.5046653151512146,0.5046653151512146
1818081176,cal,0,1,0.5252229571342468,0.5252229571342468
306679101,cal,0,1,0.5225348472595215,0.5225348472595215
703721478,cal,0,1,0.5020089149475098,0.5020089149475098
716603072,test,0,1,0.5570672154426575,0.5570672154426575
1350211630,test,0,1,0.5701156258583069,0.5701156258583069
1741338776,test,0,1,0.5729378461837769,0.5729378461837769
463805542,test,0,1,0.561346173286438,0.561346173286438
1182134768,test,0,1,0.5272282361984253,0.5272282361984253
541344842,cal,0,1,0.5569276213645935,0.5569276213645935
727255549,cal,0,1,0.5536006689071655,0.5536006689071655
209431591,cal,0,1,0.561130940914154,0.561130940914154
1651160393,cal,0,1,0.557939350605011,0.557939350605011
635019069,cal,0,0,0.4890272915363312,0.5109727382659912
965876911,cal,0,0,0.4614724814891815,0.5385274887084961
270455863,cal,0,0,0.4737100899219513,0.5262899398803711
638175201,cal,0,0,0.48415595293045044,0.5158440470695496
1127499185,cal,0,0,0.47916939854621887,0.5208306312561035
1368439632,cal,0,1,0.5318335890769958,0.5318335890769958
1700123317,cal,0,1,0.5515440106391907,0.5515440106391907
1819332003,cal,0,1,0.5373977422714233,0.5373977422714233
730911470,cal,0,1,0.5282610058784485,0.5282610058784485
1229116384,cal,0,1,0.552089512348175,0.552089512348175
1244434781,cal,0,1,0.5261583924293518,0.5261583924293518
844891780,cal,0,0,0.47722193598747253,0.5227780342102051
1650314768,cal,0,1,0.5061250925064087,0.5061250925064087
145198456,cal,0,1,0.5067754983901978,0.5067754983901978
1018298399,cal,0,0,0.48574087023735046,0.5142590999603271
1822399768,cal,0,0,0.4699714183807373,0.5300285816192627
1957096233,cal,1,1,0.5192239880561829,0.5192239880561829
2091034516,cal,1,1,0.5108116865158081,0.5108116865158081
382066792,cal,0,1,0.5089718699455261,0.5089718699455261
684648234,cal,0,1,0.526334285736084,0.526334285736084
1029072430,cal,0,1,0.5238878130912781,0.5238878130912781
1087769040,cal,0,1,0.533870279788971,0.533870279788971
1634877223,cal,0,0,0.4773904085159302,0.5226095914840698
1649749593,cal,0,1,0.5216590166091919,0.5216590166091919
63956271,cal,1,1,0.5239173769950867,0.5239173769950867
137928966,cal,1,0,0.49140283465385437,0.5085971355438232
766498043,cal,1,1,0.5316296219825745,0.5316296219825745
1261298563,cal,1,1,0.5407129526138306,0.5407129526138306
606322068,cal,0,1,0.5047652125358582,0.5047652125358582
1286554690,cal,0,0,0.4838436245918274,0.5161563754081726
693022671,cal,0,0,0.48727095127105713,0.5127290487289429
1241850701,cal,0,0,0.49536606669425964,0.504633903503418
43078961,cal,0,1,0.6167855858802795,0.6167855858802795
989146869,cal,0,1,0.610042154788971,0.610042154788971
1735020933,cal,1,1,0.6104696989059448,0.6104696989059448
1855017617,cal,1,1,0.624304473400116,0.624304473400116
1137261123,cal,0,0,0.49954497814178467,0.5004550218582153
1811180415,cal,0,1,0.5181916952133179,0.5181916952133179
154824677,cal,0,1,0.5176697969436646,0.5176697969436646
1829406277,cal,0,0,0.49571868777275085,0.5042812824249268
277542155,cal,0,1,0.5200075507164001,0.5200075507164001
2018386611,cal,0,0,0.4725658893585205,0.5274341106414795
542870286,cal,0,0,0.49910521507263184,0.5008947849273682
718820190,cal,0,1,0.5069177150726318,0.5069177150726318
1893255958,cal,0,0,0.4834481179714203,0.5165518522262573
364311943,cal,0,0,0.4997333586215973,0.5002666711807251
1248556371,cal,0,0,0.47890505194664,0.5210949182510376
8069099,cal,0,0,0.46325209736824036,0.536747932434082
839841300,cal,0,0,0.4822836220264435,0.5177164077758789
561566841,cal,0,0,0.4679984748363495,0.5320014953613281
1247593437,cal,0,0,0.487205445766449,0.512794554233551
923561130,cal,0,0,0.4945623278617859,0.5054376721382141
2045566414,cal,0,0,0.473673939704895,0.526326060295105
125844377,test,0,0,0.48209381103515625,0.5179061889648438
1495589915,test,0,1,0.5029062032699585,0.5029062032699585
232424853,test,0,0,0.4840450882911682,0.5159549117088318
837811028,test,0,1,0.5015131831169128,0.5015131831169128
1207133299,cal,0,1,0.5383089184761047,0.5383089184761047
2126935383,cal,0,1,0.5387860536575317,0.5387860536575317
83685811,cal,0,1,0.5341388583183289,0.5341388583183289
1673444046,cal,0,1,0.5231818556785583,0.5231818556785583
1682605506,cal,0,1,0.5616658329963684,0.5616658329963684
2131359646,cal,0,1,0.5542135238647461,0.5542135238647461
1583311012,cal,0,1,0.5516706705093384,0.5516706705093384
1655847643,cal,0,1,0.5620093941688538,0.5620093941688538
627666677,test,0,1,0.5820032954216003,0.5820032954216003
918151422,test,0,1,0.588306725025177,0.588306725025177
361636267,test,0,1,0.5722237825393677,0.5722237825393677
1161872074,test,0,1,0.5908271074295044,0.5908271074295044
104659225,cal,1,0,0.49329379200935364,0.5067062377929688
771732894,cal,1,0,0.477159708738327,0.5228402614593506
1426448849,cal,1,0,0.48002684116363525,0.5199731588363647
536773058,cal,1,1,0.5266836285591125,0.5266836285591125
1363223136,cal,1,0,0.4850713312625885,0.5149286985397339
1466134461,cal,1,0,0.4908983111381531,0.5091016888618469
1103391201,test,0,1,0.5280201435089111,0.5280201435089111
1637508924,test,0,1,0.5219406485557556,0.5219406485557556
1657674695,test,0,1,0.5131135582923889,0.5131135582923889
1952800018,test,0,1,0.518033504486084,0.518033504486084
1343150394,cal,0,0,0.47950422763824463,0.5204957723617554
1809234203,cal,0,1,0.5078802704811096,0.5078802704811096
446764666,cal,0,0,0.4822535216808319,0.5177464485168457
1538518238,cal,0,1,0.5227880477905273,0.5227880477905273
794174506,cal,0,1,0.588085949420929,0.588085949420929
2117442595,cal,0,1,0.5772449374198914,0.5772449374198914
642429521,cal,1,1,0.5788351893424988,0.5788351893424988
1174177792,cal,1,1,0.595379114151001,0.595379114151001
586074081,test,0,0,0.42433425784111023,0.5756657123565674
871289766,test,0,0,0.48093706369400024,0.5190629363059998
973682002,test,0,0,0.4380754232406616,0.5619245767593384
1184688306,test,0,0,0.4669628143310547,0.5330371856689453
1927892670,test,0,0,0.4167843163013458,0.5832157135009766
719088208,test,0,0,0.49766284227371216,0.5023371577262878
1068262657,test,0,0,0.46041446924209595,0.539585530757904
1559191845,test,0,0,0.424503892660141,0.5754960775375366
1716041932,test,0,0,0.4417615234851837,0.5582385063171387
597060905,test,0,1,0.5224741697311401,0.5224741697311401
1741561505,test,0,1,0.5283926725387573,0.5283926725387573
1747420894,test,0,1,0.5765191912651062,0.5765191912651062
2039566968,test,0,1,0.5552716851234436,0.5552716851234436
837315935,test,0,1,0.5157967209815979,0.5157967209815979
920628381,test,0,1,0.5568296909332275,0.5568296909332275
1107562537,test,0,1,0.5167743563652039,0.5167743563652039
1379005911,test,0,1,0.5240637063980103,0.5240637063980103
1855217199,test,0,1,0.5739430785179138,0.5739430785179138
789811613,test,1,1,0.6033909320831299,0.6033909320831299
1035162651,test,1,1,0.5718786120414734,0.5718786120414734
1699668268,test,0,1,0.5539217591285706,0.5539217591285706
2007749711,test,0,1,0.5919768810272217,0.5919768810272217
72104961,cal,0,1,0.5969671607017517,0.5969671607017517
1182027815,cal,0,1,0.600762665271759,0.600762665271759
1426799875,cal,0,1,0.6088129281997681,0.6088129281997681
1605568599,cal,0,1,0.6150949001312256,0.6150949001312256
1621266155,cal,1,1,0.5137702822685242,0.5137702822685242
2097719388,cal,1,1,0.5352778434753418,0.5352778434753418
545493619,cal,0,1,0.5207305550575256,0.5207305550575256
1652580190,cal,0,1,0.5009240508079529,0.5009240508079529
203926492,cal,1,1,0.5109031796455383,0.5109031796455383
1274311226,cal,1,1,0.5128102898597717,0.5128102898597717
307595802,cal,0,0,0.493264377117157,0.506735622882843
955869745,cal,0,1,0.5145334601402283,0.5145334601402283
836380174,cal,0,1,0.5074357390403748,0.5074357390403748
1739006691,cal,0,0,0.47865915298461914,0.5213408470153809
1146888035,cal,0,0,0.48195335268974304,0.5180466175079346
1875826006,cal,0,0,0.46530646085739136,0.5346935391426086
961195055,cal,0,0,0.49409985542297363,0.5059001445770264
1372744346,cal,0,1,0.5097712278366089,0.5097712278366089
686869870,cal,0,0,0.4726755917072296,0.5273244380950928
1042098098,cal,0,0,0.47422662377357483,0.5257734060287476
287330995,cal,0,1,0.6002615094184875,0.6002615094184875
1567710481,cal,0,1,0.6046042442321777,0.6046042442321777
691125728,cal,0,1,0.5954803824424744,0.5954803824424744
1168870957,cal,0,1,0.6026670336723328,0.6026670336723328
1641368441,cal,0,1,0.6064786911010742,0.6064786911010742
703495895,cal,1,1,0.5692316293716431,0.5692316293716431
1325277873,cal,1,1,0.6041607856750488,0.6041607856750488
1380915125,cal,1,1,0.5919374227523804,0.5919374227523804
2132304367,cal,1,1,0.5774074196815491,0.5774074196815491
388840344,cal,0,0,0.49314677715301514,0.5068532228469849
870064760,cal,0,0,0.48485130071640015,0.5151486992835999
699611457,cal,0,0,0.4973141849040985,0.5026857852935791
1953215680,cal,0,1,0.501213014125824,0.501213014125824
1240946987,cal,0,1,0.5991975665092468,0.5991975665092468
2043824537,cal,0,1,0.6005762815475464,0.6005762815475464
1157057053,cal,1,1,0.6048053503036499,0.6048053503036499
2068024801,cal,1,1,0.6063016057014465,0.6063016057014465
66829460,cal,0,1,0.57600998878479,0.57600998878479
1052826706,cal,0,1,0.5603511333465576,0.5603511333465576
1078598472,cal,0,1,0.5565951466560364,0.5565951466560364
1805964050,cal,0,1,0.5824849009513855,0.5824849009513855
1950179912,cal,0,1,0.5608268976211548,0.5608268976211548
742002032,cal,0,0,0.47299355268478394,0.5270064473152161
1320869643,cal,0,0,0.49059709906578064,0.509402871131897
1286760554,cal,1,0,0.48158180713653564,0.5184181928634644
1503646130,cal,1,1,0.5082020163536072,0.5082020163536072
263579361,cal,0,1,0.5529009699821472,0.5529009699821472
1264391095,cal,0,1,0.5609126687049866,0.5609126687049866
315406251,cal,0,1,0.5610386729240417,0.5610386729240417
416452447,cal,0,1,0.5569379925727844,0.5569379925727844
1149335681,cal,0,1,0.5540440678596497,0.5540440678596497
525186729,cal,0,1,0.5097056031227112,0.5097056031227112
1510586859,cal,0,1,0.5349021553993225,0.5349021553993225
210607803,cal,0,1,0.5418179631233215,0.5418179631233215
1041262947,cal,0,1,0.5596493482589722,0.5596493482589722
734970949,cal,0,1,0.5398492217063904,0.5398492217063904
1900775426,cal,0,1,0.5385496020317078,0.5385496020317078
296738292,cal,0,1,0.5370497703552246,0.5370497703552246
1307029404,cal,0,1,0.5462127327919006,0.5462127327919006
1786694620,cal,0,1,0.5019928812980652,0.5019928812980652
2115372314,cal,0,0,0.494066447019577,0.5059335231781006
14395274,cal,0,1,0.501979410648346,0.501979410648346
321260686,cal,0,1,0.5061745047569275,0.5061745047569275
182301620,test,0,1,0.5424515604972839,0.5424515604972839
373928134,test,0,1,0.5458776950836182,0.5458776950836182
592096138,test,0,1,0.5330657958984375,0.5330657958984375
1372513158,test,0,1,0.5435680747032166,0.5435680747032166
1609254089,test,0,1,0.539820671081543,0.539820671081543
209558280,cal,0,0,0.47604674100875854,0.5239532589912415
1923368403,cal,0,1,0.5388190746307373,0.5388190746307373
1011298173,cal,0,1,0.5221522450447083,0.5221522450447083
1136243489,cal,0,0,0.46883606910705566,0.5311639308929443
1271108101,cal,1,0,0.39151737093925476,0.6084825992584229
2004177998,cal,1,0,0.4252720773220062,0.5747278928756714
967149299,cal,0,0,0.4376777410507202,0.5623222589492798
1332853149,cal,0,0,0.3800511062145233,0.6199488639831543
696541362,test,0,1,0.5835109949111938,0.5835109949111938
1386597635,test,0,1,0.5548338294029236,0.5548338294029236
1473738349,test,0,1,0.5473333597183228,0.5473333597183228
165677223,test,0,1,0.5565247535705566,0.5565247535705566
1689836783,test,0,1,0.5662476420402527,0.5662476420402527
2017818549,test,0,1,0.5493528842926025,0.5493528842926025
89010109,cal,0,1,0.5867066979408264,0.5867066979408264
412344270,cal,0,1,0.593555748462677,0.593555748462677
967815706,cal,0,1,0.5946828126907349,0.5946828126907349
1190076245,cal,0,1,0.585471510887146,0.585471510887146
1474267799,test,0,0,0.4975828528404236,0.5024171471595764
1973153561,test,0,1,0.5005772709846497,0.5005772709846497
125122766,test,1,0,0.49334827065467834,0.506651759147644
1558654932,test,1,0,0.49555298686027527,0.5044469833374023
387415475,cal,0,1,0.5570914149284363,0.5570914149284363
509682272,cal,0,1,0.5406901240348816,0.5406901240348816
1931831839,cal,0,1,0.5405007600784302,0.5405007600784302
128466356,cal,0,1,0.5576247572898865,0.5576247572898865
1023894187,cal,0,1,0.5615787506103516,0.5615787506103516
1119454492,cal,0,1,0.5407471060752869,0.5407471060752869
1959018138,cal,0,0,0.47002798318862915,0.5299720168113708
1965024482,cal,0,0,0.4985402524471283,0.5014597177505493
680443991,cal,0,1,0.5210126638412476,0.5210126638412476
1760126812,cal,0,0,0.4814922511577606,0.518507719039917
1090412552,cal,0,0,0.49521660804748535,0.5047833919525146
1558099484,cal,0,0,0.4643481969833374,0.5356518030166626
182028446,cal,0,0,0.4658122658729553,0.5341877341270447
1223112587,cal,0,1,0.5012003779411316,0.5012003779411316
880310936,cal,0,1,0.502527117729187,0.502527117729187
1224690444,cal,0,0,0.47341516613960266,0.5265848636627197
1374160833,cal,0,0,0.4989127814769745,0.5010871887207031
1435997332,cal,0,0,0.47287294268608093,0.5271270275115967
2123302407,cal,0,1,0.5088995099067688,0.5088995099067688
981641049,cal,0,0,0.4535815119743347,0.5464184880256653
1542610347,cal,0,0,0.49393531680107117,0.5060646533966064
1163464990,cal,0,0,0.46993839740753174,0.5300616025924683
1238439068,cal,0,0,0.494712769985199,0.505287230014801
468843819,test,1,1,0.579286515712738,0.579286515712738
1135637437,test,1,1,0.5188872814178467,0.5188872814178467
1582751624,test,1,1,0.5462049245834351,0.5462049245834351
2038985451,test,1,1,0.5309426784515381,0.5309426784515381
826434002,test,1,1,0.5764513611793518,0.5764513611793518
913765367,test,1,1,0.5572357773780823,0.5572357773780823
1291193350,test,1,1,0.5277946591377258,0.5277946591377258
2057201810,test,1,1,0.5396453738212585,0.5396453738212585
1099037590,cal,0,1,0.5151355266571045,0.5151355266571045
1211354626,cal,0,1,0.5190017819404602,0.5190017819404602
1519313876,cal,0,1,0.5631865859031677,0.5631865859031677
1729145157,cal,0,1,0.5654515027999878,0.5654515027999878
29691441,cal,0,1,0.5770834684371948,0.5770834684371948
871909337,cal,0,1,0.5146487355232239,0.5146487355232239
1250450982,cal,0,1,0.504898726940155,0.504898726940155
1390604852,cal,0,1,0.5776548385620117,0.5776548385620117
1803040547,cal,0,1,0.5306529402732849,0.5306529402732849
289070266,cal,0,1,0.5116145610809326,0.5116145610809326
1108734738,cal,0,0,0.4745732545852661,0.5254267454147339
961718628,cal,0,0,0.49573925137519836,0.504260778427124
1571870728,cal,0,1,0.502319872379303,0.502319872379303
332865935,cal,1,1,0.5879026651382446,0.5879026651382446
2031323106,cal,1,1,0.5772623419761658,0.5772623419761658
118935992,cal,0,1,0.5678320527076721,0.5678320527076721
1721924003,cal,0,1,0.5733001232147217,0.5733001232147217
87107464,cal,0,1,0.5008049607276917,0.5008049607276917
876775768,cal,0,0,0.48886165022850037,0.5111383199691772
1540373457,cal,0,0,0.48596739768981934,0.5140326023101807
1896739248,cal,0,1,0.5594033002853394,0.5594033002853394
865009562,cal,0,0,0.47939613461494446,0.5206038951873779
916130787,cal,0,1,0.5676469802856445,0.5676469802856445
947348236,cal,0,0,0.47395482659339905,0.5260452032089233
1868454245,cal,0,1,0.5200432538986206,0.5200432538986206
1853267981,cal,0,1,0.5972424149513245,0.5972424149513245
1881270089,cal,0,1,0.6004748344421387,0.6004748344421387
1618154157,cal,0,1,0.5981760025024414,0.5981760025024414
2113144861,cal,0,1,0.5868058204650879,0.5868058204650879
709676082,cal,0,1,0.5606135725975037,0.5606135725975037
1863346637,cal,0,1,0.5827150344848633,0.5827150344848633
752629648,cal,0,1,0.5917809009552002,0.5917809009552002
1655917157,cal,0,1,0.5666072368621826,0.5666072368621826
1252489245,cal,0,1,0.5147746205329895,0.5147746205329895
1780857662,cal,0,0,0.48366910219192505,0.516330897808075
1084796349,cal,0,0,0.48792240023612976,0.5120775699615479
1160857934,cal,0,0,0.48663651943206787,0.5133634805679321
1799146246,test,1,0,0.22682015597820282,0.773179829120636
1984284178,test,1,0,0.2995418310165405,0.7004581689834595
849558309,test,1,0,0.2362440824508667,0.7637559175491333
1755377185,test,1,0,0.3099340498447418,0.6900659799575806
981003474,cal,1,1,0.5335515737533569,0.5335515737533569
1897622232,cal,1,1,0.505547821521759,0.505547821521759
406102950,cal,0,1,0.5443174242973328,0.5443174242973328
1767770428,cal,0,1,0.5073210597038269,0.5073210597038269
475498085,test,0,1,0.5081225633621216,0.5081225633621216
906970751,test,0,1,0.5322451591491699,0.5322451591491699
896966766,test,0,0,0.48149535059928894,0.5185046195983887
1513258953,test,0,1,0.5182068347930908,0.5182068347930908
1515086556,cal,0,0,0.4401373565196991,0.5598626136779785
1722552186,cal,0,0,0.4983452558517456,0.5016547441482544
836736066,cal,0,0,0.47988876700401306,0.5201112031936646
2106209601,cal,0,0,0.4543255567550659,0.5456744432449341
745930453,cal,0,1,0.5365225076675415,0.5365225076675415
909243027,cal,0,1,0.5526952743530273,0.5526952743530273
1539426541,cal,0,1,0.5429826974868774,0.5429826974868774
1743602666,cal,0,1,0.5237202644348145,0.5237202644348145
408767321,test,1,1,0.6088840961456299,0.6088840961456299
1023858346,test,1,1,0.6038240194320679,0.6038240194320679
1584557233,test,1,1,0.560253381729126,0.560253381729126
786997994,test,1,1,0.6037058234214783,0.6037058234214783
1571683536,test,1,1,0.599026620388031,0.599026620388031
1254231932,cal,0,1,0.5187836289405823,0.5187836289405823
1414666614,cal,0,1,0.504565417766571,0.504565417766571
560252538,cal,1,1,0.5059969425201416,0.5059969425201416
1483505059,cal,1,1,0.5166710019111633,0.5166710019111633
1669592090,cal,1,0,0.48941487073898315,0.5105851292610168
2088212504,cal,1,0,0.4765191078186035,0.5234808921813965
1072733820,cal,0,0,0.4750310778617859,0.5249689221382141
1331652140,cal,0,0,0.47708138823509216,0.5229185819625854
562881862,cal,1,1,0.5141628980636597,0.5141628980636597
1283015898,cal,1,0,0.489386647939682,0.5106133222579956
580692491,cal,0,0,0.4958488345146179,0.5041511654853821
1328979166,cal,0,1,0.5039168000221252,0.5039168000221252
598566786,cal,0,1,0.5926416516304016,0.5926416516304016
2065242261,cal,0,1,0.5853951573371887,0.5853951573371887
1147995898,cal,0,1,0.5761969089508057,0.5761969089508057
1840681845,cal,0,1,0.5632548928260803,0.5632548928260803
497229597,cal,1,1,0.5882484912872314,0.5882484912872314
920859194,cal,1,1,0.5805193781852722,0.5805193781852722
1916516690,cal,1,1,0.5914009213447571,0.5914009213447571
491265116,cal,0,1,0.5774250626564026,0.5774250626564026
690016136,cal,0,1,0.579442024230957,0.579442024230957
164447390,cal,0,1,0.6118372678756714,0.6118372678756714
2004870917,cal,0,1,0.6090390682220459,0.6090390682220459
973925451,cal,0,1,0.6046185493469238,0.6046185493469238
1377889593,cal,0,1,0.6021862030029297,0.6021862030029297
281143250,cal,1,0,0.48881226778030396,0.511187732219696
714251521,cal,1,1,0.5192130208015442,0.5192130208015442
1177448351,cal,1,0,0.47196289896965027,0.5280370712280273
615918137,cal,0,0,0.45470908284187317,0.5452909469604492
1803637623,cal,0,0,0.4813988506793976,0.5186011791229248
731839572,cal,1,0,0.4857368767261505,0.5142631530761719
1408047595,cal,1,0,0.4686271548271179,0.5313728451728821
1128849877,cal,0,0,0.49815261363983154,0.5018473863601685
1917184776,cal,0,0,0.4944033622741699,0.5055966377258301
147041592,cal,0,0,0.49211886525154114,0.5078811645507812
1379940689,cal,0,0,0.4809592366218567,0.5190407633781433
1184643445,cal,1,0,0.4611859917640686,0.5388140082359314
2083156336,cal,1,0,0.48138824105262756,0.5186117887496948
56487741,test,1,1,0.5810438990592957,0.5810438990592957
1117699183,test,1,1,0.5896309614181519,0.5896309614181519
1535897244,test,1,1,0.5850502252578735,0.5850502252578735
561482287,test,0,1,0.5791254043579102,0.5791254043579102
1542085304,test,0,1,0.5734405517578125,0.5734405517578125
1830582850,test,0,1,0.593279242515564,0.593279242515564
786310141,test,0,1,0.5248419642448425,0.5248419642448425
1539040036,test,0,1,0.5222388505935669,0.5222388505935669
1924307602,test,0,1,0.5188307762145996,0.5188307762145996
792869761,test,1,1,0.5332344770431519,0.5332344770431519
1081026517,test,1,1,0.5190518498420715,0.5190518498420715
