image_id,split,y_true,y_pred,p,kappa
660790023,cal,1,1,0.9039512276649475,0.9039512276649475
1114729288,cal,1,1,0.8892394304275513,0.8892394304275513
1742465484,cal,1,1,0.9290851950645447,0.9290851950645447
138126676,cal,1,1,0.9531418681144714,0.9531418681144714
511030638,cal,1,1,0.9452815651893616,0.9452815651893616
2118457620,cal,1,1,0.9138564467430115,0.9138564467430115
87510051,cal,1,1,0.8052433133125305,0.8052433133125305
612451325,cal,1,1,0.7062489986419678,0.7062489986419678
1930741343,cal,1,1,0.8765506148338318,0.8765506148338318
304734585,cal,1,1,0.8397968411445618,0.8397968411445618
959874006,cal,1,1,0.7141553163528442,0.7141553163528442
846765464,cal,0,0,0.03273739293217659,0.9672626256942749
1179164048,cal,0,0,0.0024074579123407602,0.997592568397522
148322351,cal,0,0,0.04351767525076866,0.9564823508262634
625365082,cal,0,0,0.022489994764328003,0.9775099754333496
1791966175,test,1,1,0.7795838117599487,0.7795838117599487
2082667980,test,1,1,0.8193804621696472,0.8193804621696472
1407408297,test,1,1,0.9173840284347534,0.9173840284347534
1750199545,test,1,1,0.80518639087677,0.80518639087677
1772713075,test,1,1,0.8496809601783752,0.8496809601783752
546297810,test,1,1,0.8178971409797668,0.8178971409797668
1210957311,test,1,1,0.9032477140426636,0.9032477140426636
1363901308,test,1,1,0.8841195106506348,0.8841195106506348
1531044870,test,1,1,0.7419304251670837,0.7419304251670837
423485163,cal,0,0,0.09128561615943909,0.9087144136428833
1020108109,cal,0,0,0.1180347129702568,0.8819652795791626
1427975247,cal,0,0,0.3809736371040344,0.6190263628959656
1496684058,cal,0,0,0.1373145431280136,0.8626854419708252
1799477497,cal,0,0,0.4618428647518158,0.5381571054458618
2117982587,cal,0,0,0.45334354043006897,0.5466564893722534
1007365058,cal,0,0,0.21522702276706696,0.7847729921340942
1409724875,cal,0,0,0.1336386799812317,0.8663613200187683
2146729780,cal,0,0,0.1261967420578003,0.8738032579421997
638383617,cal,0,0,0.13078467547893524,0.8692153096199036
1930036681,cal,0,0,0.20611979067325592,0.7938802242279053
646160754,test,0,0,0.035096801817417145,0.9649031758308411
1417451830,test,0,0,0.013370158150792122,0.986629843711853
1241750525,test,0,0,0.03646017238497734,0.9635398387908936
1651091526,test,0,0,0.05477120354771614,0.9452288150787354
1818960890,test,0,0,0.07560988515615463,0.9243901371955872
72877667,test,1,0,0.32196903228759766,0.6780309677124023
144499996,test,1,0,0.23455864191055298,0.765441358089447
941813033,test,1,0,0.07789778709411621,0.9221022129058838
1810981641,test,1,1,0.6012578010559082,0.6012578010559082
359519747,test,1,0,0.4729696214199066,0.527030348777771
847152258,test,1,0,0.2458798587322235,0.7541201114654541
966680811,test,1,0,0.25184735655784607,0.7481526136398315
1009133917,test,1,1,0.6027466058731079,0.6027466058731079
389308620,cal,0,0,0.00013863819185644388,0.9998613595962524
904395183,cal,0,0,0.00011533482029335573,0.9998846650123596
1155316112,cal,0,0,6.063278851797804e-05,0.9999393820762634
658863988,cal,0,0,7.442462811013684e-05,0.9999255537986755
1443104298,cal,0,0,0.0001333835389232263,0.9998666048049927
1861682438,cal,0,0,9.253061762137804e-06,0.9999907612800598
656098349,cal,0,0,0.004833451006561518,0.995166540145874
1143357682,cal,0,0,0.0028763420414179564,0.997123658657074
400076739,cal,0,0,0.0027419051621109247,0.9972580671310425
549322384,cal,0,0,0.0021485022734850645,0.9978514909744263
1933410639,cal,0,0,0.018394717946648598,0.9816052913665771
543347978,test,0,0,0.11122076213359833,0.8887792229652405
553375133,test,0,0,0.3966401219367981,0.6033598780632019
998909338,test,0,1,0.8953486084938049,0.8953486084938049
1425512792,test,0,0,0.4520970284938812,0.5479029417037964
1809890037,test,0,1,0.5278107523918152,0.5278107523918152
955062669,test,0,0,0.29348456859588623,0.7065154314041138
1057081367,test,0,0,0.17086002230644226,0.8291399478912354
1400240217,test,0,0,0.08002253621816635,0.9199774861335754
1505408999,test,0,0,0.3957577049732208,0.6042423248291016
1843156127,test,0,0,0.014811838045716286,0.9851881861686707
1293798902,cal,1,0,0.34532687067985535,0.6546730995178223
1384876691,cal,1,0,0.3502521812915802,0.6497478485107422
1508095162,cal,1,1,0.7831522822380066,0.7831522822380066
1853998836,cal,1,1,0.5165279507637024,0.5165279507637024
917488770,cal,0,0,0.29906362295150757,0.7009363770484924
1975704724,cal,0,0,0.2530434727668762,0.7469565272331238
1122937933,cal,0,0,0.14133208990097046,0.8586679100990295
1254977184,cal,0,0,0.05365126579999924,0.9463487267494202
1469558197,cal,0,0,0.10378538817167282,0.8962146043777466
348975476,cal,0,0,0.2242266833782196,0.775773286819458
1055872560,cal,0,0,0.12357930094003677,0.8764206767082214
220239524,cal,0,0,0.03780616447329521,0.9621938467025757
421634416,cal,0,0,0.0677783191204071,0.9322216510772705
706348663,cal,0,0,0.03455255553126335,0.9654474258422852
1092201266,cal,0,0,0.016819115728139877,0.9831808805465698
70273085,cal,1,1,0.6044995188713074,0.6044995188713074
628647895,cal,1,1,0.5891623497009277,0.5891623497009277
1426205490,cal,1,1,0.9707462787628174,0.9707462787628174
15052186,cal,1,1,0.8655515313148499,0.8655515313148499
1564073833,cal,1,1,0.7253097891807556,0.7253097891807556
1830882751,cal,1,1,0.5427632331848145,0.5427632331848145
327475620,test,1,1,0.9848430156707764,0.9848430156707764
466277614,test,1,1,0.9824205636978149,0.9824205636978149
948053698,test,1,1,0.9648516178131104,0.9648516178131104
2133610525,test,1,1,0.9630630016326904,0.9630630016326904
1233412044,cal,0,0,0.18710409104824066,0.8128958940505981
1951471401,cal,0,0,0.44965624809265137,0.5503437519073486
138770970,cal,0,0,0.40550997853279114,0.5944900512695312
479909242,cal,0,0,0.22015897929668427,0.7798410058021545
973215693,cal,0,0,0.15398439764976501,0.8460155725479126
271542761,cal,0,0,0.0689253881573677,0.9310746192932129
1340143050,cal,0,0,0.08961334079504013,0.9103866815567017
769804210,cal,0,0,0.05947226658463478,0.9405277371406555
1342975415,cal,0,0,0.05300647392868996,0.9469935297966003
443076428,cal,0,0,0.11308878660202026,0.8869112133979797
546798346,cal,0,0,0.32659968733787537,0.6734002828598022
946986440,cal,0,0,0.3983672261238098,0.6016327738761902
1528527503,cal,0,0,0.13542616367340088,0.8645738363265991
156759236,cal,0,0,0.10106395184993744,0.8989360332489014
195197717,cal,0,0,0.2638765275478363,0.7361234426498413
586194067,cal,0,0,0.15445375442504883,0.8455462455749512
1811733398,cal,0,0,0.08783535659313202,0.9121646285057068
817922289,cal,1,0,0.14653311669826508,0.8534668684005737
1779511585,cal,1,0,0.09498858451843262,0.9050114154815674
211908342,cal,1,0,0.4898124635219574,0.5101875066757202
1365659287,cal,1,1,0.7386319041252136,0.7386319041252136
343645613,test,0,0,0.034922417253255844,0.9650775790214539
1459885185,test,0,0,0.21891458332538605,0.7810854315757751
1808620677,test,0,0,0.283639520406723,0.7163604497909546
41973201,test,0,0,0.16989310085773468,0.8301069140434265
789692032,test,0,0,0.1353796273469925,0.8646203875541687
1719494815,cal,0,0,0.24175064265727997,0.7582493424415588
1986860049,cal,0,0,0.1337996870279312,0.86620032787323
688778787,cal,0,0,0.12854860723018646,0.8714513778686523
1755435853,cal,0,0,0.09881197661161423,0.9011880159378052
243300177,cal,1,1,0.9042137265205383,0.9042137265205383
1721794937,cal,1,1,0.8562071323394775,0.8562071323394775
180203219,cal,1,1,0.9319636821746826,0.9319636821746826
724992685,cal,1,1,0.8370835185050964,0.8370835185050964
298193239,test,1,1,0.7651184797286987,0.7651184797286987
909799065,test,1,1,0.8393181562423706,0.8393181562423706
1212520076,test,1,1,0.8246483206748962,0.8246483206748962
1305183381,test,1,1,0.9712183475494385,0.9712183475494385
1994169305,test,1,1,0.9826642870903015,0.9826642870903015
68060005,cal,0,0,0.01927901804447174,0.9807209968566895
136822960,cal,0,0,0.0012752782786265016,0.9987246990203857
149250488,cal,0,0,0.0035877025220543146,0.9964122772216797
554407647,cal,0,0,0.00846722163259983,0.9915328025817871
449699618,cal,0,0,0.09187520295381546,0.9081248044967651
1814699447,cal,0,0,0.050275638699531555,0.9497243762016296
1656476320,cal,0,0,0.14446264505386353,0.8555373549461365
1708155800,cal,0,0,0.0869060680270195,0.9130939245223999
1531233498,cal,1,1,0.627902626991272,0.627902626991272
1619031562,cal,1,1,0.8322391510009766,0.8322391510009766
515869781,cal,1,1,0.7102219462394714,0.7102219462394714
1789955261,cal,1,1,0.778252899646759,0.778252899646759
601805646,cal,1,0,0.30104196071624756,0.6989580392837524
731262862,cal,1,0,0.12393945455551147,0.8760605454444885
1094123319,cal,1,0,0.10455264896154404,0.8954473733901978
1921681144,cal,1,0,0.026016291230916977,0.9739837050437927
2142719700,cal,1,0,0.055918656289577484,0.9440813660621643
1515385690,test,1,1,0.8909513354301453,0.8909513354301453
1558598034,test,1,1,0.8915855884552002,0.8915855884552002
848816860,test,1,1,0.7300425171852112,0.7300425171852112
889389152,test,1,1,0.9206011891365051,0.9206011891365051
1235184709,cal,1,1,0.6892268061637878,0.6892268061637878
1902277943,cal,1,1,0.6075865030288696,0.6075865030288696
101328387,cal,1,1,0.5471454858779907,0.5471454858779907
806486933,cal,1,1,0.5963420867919922,0.5963420867919922
118268412,test,0,0,0.16996975243091583,0.8300302624702454
130352139,test,0,0,0.061045169830322266,0.9389548301696777
1724568261,test,0,0,0.06322001665830612,0.9367799758911133
1222892575,test,0,0,0.0878896713256836,0.9121103286743164
1783553541,test,0,0,0.02198157086968422,0.9780184030532837
976915027,cal,0,0,0.00015018675185274333,0.999849796295166
1328040174,cal,0,0,0.00019087492546532303,0.9998091459274292
1572584070,cal,0,0,0.0004949839785695076,0.9995050430297852
607601080,cal,0,0,0.00012405980669427663,0.9998759627342224
774692579,cal,0,0,0.00024014989321585745,0.9997598528862
1096369661,cal,0,0,0.00018672586884349585,0.9998132586479187
830859105,cal,0,0,0.17371150851249695,0.8262884616851807
841292425,cal,0,0,0.1616152971982956,0.8383846879005432
1803733941,cal,0,0,0.17126134037971497,0.8287386894226074
784485984,cal,0,0,0.05520038306713104,0.9447996020317078
1509675264,cal,0,0,0.06991244852542877,0.9300875663757324
1896117045,cal,0,0,0.028833799064159393,0.97116619348526
72598474,cal,1,1,0.9849331974983215,0.9849331974983215
619131769,cal,1,1,0.9975796341896057,0.9975796341896057
2101006934,cal,1,1,0.9750974178314209,0.9750974178314209
69762113,cal,1,1,0.9573277235031128,0.9573277235031128
1489845791,cal,1,1,0.9740568995475769,0.9740568995475769
1639653475,cal,1,1,0.9927033185958862,0.9927033185958862
488419651,test,0,0,0.00013827769726049155,0.9998617172241211
1112712537,test,0,0,7.147837550292024e-06,0.999992847442627
520291212,test,0,0,1.115113605010265e-06,0.9999988675117493
1845152496,test,0,0,5.874015550944023e-05,0.9999412894248962
106334473,cal,1,1,0.8707045316696167,0.8707045316696167
864767431,cal,1,1,0.8681762218475342,0.8681762218475342
1169176337,cal,1,1,0.5392623543739319,0.5392623543739319
1632624269,cal,1,0,0.29409268498420715,0.7059073448181152
862645016,cal,1,1,0.9115342497825623,0.9115342497825623
1108620805,cal,1,1,0.80959552526474,0.80959552526474
867371317,cal,1,1,0.9316388964653015,0.9316388964653015
1573804864,cal,1,1,0.7733683586120605,0.7733683586120605
1194234131,test,0,1,0.9314919710159302,0.9314919710159302
2056156795,test,0,1,0.9468293786048889,0.9468293786048889
1712361839,test,0,0,0.4455716609954834,0.5544283390045166
1903892156,test,0,0,0.23138312995433807,0.7686168551445007
1140828704,test,1,1,0.9213504195213318,0.9213504195213318
1526715267,test,1,1,0.9221611618995667,0.9221611618995667
1182019416,test,1,1,0.9463814496994019,0.9463814496994019
1814818723,test,1,1,0.9882889986038208,0.9882889986038208
1062180130,test,1,1,0.9820882678031921,0.9820882678031921
1246536972,test,1,1,0.9607338309288025,0.9607338309288025
1142653703,test,1,1,0.9809726476669312,0.9809726476669312
2127856607,test,1,1,0.9699814319610596,0.9699814319610596
336280988,cal,0,0,0.0003652609884738922,0.9996347427368164
757752429,cal,0,0,6.519489659240207e-08,0.9999999403953552
995941712,cal,0,0,1.7149156974483049e-06,0.9999982714653015
956115140,cal,0,0,2.275467340950854e-05,0.9999772310256958
1713085755,cal,0,0,3.8909001887077466e-05,0.9999610781669617
736863172,cal,0,0,0.012922665104269981,0.9870773553848267
1938370084,cal,0,0,0.004563383758068085,0.9954366087913513
2144487171,cal,0,0,0.009905768558382988,0.9900942444801331
154971332,cal,0,0,0.12226900458335876,0.8777309656143188
358299725,cal,0,0,0.029778603464365005,0.9702214002609253
1980950585,cal,0,0,0.08678321540355682,0.913216769695282
2115832382,cal,1,0,0.36761021614074707,0.6323897838592529
2141578423,cal,1,0,0.17036166787147522,0.8296383619308472
825253618,cal,1,0,0.1333158016204834,0.8666841983795166
843286527,cal,1,0,0.34206292033195496,0.6579370498657227
1549357262,cal,1,0,0.20769892632961273,0.7923010587692261
540552070,test,0,0,0.025021851062774658,0.9749781489372253
772004563,test,0,0,0.03274122253060341,0.9672587513923645
342908717,test,0,0,0.09317463636398315,0.9068253636360168
992064135,test,0,0,0.06877117604017258,0.9312288165092468
1316738107,cal,0,0,0.018200356513261795,0.9817996621131897
2052698478,cal,0,0,0.033962853252887726,0.9660371541976929
1010973742,cal,0,0,0.08275231719017029,0.9172476530075073
1575013998,cal,0,0,0.06840426474809647,0.9315957427024841
193173192,cal,0,0,0.08287248760461807,0.9171274900436401
794762603,cal,0,0,0.07794189453125,0.92205810546875
962870033,cal,0,0,0.19415263831615448,0.8058473467826843
226275017,cal,0,0,0.16277161240577698,0.8372284173965454
315910919,cal,0,0,0.12641558051109314,0.8735843896865845
1466673274,cal,0,0,0.04809190332889557,0.9519081115722656
104655445,cal,0,0,0.00246349791996181,0.9975364804267883
1189243598,cal,0,0,2.8819573344662786e-05,0.9999711513519287
746183448,cal,0,0,0.00083448103396222,0.9991655349731445
886468142,cal,0,0,7.073674350976944e-05,0.9999292492866516
1033350562,test,0,1,0.5647884607315063,0.5647884607315063
1286202869,test,0,1,0.65617436170578,0.65617436170578
1791307735,test,0,1,0.798616886138916,0.798616886138916
1824458622,test,0,1,0.7099775075912476,0.7099775075912476
474072883,test,0,1,0.8394615054130554,0.8394615054130554
559678941,test,0,0,0.29541558027267456,0.7045844197273254
1325979682,test,0,1,0.6502909064292908,0.6502909064292908
1370347409,test,0,1,0.7745895385742188,0.7745895385742188
910371617,test,0,0,0.19449342787265778,0.8055065870285034
1187249937,test,0,0,0.27753007411956787,0.7224699258804321
1237091093,test,0,0,0.3144267201423645,0.6855732798576355
617624047,test,0,0,0.17419984936714172,0.8258001804351807
1291862847,test,0,1,0.5684871673583984,0.5684871673583984
1401931091,test,0,0,0.2729269862174988,0.7270730137825012
595610279,cal,0,0,0.02688036672770977,0.9731196165084839
1404947354,cal,0,0,0.025681721046566963,0.974318265914917
1678031864,cal,0,0,0.013651343993842602,0.9863486289978027
1807311485,cal,0,0,0.005019395612180233,0.9949806332588196
1246738120,cal,0,0,0.16634054481983185,0.8336594700813293
1913746862,cal,0,0,0.14742235839366913,0.8525776267051697
1199282458,cal,0,0,0.17163997888565063,0.8283600211143494
1239473989,cal,0,0,0.484054833650589,0.5159451961517334
338259503,cal,0,0,0.0001721612788969651,0.9998278617858887
643847865,cal,0,0,0.0009662726079113781,0.9990337491035461
874102519,cal,0,0,0.00026975548826158047,0.9997302293777466
190417216,cal,0,0,2.4956714696600102e-05,0.9999750256538391
250439251,cal,0,0,3.560652839951217e-05,0.9999644160270691
997158008,cal,0,0,0.2737042307853699,0.7262957692146301
1241002681,cal,0,0,0.31145986914634705,0.6885401010513306
880825414,cal,0,0,0.33235040307044983,0.6676496267318726
1181984139,cal,0,0,0.1776062399148941,0.8223937749862671
1787311744,cal,0,0,0.3089972138404846,0.6910027861595154
870178999,cal,0,0,0.10687276721000671,0.8931272029876709
1326046361,cal,0,0,0.07375920563936234,0.9262408018112183
1466594707,cal,0,0,0.10200930386781693,0.8979907035827637
1720189689,cal,0,0,0.15980413556098938,0.840195894241333
214152150,cal,1,1,0.9057954549789429,0.9057954549789429
271149031,cal,1,1,0.8924286365509033,0.8924286365509033
1462675198,cal,1,1,0.9546874165534973,0.9546874165534973
80956868,cal,1,1,0.852531909942627,0.852531909942627
1419727380,cal,1,1,0.9527559280395508,0.9527559280395508
1653378538,cal,1,1,0.9703778624534607,0.9703778624534607
704863191,test,0,0,5.362328465707833e-06,0.9999946355819702
1486009170,test,0,0,8.409309884882532e-06,0.9999915957450867
1509848268,test,0,0,5.026160943089053e-05,0.9999497532844543
1562088756,test,0,0,9.53322887653485e-05,0.9999046921730042
362455273,test,0,0,0.00131867709569633,0.9986813068389893
1125714059,test,0,0,0.003048991085961461,0.9969509840011597
1734961199,test,0,0,0.00022905963123776019,0.9997709393501282
1915048032,test,0,0,0.0030068669002503157,0.9969931244850159
103475001,cal,0,0,2.5370505682076328e-05,0.9999746084213257
1679574298,cal,0,0,0.0003208901034668088,0.9996790885925293
1860487522,cal,0,0,0.0001499679929111153,0.9998500347137451
666453100,cal,0,0,0.00040169371641241014,0.9995983242988586
1362566981,cal,0,0,4.7587938752258196e-05,0.9999524354934692
378631618,cal,0,0,0.1727447509765625,0.8272552490234375
1224867167,cal,0,0,0.10269831866025925,0.8973016738891602
1258576007,cal,0,0,0.0698072761297226,0.9301927089691162
1527823220,cal,0,0,0.23280534148216248,0.7671946287155151
994956286,cal,1,1,0.7732264995574951,0.7732264995574951
2125803437,cal,1,1,0.8810046911239624,0.8810046911239624
803718055,cal,1,0,0.2950100898742676,0.7049899101257324
887219547,cal,1,1,0.7234959006309509,0.7234959006309509
205627635,cal,1,1,0.8704943060874939,0.8704943060874939
963850010,cal,1,1,0.9378526210784912,0.9378526210784912
1044602053,cal,1,1,0.9225397706031799,0.9225397706031799
2001671229,cal,1,1,0.9284224510192871,0.9284224510192871
628970650,cal,1,1,0.9015611410140991,0.9015611410140991
1203942199,cal,1,1,0.9277945756912231,0.9277945756912231
1993017748,cal,1,1,0.8481466770172119,0.8481466770172119
492541558,cal,0,0,0.012299112044274807,0.987700879573822
1722469056,cal,0,0,0.0036565617192536592,0.9963434338569641
952275239,cal,0,0,0.0008730933186598122,0.9991269111633301
967529354,cal,0,0,0.0011684915516525507,0.9988315105438232
933943818,cal,0,0,0.06404873728752136,0.9359512329101562
1493517012,cal,0,0,0.0074865990318357944,0.9925134181976318
1746607478,cal,0,0,0.023874476552009583,0.9761255383491516
28291040,cal,0,0,0.007701103575527668,0.9922989010810852
377006805,cal,0,0,0.0022734266240149736,0.997726559638977
2067927752,cal,0,0,0.011306524276733398,0.9886934757232666
179583196,test,1,1,0.5463066697120667,0.5463066697120667
524259466,test,1,1,0.8064772486686707,0.8064772486686707
1195802538,test,1,1,0.7667878270149231,0.7667878270149231
722524110,test,1,1,0.9549110531806946,0.9549110531806946
1160602979,test,1,1,0.9507516026496887,0.9507516026496887
1377686446,test,1,1,0.9511367678642273,0.9511367678642273
1783809310,test,1,1,0.7731602191925049,0.7731602191925049
2077047690,test,1,1,0.8275256156921387,0.8275256156921387
681263006,cal,1,1,0.9000450372695923,0.9000450372695923
1466586081,cal,1,1,0.9629620313644409,0.9629620313644409
2077096030,cal,1,1,0.9541450142860413,0.9541450142860413
522056250,cal,1,1,0.9161173701286316,0.9161173701286316
722617383,cal,1,1,0.8043505549430847,0.8043505549430847
1210501807,cal,1,1,0.9226141571998596,0.9226141571998596
381441252,cal,0,1,0.614486813545227,0.614486813545227
2020448477,cal,0,1,0.5408628582954407,0.5408628582954407
2137383100,cal,0,1,0.5197176933288574,0.5197176933288574
578044758,cal,0,1,0.7835096120834351,0.7835096120834351
1852096732,cal,0,1,0.5509666204452515,0.5509666204452515
2063352927,cal,0,1,0.5376275181770325,0.5376275181770325
123379628,cal,1,1,0.8857532143592834,0.8857532143592834
852500980,cal,1,1,0.9457458853721619,0.9457458853721619
1732476003,cal,1,1,0.9619760513305664,0.9619760513305664
110956095,cal,1,1,0.9459542632102966,0.9459542632102966
480897123,cal,1,1,0.9531384706497192,0.9531384706497192
1633335405,cal,1,1,0.952518880367279,0.952518880367279
923710334,test,1,1,0.904190182685852,0.904190182685852
1317720893,test,1,1,0.7578542828559875,0.7578542828559875
2139386820,test,1,1,0.6126108169555664,0.6126108169555664
1048808899,test,1,1,0.8650882244110107,0.8650882244110107
1484472267,test,1,1,0.768404483795166,0.768404483795166
1941673282,test,1,1,0.9065936803817749,0.9065936803817749
30083867,cal,0,1,0.5859226584434509,0.5859226584434509
37078152,cal,0,1,0.538689136505127,0.538689136505127
415344632,cal,0,0,0.30241239070892334,0.6975876092910767
1117598300,cal,0,0,0.13036304712295532,0.8696369528770447
1400272687,cal,0,0,0.12537957727909088,0.8746204376220703
164539395,cal,0,1,0.5350612998008728,0.5350612998008728
239892347,cal,0,0,0.12442447990179062,0.8755755424499512
936704061,cal,0,0,0.3806302547454834,0.6193697452545166
1426461905,cal,0,1,0.5558885931968689,0.5558885931968689
1797802796,cal,0,1,0.5529009103775024,0.5529009103775024
768637023,cal,1,1,0.8775373697280884,0.8775373697280884
2052522478,cal,1,1,0.9083694219589233,0.9083694219589233
1286577906,cal,1,1,0.8921071887016296,0.8921071887016296
1578809395,cal,1,1,0.8255048990249634,0.8255048990249634
315341090,cal,1,0,0.41144001483917236,0.5885599851608276
601498834,cal,1,1,0.5357147455215454,0.5357147455215454
264631518,cal,1,1,0.8863741755485535,0.8863741755485535
2023443332,cal,1,1,0.8824630379676819,0.8824630379676819
961670960,cal,0,0,0.4520584046840668,0.5479415655136108
1107269971,cal,0,0,0.1391526460647583,0.8608473539352417
1266318565,cal,0,0,0.15565362572669983,0.8443464040756226
1310877876,cal,0,0,0.4860605001449585,0.5139394998550415
1372388752,cal,0,0,0.4688960611820221,0.5311039686203003
203587100,cal,0,0,0.1783711314201355,0.8216288685798645
313119290,cal,0,0,0.23211701214313507,0.7678830027580261
325575241,cal,0,0,0.4571389853954315,0.5428609848022461
1371526669,cal,0,0,0.4656870365142822,0.5343129634857178
216853547,cal,0,0,0.0013531299773603678,0.9986468553543091
547454265,cal,0,0,0.00032853783341124654,0.999671459197998
749369835,cal,0,0,9.63089769356884e-06,0.9999903440475464
1864062112,cal,0,0,0.0017271790420636535,0.9982728362083435
2110844536,cal,0,0,0.0022003944031894207,0.9977996349334717
1599369679,cal,1,1,0.7487165927886963,0.7487165927886963
1663923560,cal,1,0,0.44680243730545044,0.5531975626945496
775433534,cal,1,1,0.6906741261482239,0.6906741261482239
860225967,cal,1,1,0.6672910451889038,0.6672910451889038
426034550,test,0,0,0.037265047430992126,0.9627349376678467
484985442,test,0,0,0.017369648441672325,0.9826303720474243
49117820,test,0,0,0.026818208396434784,0.9731817841529846
1661976328,test,0,0,0.15279296040534973,0.8472070693969727
1976237692,test,0,0,0.05058712512254715,0.9494128823280334
206066171,test,1,1,0.510667085647583,0.510667085647583
1417130972,test,1,0,0.42951324582099915,0.5704867839813232
1666937702,test,1,0,0.17344717681407928,0.8265528082847595
2033839669,test,1,0,0.14061850309371948,0.8593814969062805
630716277,cal,1,1,0.8626105189323425,0.8626105189323425
1054975674,cal,1,1,0.7579261064529419,0.7579261064529419
1738299024,cal,1,1,0.6426950097084045,0.6426950097084045
1960928413,cal,1,1,0.7822909951210022,0.7822909951210022
326545084,cal,1,1,0.8200040459632874,0.8200040459632874
1397044306,cal,1,1,0.8425429463386536,0.8425429463386536
1665900560,cal,1,1,0.7629736661911011,0.7629736661911011
1735151780,cal,1,1,0.6686298251152039,0.6686298251152039
1543357971,test,1,1,0.5801382064819336,0.5801382064819336
2032239217,test,1,1,0.6070017218589783,0.6070017218589783
664281938,test,1,1,0.7673789262771606,0.7673789262771606
1249916879,test,1,1,0.7618107795715332,0.7618107795715332
1430524856,test,1,1,0.8300485610961914,0.8300485610961914
272892999,cal,0,0,0.025862382724881172,0.9741376042366028
1243549312,cal,0,0,0.03129329904913902,0.9687067270278931
136943557,cal,0,0,0.22788719832897186,0.7721127867698669
1486547358,cal,0,0,0.19896464049816132,0.8010353446006775
80439387,cal,1,0,0.21358966827392578,0.7864103317260742
118033445,cal,1,0,0.07009232044219971,0.9299076795578003
574680389,cal,1,0,0.28869152069091797,0.711308479309082
769246865,cal,1,0,0.1565697342157364,0.8434302806854248
1574523465,cal,1,1,0.5226035118103027,0.5226035118103027
1443628707,cal,1,0,0.404852956533432,0.5951470136642456
1951497635,cal,1,0,0.32267481088638306,0.6773251891136169
1993344288,cal,1,1,0.5180374383926392,0.5180374383926392
339465728,cal,0,0,0.10298804938793182,0.897011935710907
1521874581,cal,0,0,0.07010389864444733,0.9298961162567139
867829468,cal,0,0,0.06229385361075401,0.9377061724662781
1188922527,cal,0,0,0.031053118407726288,0.9689468741416931
204137417,cal,0,0,0.00029256235575303435,0.9997074604034424
774802763,cal,0,0,0.00010643856512615457,0.9998935461044312
824921304,cal,0,0,0.000279007334029302,0.9997209906578064
1058787417,cal,0,0,0.0007877254392951727,0.9992122650146484
1414815131,cal,0,0,2.2085327145759948e-05,0.9999778866767883
551835451,cal,0,0,0.0002454821951687336,0.9997544884681702
1357145662,cal,0,0,0.00018587565864436328,0.9998141527175903
1443034984,cal,0,0,0.00041858715121634305,0.9995813965797424
1734377716,cal,0,0,2.8604947146959603e-05,0.9999713897705078
248230930,cal,1,0,0.26031258702278137,0.739687442779541
1492259831,cal,1,0,0.46673688292503357,0.533263087272644
110990278,cal,1,0,0.1890466809272766,0.8109533190727234
286249073,cal,1,0,0.19742511212825775,0.802574872970581
7507588,cal,0,0,3.240087607991882e-05,0.9999675750732422
873121503,cal,0,0,4.2645042412914336e-05,0.9999573826789856
1523920260,cal,0,0,0.00013357264106161892,0.9998664259910583
889709594,cal,0,0,3.0733888706890866e-05,0.9999692440032959
1274451565,cal,0,0,2.6763796995510347e-05,0.9999732375144958
2097880600,cal,0,0,2.784312528092414e-05,0.9999721646308899
10953494,cal,0,0,9.215540922014043e-05,0.9999078512191772
369680565,cal,0,0,3.458693026914261e-05,0.9999654293060303
484003007,cal,0,0,2.5347887913085287e-06,0.9999974370002747
1410279512,cal,0,0,7.838946476113051e-05,0.9999216198921204
1597800568,cal,0,0,0.000516231288202107,0.9994837641716003
622065454,cal,0,0,0.00014266418293118477,0.9998573064804077
1094276002,cal,0,0,5.37616233486915e-06,0.9999946355819702
1243789556,cal,0,0,1.5950277884257957e-05,0.9999840259552002
1987463518,cal,0,0,0.0008017233340069652,0.9991982579231262
2023818113,cal,0,0,1.7313948774244636e-05,0.9999827146530151
2084172644,cal,0,0,2.137593401130289e-05,0.9999786019325256
1072440727,test,1,1,0.9181060194969177,0.9181060194969177
1096061219,test,1,1,0.5993203520774841,0.5993203520774841
1289703450,test,1,1,0.9265445470809937,0.9265445470809937
2085109401,test,1,1,0.961596667766571,0.961596667766571
627630154,cal,0,0,0.0029038703069090843,0.9970961213111877
1081609620,cal,0,0,0.0017513997154310346,0.9982485771179199
550086089,cal,0,0,0.004153938964009285,0.9958460330963135
1190011431,cal,0,0,0.002066585700958967,0.9979333877563477
1400981554,cal,0,0,0.009791373275220394,0.990208625793457
561642105,cal,1,1,0.536423921585083,0.536423921585083
1441201554,cal,1,1,0.5145553946495056,0.5145553946495056
91451887,cal,1,0,0.38281574845314026,0.6171842813491821
648111096,cal,1,1,0.6452271342277527,0.6452271342277527
1268421604,cal,1,0,0.2863844633102417,0.7136155366897583
689002947,cal,1,0,0.17939531803131104,0.820604681968689
1910415017,cal,1,0,0.2961459755897522,0.7038540244102478
2006811500,cal,1,0,0.24708513915538788,0.7529148459434509
7128461,cal,1,1,0.5907793045043945,0.5907793045043945
620099873,cal,1,1,0.6376399993896484,0.6376399993896484
1471715401,cal,1,0,0.34893304109573364,0.6510669589042664
1079075675,cal,1,1,0.8622090816497803,0.8622090816497803
1210853706,cal,1,1,0.817388117313385,0.817388117313385
824970090,cal,1,1,0.9197292923927307,0.9197292923927307
1959221773,cal,1,1,0.9301332831382751,0.9301332831382751
898706277,cal,1,1,0.9013056755065918,0.9013056755065918
1219347914,cal,1,1,0.9511219263076782,0.9511219263076782
1251291484,cal,1,1,0.9812719225883484,0.9812719225883484
2129134142,cal,1,1,0.9013538360595703,0.9013538360595703
623402213,cal,1,1,0.8235247731208801,0.8235247731208801
701610347,cal,1,1,0.9586688876152039,0.9586688876152039
867232469,cal,1,1,0.9756062626838684,0.9756062626838684
1734611757,cal,1,1,0.9560647010803223,0.9560647010803223
241923898,cal,1,1,0.7507585287094116,0.7507585287094116
1502769097,cal,1,1,0.5270016193389893,0.5270016193389893
727084874,cal,1,1,0.8879455327987671,0.8879455327987671
1455119374,cal,1,1,0.9049415588378906,0.9049415588378906
217862680,cal,1,1,0.9194828271865845,0.9194828271865845
1273448871,cal,1,1,0.9762054085731506,0.9762054085731506
45152422,cal,1,1,0.9752614498138428,0.9752614498138428
280093131,cal,1,1,0.8779852390289307,0.8779852390289307
1614127836,cal,1,1,0.900937557220459,0.900937557220459
302410713,cal,1,1,0.7902665734291077,0.7902665734291077
1097144372,cal,1,1,0.8670204281806946,0.8670204281806946
1956792834,cal,1,1,0.7077757120132446,0.7077757120132446
535510754,cal,1,1,0.6103571057319641,0.6103571057319641
1688484514,cal,1,1,0.6522955894470215,0.6522955894470215
1795894161,cal,1,1,0.8306937217712402,0.8306937217712402
492253488,test,1,1,0.5037303566932678,0.5037303566932678
809414158,test,1,1,0.8656256198883057,0.8656256198883057
300312794,test,1,1,0.7790684103965759,0.7790684103965759
317368420,test,1,1,0.6109446287155151,0.6109446287155151
457995605,cal,0,0,3.179879058734514e-05,0.9999682307243347
1001699464,cal,0,0,6.75061164656654e-05,0.9999324679374695
671951419,cal,0,0,0.000157976959599182,0.9998420476913452
801524001,cal,0,0,0.00026007689302787185,0.999739944934845
707817461,cal,1,1,0.9770523309707642,0.9770523309707642
1875559039,cal,1,1,0.9657018780708313,0.9657018780708313
557462406,cal,1,1,0.972014307975769,0.972014307975769
767014351,cal,1,1,0.9805858731269836,0.9805858731269836
1531462531,cal,1,1,0.9894251823425293,0.9894251823425293
97569529,cal,1,1,0.9673293828964233,0.9673293828964233
797829458,cal,1,1,0.7789883017539978,0.7789883017539978
95636018,cal,1,1,0.8484604358673096,0.8484604358673096
1431788631,cal,1,1,0.852016806602478,0.852016806602478
2075516041,cal,1,1,0.880992591381073,0.880992591381073
1083986090,test,0,0,0.4879211187362671,0.5120788812637329
1591969886,test,0,0,0.09730245918035507,0.9026975631713867
741083021,test,0,0,0.10865987092256546,0.8913401365280151
2144966784,test,0,0,0.36795759201049805,0.632042407989502
616007076,cal,0,1,0.9003562927246094,0.9003562927246094
1983324546,cal,0,1,0.7866625189781189,0.7866625189781189
2028731091,cal,0,1,0.9271366596221924,0.9271366596221924
640646030,cal,0,1,0.9272171854972839,0.9272171854972839
883313268,cal,0,1,0.9191448092460632,0.9191448092460632
1235332714,cal,1,0,0.030450645834207535,0.9695493578910828
1902382270,cal,1,0,0.019520379602909088,0.9804795980453491
535342389,cal,1,0,0.07089195400476456,0.9291080236434937
914149952,cal,1,0,0.03812547028064728,0.9618745446205139
430821356,test,1,1,0.7645742297172546,0.7645742297172546
535447654,test,1,0,0.1146320104598999,0.8853679895401001
661138076,test,1,0,0.3295189142227173,0.6704810857772827
1437494548,test,1,1,0.6753981113433838,0.6753981113433838
1591825462,test,1,1,0.7039264440536499,0.7039264440536499
1672730588,test,1,0,0.1482119858264923,0.8517880439758301
636675542,test,1,1,0.7415928244590759,0.7415928244590759
755630015,test,1,0,0.40010496973991394,0.5998950004577637
1040562141,test,1,0,0.472930371761322,0.527069628238678
1209901076,test,1,1,0.7367727756500244,0.7367727756500244
1398788168,test,1,0,0.38224807381629944,0.617751955986023
688382750,cal,1,1,0.9620817303657532,0.9620817303657532
2059423319,cal,1,1,0.9526885151863098,0.9526885151863098
2082205119,cal,1,1,0.9562401175498962,0.9562401175498962
555605729,cal,1,1,0.9415919780731201,0.9415919780731201
831632670,cal,1,1,0.9491706490516663,0.9491706490516663
1599619293,cal,1,1,0.896439254283905,0.896439254283905
328824226,test,1,1,0.9931092262268066,0.9931092262268066
1357251091,test,1,1,0.9890496730804443,0.9890496730804443
2097414343,test,1,1,0.8016811013221741,0.8016811013221741
287047055,test,1,1,0.9909311532974243,0.9909311532974243
347470721,test,1,1,0.9445540308952332,0.9445540308952332
529418807,test,1,1,0.922424852848053,0.922424852848053
344416210,test,0,0,0.18795999884605408,0.8120399713516235
1288317807,test,0,0,0.16298773884773254,0.8370122909545898
454351283,test,0,0,0.30906912684440613,0.6909308433532715
1514971107,test,0,0,0.2862040400505066,0.7137959599494934
1519134045,test,0,1,0.5497397184371948,0.5497397184371948
1228179457,cal,1,1,0.7548381090164185,0.7548381090164185
1905890918,cal,1,0,0.3577640652656555,0.6422359347343445
1325050677,cal,1,1,0.9262264370918274,0.9262264370918274
1705701961,cal,1,1,0.8317252397537231,0.8317252397537231
10291229,cal,0,0,0.048256609588861465,0.9517433643341064
159695636,cal,0,0,0.012115992605686188,0.987883985042572
528128777,cal,0,0,0.00640689255669713,0.9935930967330933
1279779406,cal,0,0,0.031312912702560425,0.9686870574951172
964900795,cal,0,0,0.02717125229537487,0.97282874584198
1283964415,cal,0,0,0.02883973903954029,0.9711602330207825
1364513753,cal,0,0,0.2473241537809372,0.7526758313179016
1834961516,cal,0,0,0.1778278797864914,0.8221721053123474
75408744,cal,0,0,0.009613499976694584,0.9903864860534668
446858992,cal,0,0,0.00559123745188117,0.9944087862968445
413493245,cal,0,0,0.005800556857138872,0.9941994547843933
653372914,cal,0,0,0.00346118351444602,0.9965388178825378
1747099388,cal,0,0,0.05352231487631798,0.9464777112007141
1809633019,cal,0,0,0.3255113959312439,0.6744886040687561
303425797,cal,0,0,0.08245012164115906,0.9175498485565186
2122440964,cal,0,0,0.16409996151924133,0.835900068283081
1283960739,test,0,0,5.295512892189436e-06,0.999994695186615
2104119585,test,0,0,0.0005767172551713884,0.9994232654571533
2141891903,test,0,0,0.0012282291427254677,0.9987717866897583
15601792,test,0,0,8.450634595646989e-06,0.9999915361404419
166075845,test,0,0,2.9008824640186504e-06,0.999997079372406
1752210506,test,0,0,2.998763375217095e-05,0.999970018863678
694634843,test,1,1,0.7075306177139282,0.7075306177139282
1687362173,test,1,1,0.5006611943244934,0.5006611943244934
235258199,test,1,1,0.5858772397041321,0.5858772397041321
777292807,test,1,1,0.9344712495803833,0.9344712495803833
1934811550,test,1,1,0.8646636009216309,0.8646636009216309
850278267,cal,0,0,0.00031480062170885503,0.9996852278709412
1029651794,cal,0,0,0.00017824834503699094,0.9998217225074768
44242194,cal,0,0,2.4903300072764978e-05,0.9999750852584839
268102386,cal,0,0,4.295747203286737e-05,0.9999570250511169
1037180887,cal,0,0,0.2390490472316742,0.7609509229660034
1395871915,cal,0,0,0.48664402961730957,0.5133559703826904
2004378780,cal,0,0,0.49853453040122986,0.5014654397964478
1445641441,cal,0,0,0.361945778131485,0.6380542516708374
1513159643,cal,0,0,0.37087371945381165,0.6291263103485107
1073809101,test,1,1,0.9080263376235962,0.9080263376235962
1447284141,test,1,1,0.8824490308761597,0.8824490308761597
10821501,test,1,1,0.9236101508140564,0.9236101508140564
824098560,test,1,1,0.9088846445083618,0.9088846445083618
737473351,test,1,1,0.5290548801422119,0.5290548801422119
1130378570,test,1,0,0.49641910195350647,0.5035809278488159
1239892858,test,1,1,0.5271202921867371,0.5271202921867371
1459962285,test,1,1,0.5022596120834351,0.5022596120834351
201804680,test,1,1,0.6155022978782654,0.6155022978782654
374294131,test,1,0,0.4881192743778229,0.5118807554244995
560438695,test,1,0,0.46918225288391113,0.5308177471160889
778649155,test,1,1,0.5523377060890198,0.5523377060890198
1813704205,test,1,1,0.5847144722938538,0.5847144722938538
424804074,test,1,1,0.9426833987236023,0.9426833987236023
810720141,test,1,1,0.9626471996307373,0.9626471996307373
402240844,test,1,1,0.9781526923179626,0.9781526923179626
479150609,test,1,1,0.9889703989028931,0.9889703989028931
745335170,cal,0,0,0.023198870941996574,0.9768011569976807
831923385,cal,0,0,0.006727838423103094,0.9932721853256226
9727251,cal,0,0,0.0124268913641572,0.9875730872154236
109365742,cal,0,0,0.05030510947108269,0.9496948719024658
2027901668,cal,0,0,0.01938527449965477,0.9806147217750549
2036082255,cal,1,1,0.7179595828056335,0.7179595828056335
2103926765,cal,1,1,0.7147219181060791,0.7147219181060791
28725790,cal,1,1,0.6162645816802979,0.6162645816802979
96724617,cal,1,1,0.8334406018257141,0.8334406018257141
1669928794,cal,1,0,0.30924251675605774,0.6907575130462646
1730491594,cal,1,0,0.1349056512117386,0.8650943636894226
1751699829,cal,1,1,0.8517847657203674,0.8517847657203674
1998651946,cal,1,1,0.5169934034347534,0.5169934034347534
1372582414,test,0,0,0.1927049607038498,0.807295024394989
1401678684,test,0,0,0.44512492418289185,0.5548750758171082
1913181518,test,0,0,0.25151780247688293,0.7484822273254395
2106902101,test,0,0,0.1904067099094391,0.8095933198928833
664784028,test,0,0,0.20367145538330078,0.7963285446166992
1960474755,test,0,0,0.3348427414894104,0.6651572585105896
259207785,cal,0,1,0.5522346496582031,0.5522346496582031
813944059,cal,0,0,0.4775722920894623,0.5224276781082153
840102831,cal,0,0,0.4604957103729248,0.5395042896270752
1198948736,cal,0,1,0.6355916261672974,0.6355916261672974
927775324,cal,0,0,0.46479102969169617,0.5352089405059814
1303889904,cal,0,1,0.8221965432167053,0.8221965432167053
1905432390,cal,0,1,0.5004578232765198,0.5004578232765198
1943507092,cal,0,1,0.5106285214424133,0.5106285214424133
2091972299,cal,0,1,0.7183021903038025,0.7183021903038025
665484685,cal,0,0,0.07455015182495117,0.9254498481750488
1264142079,cal,0,0,0.027034252882003784,0.9729657173156738
595572447,cal,0,0,0.1491435468196869,0.8508564233779907
1295377474,cal,0,0,0.09682108461856842,0.9031789302825928
252921728,cal,0,0,0.17676013708114624,0.8232398629188538
1141715608,cal,0,0,0.05105909705162048,0.9489408731460571
14899266,cal,0,0,0.06164117157459259,0.9383588433265686
202436708,cal,0,0,0.06977588683366776,0.9302241206169128
757145644,cal,0,0,0.00025834821281023324,0.9997416734695435
1088054136,cal,0,0,0.00020205287728458643,0.9997979402542114
1670323224,cal,0,0,8.229768718592823e-05,0.9999176859855652
1076635885,cal,0,0,0.0002266799856442958,0.9997733235359192
1714231069,cal,0,0,0.0006631890428252518,0.999336838722229
876048138,cal,0,0,0.1577349454164505,0.8422650694847107
1648647452,cal,0,0,0.44981658458709717,0.5501834154129028
670746083,cal,0,0,0.22822809219360352,0.7717719078063965
2002934355,cal,0,0,0.28373250365257263,0.716267466545105
1877182840,cal,0,0,0.3011195659637451,0.6988804340362549
1911105562,cal,0,0,0.4018171727657318,0.5981827974319458
2074246354,cal,0,0,0.3584040105342865,0.6415959596633911
1334424344,cal,0,0,0.39661410450935364,0.6033859252929688
1862241602,cal,0,0,0.4189566373825073,0.5810433626174927
204344558,cal,0,0,0.049749717116355896,0.9502502679824829
455499527,cal,0,1,0.7608048915863037,0.7608048915863037
1113615401,cal,0,0,0.2012481689453125,0.7987518310546875
360831144,cal,0,0,0.11220929771661758,0.8877906799316406
1159508983,cal,0,0,0.33896732330322266,0.6610326766967773
201175209,cal,0,0,0.05599967762827873,0.9440003037452698
2068155246,cal,0,0,0.11172737181186676,0.8882726430892944
702939938,cal,0,0,0.3392723500728607,0.6607276201248169
1868100252,cal,0,0,0.3121608793735504,0.687839150428772
1166268521,cal,0,0,3.16984296659939e-05,0.9999682903289795
1442719644,cal,0,0,7.868861575843766e-05,0.9999213218688965
1871879312,cal,0,0,0.00032890381407923996,0.9996711015701294
244197870,cal,0,0,0.0003097668814007193,0.9996902346611023
1816434725,cal,0,0,5.667897130479105e-05,0.9999433159828186
145001582,cal,0,1,0.7309712767601013,0.7309712767601013
574822734,cal,0,1,0.5512531399726868,0.5512531399726868
626675731,cal,0,1,0.9159033894538879,0.9159033894538879
1286236507,cal,0,1,0.6411880254745483,0.6411880254745483
1448083236,cal,0,1,0.5186176896095276,0.5186176896095276
1872017363,cal,0,1,0.5260568857192993,0.5260568857192993
1900493580,cal,0,0,0.36309507489204407,0.6369049549102783
92178534,cal,1,1,0.8775298595428467,0.8775298595428467
223961676,cal,1,1,0.851162850856781,0.851162850856781
831818705,cal,1,1,0.9868829846382141,0.9868829846382141
1966744305,cal,1,1,0.9226177930831909,0.9226177930831909
359201345,cal,1,1,0.9209685325622559,0.9209685325622559
361318294,cal,1,1,0.9831687211990356,0.9831687211990356
1724437013,cal,1,1,0.9611799716949463,0.9611799716949463
477809345,cal,0,0,0.009284554049372673,0.9907154440879822
609972791,cal,0,0,0.005216166842728853,0.9947838187217712
1834902084,cal,0,0,0.0018775701755657792,0.9981224536895752
246477392,cal,0,0,0.10117544233798981,0.8988245725631714
655646528,cal,0,0,0.2692979574203491,0.7307020425796509
1985385468,cal,0,0,0.024776989594101906,0.9752230048179626
1172288631,cal,0,0,0.12652866542339325,0.8734713196754456
1592907799,cal,0,0,0.2620452344417572,0.7379547357559204
424435710,cal,0,0,0.3661542236804962,0.6338458061218262
1959388660,cal,0,0,0.09316975623369217,0.9068302512168884
1035670377,cal,1,0,0.3411014676094055,0.6588985323905945
2030512448,cal,1,0,0.38606590032577515,0.6139340996742249
78481059,cal,1,0,0.08342061191797256,0.9165793657302856
152709648,cal,1,1,0.9487646818161011,0.9487646818161011
594424963,cal,1,1,0.9507046341896057,0.9507046341896057
1547445822,cal,1,1,0.9680918455123901,0.9680918455123901
137304452,cal,1,1,0.9266788959503174,0.9266788959503174
290560973,cal,1,1,0.8534689545631409,0.8534689545631409
1465911767,cal,1,1,0.8584828972816467,0.8584828972816467
503925480,cal,1,1,0.998400866985321,0.998400866985321
581194428,cal,1,1,0.9985377788543701,0.9985377788543701
5165373,cal,1,1,0.9975746273994446,0.9975746273994446
344547359,cal,1,1,0.9924007654190063,0.9924007654190063
1374799779,cal,0,0,0.03398923948407173,0.9660107493400574
2033192024,cal,0,0,0.021828606724739075,0.9781714081764221
838516813,cal,0,0,0.09945753216743469,0.9005424976348877
1726114514,cal,0,0,0.07908734679222107,0.9209126234054565
1601052416,cal,1,1,0.8351371884346008,0.8351371884346008
2018290962,cal,1,1,0.8385291695594788,0.8385291695594788
143880770,cal,1,1,0.8514942526817322,0.8514942526817322
518092159,cal,1,1,0.7699484825134277,0.7699484825134277
275252810,cal,0,1,0.8927846550941467,0.8927846550941467
1526540449,cal,0,1,0.7466228604316711,0.7466228604316711
1362357046,cal,0,1,0.5775668025016785,0.5775668025016785
2026141593,cal,0,0,0.485004723072052,0.514995276927948
313927350,cal,0,0,0.051883600652217865,0.9481164216995239
595310253,cal,0,0,0.03223758563399315,0.9677624106407166
608417396,cal,0,0,0.03146122768521309,0.968538761138916
794383912,cal,0,0,0.20879752933979034,0.7912024855613708
1123213658,cal,0,0,0.35275915265083313,0.6472408771514893
1692238575,cal,0,0,0.18893563747406006,0.8110643625259399
926424534,cal,0,0,0.15471825003623962,0.845281720161438
1508772384,cal,0,0,0.0488751120865345,0.951124906539917
491618791,cal,0,0,0.08027875423431396,0.919721245765686
1365275826,cal,0,0,0.08751506358385086,0.9124849438667297
1911839160,cal,0,0,0.02797047607600689,0.9720295071601868
620558313,cal,1,0,0.29597726464271545,0.7040227651596069
670461054,cal,1,0,0.4652038812637329,0.5347961187362671
1794668604,cal,1,1,0.7423926591873169,0.7423926591873169
266264627,cal,1,0,0.4308086931705475,0.5691913366317749
1586935311,cal,1,1,0.7469977140426636,0.7469977140426636
585149909,cal,1,1,0.7801589369773865,0.7801589369773865
1277919451,cal,1,1,0.8083007335662842,0.8083007335662842
1372524723,cal,1,1,0.6322532892227173,0.6322532892227173
1878708390,cal,1,1,0.9065955281257629,0.9065955281257629
74335221,cal,1,0,0.18195290863513947,0.8180471062660217
305792930,cal,1,0,0.36351683735847473,0.6364831924438477
817501520,cal,1,1,0.6294572353363037,0.6294572353363037
1102975680,cal,1,0,0.24782337248325348,0.7521766424179077
1459349508,cal,1,0,0.4889010488986969,0.5110989809036255
183965089,cal,0,0,0.04951275512576103,0.9504872560501099
1287758827,cal,0,0,0.060033127665519714,0.9399668574333191
1753001774,cal,0,0,0.04130182042717934,0.9586981534957886
1166525744,cal,0,0,0.004959214944392443,0.995040774345398
1598342590,cal,0,0,0.004666556138545275,0.9953334331512451
955265900,cal,1,1,0.9164061546325684,0.9164061546325684
1187264788,cal,1,1,0.9561992883682251,0.9561992883682251
753950059,cal,1,1,0.9315071105957031,0.9315071105957031
1739266315,cal,1,1,0.943149745464325,0.943149745464325
593362896,cal,1,1,0.9921133518218994,0.9921133518218994
2121776190,cal,1,1,0.9871311783790588,0.9871311783790588
439281249,cal,1,1,0.9447357058525085,0.9447357058525085
1037894119,cal,1,1,0.978329062461853,0.978329062461853
186292785,test,1,1,0.8388432860374451,0.8388432860374451
1051138937,test,1,1,0.6880338788032532,0.6880338788032532
1085103101,test,1,1,0.7360573410987854,0.7360573410987854
60199560,test,1,1,0.8673843145370483,0.8673843145370483
1997395994,test,1,1,0.7988880276679993,0.7988880276679993
1333498701,cal,0,0,0.09318617731332779,0.9068138003349304
1689570124,cal,0,0,0.054616618901491165,0.9453833699226379
1851508787,cal,0,0,0.06477183103561401,0.935228168964386
1873035999,cal,0,0,0.04944917932152748,0.9505507946014404
338738080,cal,0,0,0.00850182119756937,0.9914981722831726
609656124,cal,0,0,0.0016050959238782525,0.9983949065208435
718737288,cal,0,0,0.00228046253323555,0.9977195262908936
698225576,cal,1,1,0.9554173350334167,0.9554173350334167
1257751186,cal,1,1,0.9522194862365723,0.9522194862365723
1527847943,cal,1,1,0.96294766664505,0.96294766664505
1936877746,cal,1,1,0.9540096521377563,0.9540096521377563
1956444381,cal,1,1,0.9750581979751587,0.9750581979751587
322658415,test,0,0,0.0028306501917541027,0.9971693754196167
1588494881,test,0,0,0.00024147929798346013,0.9997585415840149
214612177,test,0,0,0.0003463130269665271,0.999653697013855
924616801,test,0,0,0.0006490096566267312,0.9993509650230408
783217455,test,1,1,0.9268681406974792,0.9268681406974792
2047650891,test,1,1,0.6494718194007874,0.6494718194007874
524320770,test,1,1,0.7839139103889465,0.7839139103889465
598556705,test,1,1,0.7352700233459473,0.7352700233459473
588749877,test,0,0,2.6087514925166033e-05,0.9999738931655884
655622980,test,0,0,8.474580681649968e-05,0.9999152421951294
992026543,test,0,0,0.00020650841179303825,0.9997934699058533
184285326,test,0,0,3.561681296559982e-05,0.9999643564224243
2145025823,test,0,0,4.277993139112368e-05,0.9999572038650513
835627634,cal,1,1,0.9430304169654846,0.9430304169654846
1446857204,cal,1,1,0.8890597820281982,0.8890597820281982
1829307844,cal,1,1,0.8021084070205688,0.8021084070205688
695088168,cal,1,1,0.9793422818183899,0.9793422818183899
1121953497,cal,1,1,0.961118221282959,0.961118221282959
326189972,test,0,0,0.06980225443840027,0.9301977157592773
1565871400,test,0,0,0.06581810116767883,0.9341819286346436
145892963,test,0,0,0.37860167026519775,0.6213983297348022
299110190,test,0,0,0.30512720346450806,0.6948727965354919
529550565,cal,0,0,0.03808806464076042,0.9619119167327881
885291158,cal,0,0,0.02734825760126114,0.9726517200469971
327987157,cal,0,0,0.04029054567217827,0.9597094655036926
1201447849,cal,0,0,0.019639067351818085,0.9803609251976013
791386471,cal,0,0,1.6707641407265328e-05,0.9999833106994629
1154514801,cal,0,0,0.007192665245383978,0.9928073287010193
1411110675,cal,0,0,0.36896073818206787,0.6310392618179321
1682132086,cal,0,0,0.28160783648490906,0.7183921337127686
421934802,cal,0,0,0.00024364262935705483,0.9997563362121582
489171827,cal,0,0,0.0004578468215186149,0.9995421767234802
1676941230,cal,0,0,0.226133793592453,0.7738661766052246
2104347335,cal,0,0,0.3982224762439728,0.6017775535583496
647469951,test,1,0,0.3679420053958893,0.6320580244064331
1298949065,test,1,1,0.654589056968689,0.654589056968689
299395250,test,1,1,0.561103105545044,0.561103105545044
1842411585,test,1,1,0.7890257835388184,0.7890257835388184
253848986,test,0,0,0.00014266021025832742,0.9998573660850525
598967166,test,0,0,0.00013216966181062162,0.999867856502533
855731364,test,0,0,0.0004249299818184227,0.9995750784873962
179359143,test,0,0,0.000269288313575089,0.9997307062149048
1578051516,test,0,0,8.645109483040869e-05,0.9999135732650757
601660898,test,0,0,0.10224421322345734,0.8977558016777039
1993763544,test,0,0,0.11601074039936066,0.8839892745018005
121786153,test,0,0,0.42120325565338135,0.5787967443466187
1056979650,test,0,0,0.4290838837623596,0.5709161162376404
1184983535,test,0,0,0.14500893652439117,0.85499107837677
1265915668,test,0,0,0.1538788080215454,0.8461211919784546
59707762,test,0,0,0.22729724645614624,0.7727027535438538
113924536,test,0,0,0.220797598361969,0.779202401638031
2035737047,cal,0,0,0.040326330810785294,0.9596736431121826
2076003064,cal,0,0,0.018891673535108566,0.9811083078384399
1350250333,cal,0,0,0.14739008247852325,0.8526099324226379
2096111098,cal,0,0,0.08194953203201294,0.9180504679679871
308050556,cal,0,0,5.796429832116701e-05,0.9999420642852783
1100054532,cal,0,0,0.00015550022362731397,0.999844491481781
1439599704,cal,0,0,2.3185750251286663e-05,0.9999768137931824
2119517857,cal,0,0,2.1204679796937853e-05,0.99997878074646
870728999,test,1,1,0.6669620275497437,0.6669620275497437
1981112667,test,1,1,0.7545914053916931,0.7545914053916931
1088475095,test,1,1,0.9203504920005798,0.9203504920005798
1696962174,test,1,1,0.7156058549880981,0.7156058549880981
253816525,cal,1,1,0.6770156025886536,0.6770156025886536
1296339367,cal,1,1,0.7872565984725952,0.7872565984725952
1616048509,cal,1,1,0.7471652626991272,0.7471652626991272
2086977500,cal,1,1,0.6903555393218994,0.6903555393218994
66175334,cal,1,1,0.8094244599342346,0.8094244599342346
911473614,cal,1,1,0.8167557716369629,0.8167557716369629
988108350,cal,1,1,0.7879278659820557,0.7879278659820557
1093588337,cal,1,1,0.9108619093894958,0.9108619093894958
49811752,cal,0,0,0.27063822746276855,0.7293617725372314
899940683,cal,0,0,0.22611796855926514,0.7738820314407349
1570353235,cal,0,0,0.040588319301605225,0.9594116806983948
1588958298,cal,0,0,0.19837990403175354,0.8016201257705688
825734015,cal,0,1,0.5460713505744934,0.5460713505744934
1006899114,cal,0,1,0.5500896573066711,0.5500896573066711
1635370726,cal,0,0,0.22275622189044952,0.7772437930107117
1694035392,cal,0,0,0.4897698163986206,0.5102301836013794
1379953783,cal,0,0,0.09734709560871124,0.90265291929245
1852487790,cal,0,0,0.09085559099912643,0.909144401550293
269531671,cal,0,0,0.20343159139156342,0.7965683937072754
874591297,cal,0,0,0.03780795633792877,0.9621920585632324
1534421462,cal,0,0,0.04570603743195534,0.954293966293335
426211855,test,1,1,0.9101022481918335,0.9101022481918335
1244637426,test,1,1,0.9619576334953308,0.9619576334953308
1202199626,test,1,1,0.7113171219825745,0.7113171219825745
2053801264,test,1,1,0.8388083577156067,0.8388083577156067
2074659390,test,1,1,0.7059171795845032,0.7059171795845032
310915997,cal,1,1,0.9894378185272217,0.9894378185272217
905372093,cal,1,1,0.9603704214096069,0.9603704214096069
392491679,cal,1,1,0.9823810458183289,0.9823810458183289
608121659,cal,1,1,0.9889358878135681,0.9889358878135681
1920555251,cal,1,1,0.9849491715431213,0.9849491715431213
1106672067,cal,0,0,0.1472160965204239,0.8527839183807373
1586459953,cal,0,0,0.08156270533800125,0.9184373021125793
265886525,cal,0,0,0.0937863290309906,0.906213641166687
280815844,cal,0,0,0.17056865990161896,0.8294313549995422
548573704,test,0,0,0.08478119969367981,0.9152188301086426
729737300,test,0,0,0.026216726750135422,0.9737832546234131
1217878895,test,0,0,0.1154705360531807,0.8845294713973999
1974763683,test,0,0,0.04220913350582123,0.9577908515930176
126229056,test,0,0,0.2818853557109833,0.7181146144866943
461819734,test,0,0,0.10307619720697403,0.8969237804412842
787531805,test,0,0,0.167372465133667,0.832627534866333
905812377,test,0,0,0.09312867373228073,0.9068713188171387
1729595318,test,0,0,0.15889210999011993,0.8411079049110413
587761328,cal,0,0,0.07728562504053116,0.922714352607727
2005732036,cal,0,0,0.09945708513259888,0.9005429148674011
2030666441,cal,0,0,0.07720667868852615,0.9227933287620544
997154416,cal,0,0,0.21045424044132233,0.7895457744598389
1412519672,cal,0,0,0.10895410180091858,0.8910459280014038
1430595870,cal,0,0,0.1734389364719391,0.8265610933303833
273778497,cal,1,1,0.6250891089439392,0.6250891089439392
1296915427,cal,1,1,0.6132655143737793,0.6132655143737793
387296674,cal,1,1,0.5594102740287781,0.5594102740287781
1218600690,cal,1,0,0.27948468923568726,0.7205153107643127
146122358,cal,0,0,0.0005589475622400641,0.9994410276412964
1525221365,cal,0,0,0.00016028534446377307,0.999839723110199
1772982529,cal,0,0,3.4960983157361625e-06,0.9999964833259583
508516338,cal,0,0,0.001898517832159996,0.9981014728546143
982586326,cal,0,0,0.0007164689595811069,0.9992835521697998
1676218123,cal,0,0,0.00024539785226807,0.9997546076774597
1885177519,cal,0,0,6.888922507641837e-05,0.9999310970306396
56674518,cal,0,0,0.25205639004707336,0.747943639755249
301699851,cal,0,0,0.08174099773168564,0.9182590246200562
699686579,cal,0,0,0.09646894782781601,0.9035310745239258
843894821,cal,0,0,0.2769677937030792,0.7230322360992432
888294382,cal,0,0,0.21844814717769623,0.7815518379211426
975797108,cal,0,0,0.22765952348709106,0.7723404765129089
846698410,test,0,0,0.15240556001663208,0.8475944399833679
915814273,test,0,0,0.441743403673172,0.5582566261291504
1603167882,test,0,0,0.060351599007844925,0.9396483898162842
168218857,test,0,0,0.27283933758735657,0.7271606922149658
1605109246,test,0,0,0.061365757137537,0.9386342167854309
1891106080,test,0,0,0.05536254867911339,0.9446374773979187
685995033,cal,0,0,0.049785956740379333,0.9502140283584595
874318412,cal,0,0,0.0013576664496213198,0.9986423254013062
188337978,cal,0,0,0.08617524802684784,0.913824737071991
927526010,cal,0,0,0.01745634526014328,0.9825436472892761
949620032,cal,1,1,0.9605641961097717,0.9605641961097717
1368188584,cal,1,1,0.9889817833900452,0.9889817833900452
1852339387,cal,1,1,0.8746474385261536,0.8746474385261536
523676145,cal,1,1,0.9442161321640015,0.9442161321640015
814804304,cal,1,1,0.9077564477920532,0.9077564477920532
1828141547,cal,1,1,0.9250975847244263,0.9250975847244263
1176590836,cal,1,1,0.7045882344245911,0.7045882344245911
1870384828,cal,1,1,0.7198575139045715,0.7198575139045715
96888113,cal,1,1,0.7684629559516907,0.7684629559516907
1842731913,cal,1,1,0.6957800984382629,0.6957800984382629
700766003,cal,0,0,0.31667131185531616,0.6833286881446838
1215648391,cal,0,1,0.6547523736953735,0.6547523736953735
274932520,cal,0,1,0.8719230890274048,0.8719230890274048
1774959518,cal,0,0,0.042437516152858734,0.9575625061988831
337690923,cal,1,1,0.5116045475006104,0.5116045475006104
1703939825,cal,1,1,0.7445080876350403,0.7445080876350403
873526466,cal,1,1,0.8807873129844666,0.8807873129844666
1701015956,cal,1,1,0.8402770161628723,0.8402770161628723
862867450,cal,0,0,0.16406990587711334,0.8359301090240479
1774858262,cal,0,0,0.20549319684505463,0.7945067882537842
403704207,cal,0,0,0.11887554079294205,0.8811244368553162
932877061,cal,0,0,0.3011602759361267,0.6988397240638733
1843448086,cal,0,0,0.3093821108341217,0.6906179189682007
139510756,test,1,1,0.7096908688545227,0.7096908688545227
2046041590,test,1,1,0.7260869741439819,0.7260869741439819
1307302354,test,1,1,0.7206827402114868,0.7206827402114868
1745552167,test,1,1,0.6134586930274963,0.6134586930274963
1251934061,cal,0,0,0.0015297762583941221,0.9984702467918396
2038474899,cal,0,0,0.018181487917900085,0.9818184971809387
1196131818,cal,0,0,0.008757676929235458,0.9912423491477966
1218498032,cal,0,0,0.01085084117949009,0.9891491532325745
435059304,cal,1,1,0.9151120781898499,0.9151120781898499
461844280,cal,1,1,0.9631076455116272,0.9631076455116272
1107260032,cal,1,1,0.907293975353241,0.907293975353241
1303672310,cal,1,1,0.9480133652687073,0.9480133652687073
1063880453,cal,1,1,0.9404513835906982,0.9404513835906982
1289166870,cal,1,1,0.9702532887458801,0.9702532887458801
1866644569,cal,1,1,0.7179157733917236,0.7179157733917236
1906779331,cal,0,0,0.1405055969953537,0.8594943881034851
2120682904,cal,0,0,0.15797443687915802,0.8420255780220032
460300289,cal,0,0,0.14038027822971344,0.8596197366714478
2030699807,cal,0,0,0.3644748330116272,0.6355251669883728
191017388,cal,1,1,0.5670379996299744,0.5670379996299744
1477806711,cal,1,1,0.8602389693260193,0.8602389693260193
356913490,cal,1,1,0.8575387001037598,0.8575387001037598
720618687,cal,1,1,0.8659613132476807,0.8659613132476807
797909992,cal,0,0,0.01633221097290516,0.98366779088974
1091523271,cal,0,0,0.01641944609582424,0.9835805296897888
1387942812,cal,0,0,0.0016354405088350177,0.9983645677566528
106715028,cal,0,0,0.004609476774930954,0.9953905344009399
1152775833,cal,0,0,0.009220943786203861,0.9907790422439575
425949185,cal,0,0,0.029899438843131065,0.9701005816459656
736638707,cal,0,0,0.03805004432797432,0.9619499444961548
2136175831,cal,0,0,0.03166002407670021,0.9683399796485901
390229349,cal,0,0,0.05871579796075821,0.9412841796875
786354466,cal,0,0,0.07842862606048584,0.9215713739395142
783802580,test,1,1,0.8932564854621887,0.8932564854621887
1126484447,test,1,1,0.956866979598999,0.956866979598999
368835614,test,1,1,0.900986909866333,0.900986909866333
689260454,test,1,1,0.9664507508277893,0.9664507508277893
189362032,cal,0,0,0.027775945141911507,0.9722240567207336
1490758028,cal,0,0,0.05528198555111885,0.9447180032730103
1609298443,cal,0,0,0.03372713178396225,0.9662728905677795
617525091,cal,0,0,0.05879361182451248,0.9412063956260681
792531493,cal,0,0,0.04475269466638565,0.9552472829818726
2069718338,cal,0,0,0.1260257065296173,0.8739743232727051
480822125,cal,1,1,0.6886187791824341,0.6886187791824341
1897712237,cal,1,1,0.6117973327636719,0.6117973327636719
982292140,cal,1,1,0.8234992623329163,0.8234992623329163
1179403506,cal,1,1,0.6313190460205078,0.6313190460205078
1505346563,cal,0,0,0.01094121765345335,0.989058792591095
2044750997,cal,0,0,0.0053152358159422874,0.9946847558021545
350327724,cal,0,0,0.0038608121685683727,0.9961391687393188
2041002079,cal,0,0,0.010390250012278557,0.9896097779273987
769562817,cal,0,0,0.0010258561233058572,0.9989741444587708
1298397822,cal,0,0,0.004011651501059532,0.9959883689880371
1932601758,cal,0,0,0.03976769372820854,0.9602323174476624
120336538,cal,0,0,0.004853719379752874,0.9951462745666504
612139329,cal,0,0,0.0002138107520295307,0.9997861981391907
821247789,cal,0,0,0.01857268251478672,0.9814273118972778
1571607440,cal,0,0,0.006666484754532576,0.9933335185050964
849365885,cal,0,0,0.014802725985646248,0.9851972460746765
971402072,cal,0,0,0.03655361384153366,0.9634463787078857
1707739022,cal,0,0,0.0003136439772788435,0.9996863603591919
323359086,cal,0,0,0.04560128599405289,0.9543986916542053
456842873,cal,0,0,0.06077052652835846,0.9392294883728027
752674870,cal,0,0,0.07279746979475021,0.9272025227546692
318298859,cal,0,0,0.05395572632551193,0.9460442662239075
1911484187,cal,0,0,0.04454493522644043,0.9554550647735596
725569782,cal,1,1,0.962727963924408,0.962727963924408
905190921,cal,1,1,0.9310076832771301,0.9310076832771301
521894250,cal,1,1,0.933413565158844,0.933413565158844
2083748759,cal,1,1,0.9345749020576477,0.9345749020576477
120731939,cal,1,1,0.9232997894287109,0.9232997894287109
1419408137,cal,1,1,0.6336499452590942,0.6336499452590942
1502806748,cal,1,1,0.9167466759681702,0.9167466759681702
1799163350,cal,1,1,0.7377415299415588,0.7377415299415588
823926235,cal,0,0,0.23372434079647064,0.7662756443023682
1422501904,cal,0,0,0.21451039612293243,0.7854896187782288
1426419765,cal,0,1,0.5513966679573059,0.5513966679573059
801646711,cal,0,0,0.2072020024061203,0.7927979826927185
1032546157,cal,0,0,0.19842131435871124,0.80157870054245
1283729079,cal,0,0,0.4068581461906433,0.5931418538093567
933884803,cal,1,1,0.7897248864173889,0.7897248864173889
973747322,cal,1,1,0.8045018315315247,0.8045018315315247
5493647,cal,1,1,0.6588401198387146,0.6588401198387146
753414609,cal,1,1,0.5345163941383362,0.5345163941383362
80120956,test,1,1,0.8673699498176575,0.8673699498176575
1568302883,test,1,1,0.5159991383552551,0.5159991383552551
696819971,test,1,0,0.4882771670818329,0.5117228031158447
1080940233,test,1,1,0.5659067630767822,0.5659067630767822
2095257976,test,1,0,0.49125736951828003,0.50874263048172
1011264686,cal,1,1,0.957966148853302,0.957966148853302
1254972190,cal,1,1,0.9099698662757874,0.9099698662757874
2112845072,cal,1,1,0.902777910232544,0.902777910232544
605196176,cal,1,1,0.9571634531021118,0.9571634531021118
2140273006,cal,1,1,0.9293627142906189,0.9293627142906189
1238663835,cal,0,0,0.005293163936585188,0.9947068095207214
1757565601,cal,0,0,9.37113964027958e-06,0.9999906420707703
286626449,cal,0,0,0.0003029314975719899,0.9996970891952515
545110820,cal,0,0,0.06639954447746277,0.9336004257202148
926985769,cal,0,0,0.0439014732837677,0.9560985565185547
1012710953,cal,0,0,0.06649310141801834,0.9335069060325623
205109541,cal,0,0,0.0730103850364685,0.9269896149635315
491260527,cal,0,0,0.1656203269958496,0.8343796730041504
899655057,cal,0,0,0.005807389039546251,0.9941926002502441
1032272453,cal,0,0,3.182900763931684e-05,0.9999681711196899
1193779604,cal,0,0,0.0002364825049880892,0.9997634887695312
1499398402,cal,0,0,1.7856325939646922e-05,0.9999821186065674
259267917,cal,0,0,0.00015820824773982167,0.9998418092727661
981059833,cal,0,0,0.002421547891572118,0.9975784420967102
1286912369,cal,0,0,0.00010820164607139304,0.9998918175697327
1493449287,cal,0,0,0.00038419163320213556,0.9996157884597778
1539473622,cal,1,1,0.819218099117279,0.819218099117279
2035969521,cal,1,1,0.8907986283302307,0.8907986283302307
540562039,cal,1,1,0.6059274673461914,0.6059274673461914
1646088879,cal,1,1,0.5290882587432861,0.5290882587432861
1973292874,cal,1,1,0.5766918659210205,0.5766918659210205
1441852710,cal,0,0,0.20626981556415558,0.7937301993370056
1473788829,cal,0,0,0.10305892676115036,0.896941065788269
1976023609,cal,0,0,0.11444955319166183,0.8855504393577576
307911284,cal,0,0,0.25250130891799927,0.7474986910820007
1995881282,cal,0,0,0.16005855798721313,0.8399414420127869
1441116589,cal,1,1,0.5728271007537842,0.5728271007537842
1473646762,cal,1,0,0.43205711245536804,0.5679428577423096
409447527,cal,1,0,0.44147613644599915,0.5585238933563232
965915031,cal,1,1,0.501057505607605,0.501057505607605
781788826,cal,1,1,0.7146212458610535,0.7146212458610535
826364507,cal,1,1,0.645134687423706,0.645134687423706
2142790187,cal,1,1,0.6375301480293274,0.6375301480293274
21089789,cal,1,1,0.6192488670349121,0.6192488670349121
378139768,cal,1,1,0.5012646913528442,0.5012646913528442
1530019000,cal,1,1,0.6557216644287109,0.6557216644287109
351961580,cal,1,0,0.4401063323020935,0.5598936676979065
1016061972,cal,1,0,0.43065351247787476,0.5693464875221252
1172976203,cal,1,0,0.41706278920173645,0.5829372406005859
1662724073,cal,1,0,0.4301111400127411,0.5698888301849365
1225820675,cal,1,1,0.981096088886261,0.981096088886261
1294508870,cal,1,1,0.9718855023384094,0.9718855023384094
208797370,cal,1,1,0.9648024439811707,0.9648024439811707
231046658,cal,1,1,0.9533127546310425,0.9533127546310425
159989254,cal,0,0,0.03494632989168167,0.9650536775588989
1082463861,cal,0,0,0.0848584696650505,0.9151415228843689
928749486,cal,0,0,0.05996836721897125,0.9400316476821899
1083275629,cal,0,0,0.11837447434663773,0.8816255331039429
2094660356,cal,0,0,0.1119222491979599,0.8880777359008789
159156672,cal,1,1,0.9361643195152283,0.9361643195152283
1900759013,cal,1,1,0.7467359900474548,0.7467359900474548
1662249385,cal,1,1,0.8311288356781006,0.8311288356781006
1837703816,cal,1,0,0.29768106341362,0.7023189067840576
77539981,test,0,0,0.303489625453949,0.696510374546051
1926937099,test,0,0,0.23235180974006653,0.7676482200622559
471391133,test,0,0,0.09346295148134232,0.9065370559692383
1548651850,test,0,0,0.15153385698795319,0.848466157913208
394703969,test,1,1,0.7779483199119568,0.7779483199119568
2046832952,test,1,1,0.9349232316017151,0.9349232316017151
996728773,test,1,1,0.8699379563331604,0.8699379563331604
1974338536,test,1,1,0.6403396725654602,0.6403396725654602
21894560,test,1,1,0.9155511856079102,0.9155511856079102
666644749,test,1,1,0.7674563527107239,0.7674563527107239
10333126,test,1,1,0.9274767637252808,0.9274767637252808
305185249,test,1,1,0.8723609447479248,0.8723609447479248
780301747,cal,0,0,0.20614193379878998,0.7938580513000488
1796288552,cal,0,0,0.11068223416805267,0.8893177509307861
1835216806,cal,0,0,0.3790603280067444,0.6209396719932556
491006079,cal,0,0,0.07439303398132324,0.9256069660186768
1530919387,cal,0,0,0.09332858771085739,0.906671404838562
2108938784,cal,0,0,0.11576232314109802,0.8842376470565796
427990180,test,0,0,0.05968086048960686,0.9403191208839417
819755391,test,0,0,0.17012923955917358,0.8298707604408264
1210940582,test,0,0,0.21750953793525696,0.7824904918670654
540085215,test,0,0,0.4026026129722595,0.5973973870277405
1322961574,test,0,0,0.3147110342979431,0.6852889657020569
1386428053,test,0,0,0.319318562746048,0.6806814670562744
450957692,cal,1,1,0.7801477313041687,0.7801477313041687
2039726550,cal,1,1,0.9335892796516418,0.9335892796516418
14013848,cal,1,1,0.7530122995376587,0.7530122995376587
440817743,cal,1,1,0.6687000393867493,0.6687000393867493
587809567,cal,1,1,0.9023715853691101,0.9023715853691101
100110149,cal,0,0,6.054274126654491e-05,0.9999394416809082
1085008843,cal,0,0,0.00017027714056894183,0.9998297095298767
1609050820,cal,0,0,0.00033094233367592096,0.999669075012207
441336539,cal,0,0,6.670306174783036e-05,0.9999333024024963
488794502,cal,0,0,0.0003228148561902344,0.9996771812438965
634238633,cal,0,0,0.00010296354594174773,0.9998970627784729
811508524,cal,0,0,6.149815453682095e-05,0.9999384880065918
527984277,test,0,0,0.028487900272011757,0.9715120792388916
1484093158,test,0,0,0.11916825920343399,0.8808317184448242
411437501,test,0,0,0.0451471321284771,0.9548528790473938
1435484080,test,0,0,0.014204445295035839,0.9857955574989319
2073590151,test,0,0,0.009668326936662197,0.9903316497802734
908567962,cal,1,1,0.525517463684082,0.525517463684082
2010859447,cal,1,1,0.5606499314308167,0.5606499314308167
498809102,cal,1,1,0.7340180277824402,0.7340180277824402
1695231120,cal,1,1,0.893726110458374,0.893726110458374
1921143331,cal,1,1,0.5053548216819763,0.5053548216819763
28793527,test,1,1,0.9052593111991882,0.9052593111991882
636619258,test,1,1,0.9700198173522949,0.9700198173522949
639278206,test,1,1,0.9236043691635132,0.9236043691635132
480274141,test,1,1,0.9760353565216064,0.9760353565216064
922469938,test,1,1,0.9759899377822876,0.9759899377822876
1492329387,test,1,1,0.9219542145729065,0.9219542145729065
23824111,cal,1,1,0.9757113456726074,0.9757113456726074
626210348,cal,1,1,0.9316872358322144,0.9316872358322144
1150145171,cal,1,1,0.9610919952392578,0.9610919952392578
1948930379,cal,1,1,0.9930318593978882,0.9930318593978882
444773067,test,1,0,0.44300898909568787,0.5569909811019897
471172267,test,1,0,0.4340454936027527,0.5659545063972473
1797943468,test,1,0,0.4246940314769745,0.5753059387207031
1518615423,test,1,0,0.4358888566493988,0.5641111135482788
1753825870,test,1,0,0.42304542660713196,0.5769546031951904
1523165025,test,1,0,0.4530373513698578,0.5469626188278198
1912780715,test,1,0,0.43794772028923035,0.5620522499084473
312338109,test,1,0,0.4259125888347626,0.574087381362915
1499100907,test,1,0,0.43500661849975586,0.5649933815002441
1168820684,cal,1,0,0.48364269733428955,0.5163573026657104
1403402714,cal,1,0,0.20013660192489624,0.7998633980751038
1454178942,cal,1,0,0.044807933270931244,0.9551920890808105
2136110817,cal,1,0,0.07941500097513199,0.9205849766731262
441260138,cal,1,0,0.0987163633108139,0.9012836217880249
1264794404,cal,1,1,0.9782541990280151,0.9782541990280151
1298613078,cal,1,1,0.7664841413497925,0.7664841413497925
118705721,test,1,1,0.7804572582244873,0.7804572582244873
793513266,test,1,1,0.7150788903236389,0.7150788903236389
1016394394,test,1,1,0.949903666973114,0.949903666973114
1659000052,test,1,1,0.9431955814361572,0.9431955814361572
454443587,test,1,1,0.8947296738624573,0.8947296738624573
489296141,test,1,1,0.7171272039413452,0.7171272039413452
1548006175,test,1,1,0.980882465839386,0.980882465839386
1772963478,test,1,1,0.7306442856788635,0.7306442856788635
2023872627,test,1,1,0.9554874300956726,0.9554874300956726
83455647,cal,0,0,0.1634492576122284,0.8365507125854492
2083502118,cal,0,0,0.3537488877773285,0.6462510824203491
125189600,cal,0,0,0.2723715305328369,0.7276284694671631
825083030,cal,0,0,0.19292375445365906,0.8070762157440186
45438070,cal,0,0,0.061853643506765366,0.9381463527679443
491348325,cal,0,0,0.2576025724411011,0.7423974275588989
1002403616,cal,0,0,0.10887076705694199,0.8911292552947998
30301867,cal,0,0,0.1346285492181778,0.8653714656829834
1636250377,cal,0,0,0.16094715893268585,0.8390528559684753
183980707,cal,0,0,0.11860059946775436,0.881399393081665
1304625366,cal,0,0,0.13436439633369446,0.8656356334686279
1368667448,cal,0,0,0.4087182879447937,0.5912817120552063
1563935674,cal,0,0,0.14818230271339417,0.8518177270889282
2040244680,cal,0,0,0.40516313910484314,0.5948368310928345
1496941352,cal,1,1,0.9017042517662048,0.9017042517662048
2060148227,cal,1,1,0.8086403608322144,0.8086403608322144
858402272,cal,1,1,0.7413505911827087,0.7413505911827087
913379409,cal,1,1,0.8659409284591675,0.8659409284591675
1359159522,cal,1,1,0.8965352773666382,0.8965352773666382
1853135279,cal,1,1,0.877728283405304,0.877728283405304
1005518109,cal,1,1,0.7302475571632385,0.7302475571632385
1151874227,cal,1,1,0.64942866563797,0.64942866563797
1374212920,cal,1,1,0.9757727384567261,0.9757727384567261
1824000692,cal,1,1,0.9237224459648132,0.9237224459648132
235389390,cal,1,1,0.7102303504943848,0.7102303504943848
1275907951,cal,1,1,0.9708122611045837,0.9708122611045837
1614341229,cal,1,1,0.6934167146682739,0.6934167146682739
1862097486,cal,1,1,0.9221357703208923,0.9221357703208923
170990114,test,1,1,0.9868141412734985,0.9868141412734985
554639761,test,1,1,0.8957817554473877,0.8957817554473877
741187440,test,1,0,0.4432130753993988,0.5567868947982788
1807772255,test,1,1,0.9190056324005127,0.9190056324005127
843393626,cal,0,0,0.007832287810742855,0.9921677112579346
864838445,cal,0,0,0.06627758592367172,0.9337224364280701
1448050955,cal,0,0,0.046272508800029755,0.9537274837493896
937439167,cal,0,0,0.0031639172229915857,0.9968360662460327
2017969961,cal,0,0,0.007111179642379284,0.9928888082504272
673495123,cal,0,0,0.023868398740887642,0.9761316180229187
1718873443,cal,0,0,0.009765100665390491,0.990234911441803
900121293,cal,0,0,0.004308885894715786,0.9956911206245422
1592914930,cal,0,0,0.0025912479031831026,0.9974087476730347
464418949,cal,0,0,0.23855091631412506,0.7614490985870361
1276997182,cal,0,0,0.15605701506137848,0.8439429998397827
1068828001,cal,0,0,0.19479434192180634,0.8052056431770325
1937582150,cal,0,0,0.043527137488126755,0.9564728736877441
130528642,test,1,0,0.44383862614631653,0.5561614036560059
762992750,test,1,0,0.4301573634147644,0.5698426365852356
142432854,test,1,0,0.4152156710624695,0.5847843289375305
1127927597,test,1,0,0.4382118582725525,0.5617881417274475
1162095943,test,1,0,0.41745322942733765,0.5825467705726624
1412673245,cal,1,0,0.4363628327846527,0.5636371374130249
2007898858,cal,1,0,0.4383493959903717,0.5616506338119507
1144874552,cal,1,0,0.424776554107666,0.575223445892334
1499782977,cal,1,0,0.4219801127910614,0.5780198574066162
1746766599,cal,1,0,0.4332596957683563,0.5667402744293213
1198934670,cal,0,1,0.5032314658164978,0.5032314658164978
1994679894,cal,0,0,0.46637675166130066,0.533623218536377
40290964,cal,0,0,0.4905577301979065,0.5094422698020935
55058317,cal,0,0,0.4858526885509491,0.5141472816467285
375445182,cal,0,0,0.4946448504924774,0.5053551197052002
2122421722,cal,0,0,0.4646453857421875,0.5353546142578125
102489772,cal,0,0,0.4939517080783844,0.506048321723938
805354093,cal,0,0,0.4656314253807068,0.5343685746192932
949176137,cal,0,0,0.4807335436344147,0.5192664861679077
1858889947,test,0,0,0.4272955358028412,0.5727044343948364
1938221641,test,0,0,0.42207416892051697,0.5779258012771606
397974479,test,0,0,0.44251859188079834,0.5574814081192017
501083106,test,0,0,0.42780065536499023,0.5721993446350098
1557313148,test,0,0,0.445123553276062,0.554876446723938
1000308532,test,0,0,0.49895504117012024,0.5010449886322021
1116955733,test,0,0,0.4340691864490509,0.5659308433532715
287829668,test,0,0,0.4782045781612396,0.521795392036438
1571982223,test,0,0,0.4842926263809204,0.5157073736190796
1063739518,cal,1,0,0.42810600996017456,0.5718939900398254
559052859,cal,1,1,0.7656095027923584,0.7656095027923584
980208105,cal,1,0,0.4303995966911316,0.5696004033088684
1098809657,cal,1,0,0.4895990490913391,0.5104009509086609
1366950927,cal,1,1,0.5891978144645691,0.5891978144645691
1845864194,cal,1,1,0.7218642234802246,0.7218642234802246
719782071,cal,0,0,0.19804497063159943,0.8019550442695618
1373669304,cal,0,0,0.2788256108760834,0.7211743593215942
1873107118,cal,0,0,0.22070235013961792,0.7792976498603821
498399409,cal,0,0,0.2844572067260742,0.7155427932739258
595982445,cal,0,0,0.3187474310398102,0.6812525987625122
1913297198,cal,0,0,0.16272246837615967,0.8372775316238403
1969361396,cal,0,0,0.3871980607509613,0.6128019094467163
841837846,cal,0,0,0.4732833802700043,0.5267165899276733
1244895701,cal,0,0,0.47305917739868164,0.5269408226013184
1399356698,cal,0,0,0.02635519951581955,0.9736447930335999
2008430896,cal,0,0,0.058107174932956696,0.9418928027153015
291057023,cal,0,0,0.4525997042655945,0.5474002957344055
321706756,cal,0,1,0.5074247717857361,0.5074247717857361
791236490,cal,0,0,0.01915360428392887,0.9808464050292969
2053930931,cal,0,0,0.07969711720943451,0.9203028678894043
1410982048,cal,1,1,0.8844612240791321,0.8844612240791321
1584369969,cal,1,1,0.7324197888374329,0.7324197888374329
1216236119,cal,1,1,0.9193466305732727,0.9193466305732727
1834649125,cal,1,1,0.8131251335144043,0.8131251335144043
283625771,cal,1,1,0.957622230052948,0.957622230052948
1007070646,cal,1,1,0.9574869275093079,0.9574869275093079
1558879517,cal,1,1,0.8816477060317993,0.8816477060317993
525548833,cal,1,1,0.9916493892669678,0.9916493892669678
1799447530,cal,1,1,0.982445478439331,0.982445478439331
880721435,cal,0,0,0.008437173441052437,0.9915628433227539
1287337190,cal,0,0,0.017960410565137863,0.9820395708084106
1983105361,cal,0,0,0.23048681020736694,0.7695131897926331
1983256951,cal,0,0,0.2989240288734436,0.7010759711265564
260981662,cal,0,0,0.30356565117836,0.6964343786239624
668794125,cal,0,0,0.06735944002866745,0.932640552520752
1453020275,cal,0,0,0.18924453854560852,0.8107554912567139
1526729105,cal,0,0,0.03168824315071106,0.9683117866516113
44228451,test,1,0,0.4465543031692505,0.5534456968307495
921939515,test,1,0,0.445740669965744,0.5542593002319336
381445194,test,1,0,0.46901941299438477,0.5309805870056152
502846318,test,1,0,0.4386615455150604,0.5613384246826172
1311528170,test,1,0,0.4475751221179962,0.5524249076843262
2085600921,test,1,0,0.4462427794933319,0.5537571907043457
925930752,cal,0,0,0.42199769616127014,0.5780023336410522
1423720340,cal,0,0,0.4269358515739441,0.5730641484260559
69697378,cal,0,0,0.4301425814628601,0.5698574185371399
334299187,cal,0,0,0.4514036774635315,0.5485963225364685
609824365,cal,0,0,0.4363793134689331,0.5636206865310669
132373241,cal,1,0,0.44443774223327637,0.5555622577667236
803528986,cal,1,0,0.4262693524360657,0.5737306475639343
1538278355,cal,1,0,0.4380936026573181,0.5619063973426819
766273424,cal,1,0,0.4281126856803894,0.5718873143196106
1903520764,cal,1,0,0.43215328454971313,0.5678467154502869
2053544734,cal,1,0,0.4240759611129761,0.5759240388870239
212477447,cal,0,0,0.43616554141044617,0.5638344287872314
1806062093,cal,0,0,0.4423786997795105,0.5576213002204895
673454318,cal,0,0,0.44283077120780945,0.5571691989898682
1671990772,cal,0,0,0.4417826533317566,0.5582173466682434
27425168,cal,1,0,0.4330466091632843,0.5669534206390381
1030297310,cal,1,0,0.462740421295166,0.537259578704834
531292287,cal,1,0,0.4407517910003662,0.5592482089996338
1920668401,cal,1,0,0.4018702208995819,0.5981297492980957
583119542,test,0,0,0.4218738377094269,0.5781261920928955
886797800,test,0,0,0.4244290888309479,0.5755709409713745
1749776218,test,0,0,0.43436816334724426,0.5656318664550781
866648159,test,0,0,0.4232544004917145,0.5767456293106079
1608758398,test,0,0,0.40841037034988403,0.591589629650116
363872298,test,0,0,0.43608346581459045,0.5639165639877319
1587552974,test,0,0,0.445171058177948,0.554828941822052
105849292,test,0,0,0.4325825572013855,0.5674174427986145
510896442,test,0,0,0.4000384211540222,0.5999615788459778
1043327287,cal,1,0,0.49186158180236816,0.5081384181976318
1988635352,cal,1,0,0.49799758195877075,0.5020024180412292
1236208576,cal,1,0,0.48515206575393677,0.5148479342460632
2028618354,cal,1,0,0.49146950244903564,0.5085304975509644
398134939,cal,0,0,0.4243742823600769,0.5756257176399231
457161215,cal,0,0,0.41923776268959045,0.5807622671127319
1928377494,cal,0,0,0.4385405480861664,0.5614594221115112
349624072,cal,0,0,0.44528618454933167,0.5547138452529907
688788638,cal,0,0,0.432353675365448,0.567646324634552
477484141,cal,0,0,0.4406140446662903,0.5593859553337097
885167871,cal,0,0,0.42917072772979736,0.5708292722702026
432836034,cal,0,0,0.42400169372558594,0.5759983062744141
937610882,cal,0,0,0.439753919839859,0.5602461099624634
997635930,cal,1,0,0.43280234932899475,0.5671976804733276
2131778426,cal,1,0,0.415605366230011,0.584394633769989
404289746,cal,1,0,0.4291659891605377,0.5708340406417847
1615726237,cal,1,0,0.4284036457538605,0.5715963840484619
1165058527,cal,1,0,0.4347861707210541,0.5652137994766235
1633646060,cal,1,0,0.4389852285385132,0.5610147714614868
1235376867,cal,1,0,0.4364292323589325,0.5635707378387451
1657137622,cal,1,0,0.4227542281150818,0.5772457718849182
1360655177,cal,0,0,0.4218742549419403,0.5781257152557373
1781861785,cal,0,0,0.4192615747451782,0.5807384252548218
245713791,cal,0,0,0.44021227955818176,0.5597877502441406
1594757074,cal,0,0,0.4375230371952057,0.5624769926071167
821659980,cal,0,0,0.42852041125297546,0.5714795589447021
2051354025,cal,0,0,0.45034563541412354,0.5496543645858765
1049980947,cal,0,0,0.4073302447795868,0.5926697254180908
1590562766,cal,0,0,0.43778350949287415,0.5622165203094482
140120138,cal,1,0,0.4464043080806732,0.5535956621170044
1516524679,cal,1,0,0.40983372926712036,0.5901662707328796
1154018469,cal,1,0,0.4498344361782074,0.5501655340194702
1567545298,cal,1,0,0.442973792552948,0.557026207447052
42262748,cal,0,0,0.4271976053714752,0.5728024244308472
166377116,cal,0,0,0.40385204553604126,0.5961479544639587
937961553,cal,0,0,0.4329778552055359,0.5670221447944641
1038730083,cal,0,0,0.43972283601760864,0.5602771639823914
216021014,cal,0,0,0.42540037631988525,0.5745996236801147
1338497788,cal,0,0,0.4125513732433319,0.5874485969543457
21129467,cal,0,0,0.43584516644477844,0.564154863357544
1343521046,cal,0,0,0.44006726145744324,0.5599327087402344
367140351,cal,1,0,0.4474010765552521,0.5525989532470703
1035241931,cal,1,0,0.42652779817581177,0.5734722018241882
36770041,cal,1,0,0.40950560569763184,0.5904943943023682
962193832,cal,1,0,0.4260985553264618,0.5739014148712158
369822724,test,0,0,0.4393860399723053,0.5606139898300171
375996420,test,0,0,0.4228019416332245,0.5771980285644531
1766660746,test,0,0,0.4389682710170746,0.561031699180603
126238619,test,0,0,0.4259435534477234,0.5740564465522766
858684902,test,0,0,0.4074910581111908,0.5925089120864868
1177385141,test,0,0,0.42968109250068665,0.5703189373016357
61048330,cal,1,0,0.42310845851898193,0.5768915414810181
1257189837,cal,1,0,0.43120524287223816,0.5687947273254395
1872102537,cal,1,0,0.43499934673309326,0.5650006532669067
17395361,cal,1,0,0.4290408790111542,0.5709590911865234
403821205,cal,1,0,0.43811047077178955,0.5618895292282104
343871513,cal,0,0,0.4296953082084656,0.5703046917915344
737388762,cal,0,0,0.39590251445770264,0.6040974855422974
694648493,cal,0,0,0.428607314825058,0.5713926553726196
924776286,cal,0,0,0.4498278796672821,0.5501720905303955
720641144,test,0,0,0.460710346698761,0.539289653301239
1984230191,test,0,0,0.4345947802066803,0.5654052495956421
424437442,test,0,0,0.4149438738822937,0.5850561261177063
1096054106,test,0,0,0.46064889430999756,0.5393511056900024
159974570,test,0,0,0.4451550543308258,0.5548449754714966
1044828729,test,0,0,0.4379669725894928,0.5620330572128296
2090715578,test,0,0,0.43091145157814026,0.5690885782241821
1415836694,test,0,0,0.4016968607902527,0.5983031392097473
1543774075,test,0,0,0.42400869727134705,0.5759912729263306
1784360398,test,0,0,0.456193208694458,0.543806791305542
2125844492,test,0,0,0.43101054430007935,0.5689894556999207
266418738,test,1,0,0.4237033724784851,0.5762966275215149
2011511152,test,1,0,0.42469337582588196,0.5753066539764404
202358824,test,1,0,0.442461758852005,0.5575382709503174
1955574337,test,1,0,0.4378078579902649,0.5621921420097351
824163255,cal,0,0,0.40373677015304565,0.5962632298469543
2143467994,cal,0,0,0.4429546296596527,0.5570453405380249
1488634215,cal,0,0,0.43758395314216614,0.5624160766601562
2103940101,cal,0,0,0.4728262722492218,0.5271737575531006
890387863,test,0,0,0.43491223454475403,0.5650877952575684
1108956739,test,0,0,0.4198927581310272,0.5801072120666504
196368921,test,0,0,0.4310602843761444,0.5689396858215332
2145823283,test,0,0,0.44298678636550903,0.557013213634491
202042705,test,0,0,0.44282829761505127,0.5571717023849487
267400027,test,0,0,0.44616854190826416,0.5538314580917358
605918238,test,0,0,0.44342491030693054,0.5565750598907471
912501118,test,0,0,0.45811375975608826,0.5418862104415894
938438985,test,0,0,0.44473928213119507,0.5552607178688049
526379336,cal,1,0,0.44404637813568115,0.5559536218643188
1523975462,cal,1,0,0.44464436173439026,0.5553556680679321
1695028283,cal,1,0,0.4440007209777832,0.5559992790222168
632969100,cal,1,0,0.4281860291957855,0.5718139410018921
868593534,cal,1,0,0.4491725265979767,0.5508275032043457
1483631154,cal,1,0,0.42674171924591064,0.5732582807540894
787464077,cal,0,0,0.460822731256485,0.5391772985458374
1631716047,cal,0,0,0.4623051583766937,0.5376948118209839
2054894362,cal,0,0,0.4337541162967682,0.5662459135055542
527886507,cal,0,0,0.426919162273407,0.573080837726593
755177617,cal,0,0,0.41634896397590637,0.583651065826416
1392193422,cal,0,0,0.4269205629825592,0.5730794668197632
1861125663,cal,0,0,0.4210505187511444,0.5789494514465332
765668143,cal,0,0,0.43495896458625793,0.5650410652160645
2119914947,cal,0,0,0.4294511079788208,0.5705488920211792
670314321,test,0,0,0.4440123438835144,0.5559876561164856
1697532584,test,0,0,0.4272138178348541,0.5727862119674683
1731176638,test,0,0,0.42138177156448364,0.5786182284355164
1948815394,test,0,0,0.4261091649532318,0.5738908052444458
1234915706,cal,0,0,0.42951637506484985,0.5704836249351501
1238383746,cal,0,0,0.41705021262168884,0.5829497575759888
1584706398,cal,0,0,0.41024303436279297,0.589756965637207
484773174,cal,0,0,0.44071388244628906,0.5592861175537109
614914151,cal,0,0,0.44649454951286316,0.5535054206848145
1863129571,cal,0,0,0.4397048354148865,0.5602951645851135
113448667,cal,0,0,0.43575340509414673,0.5642465949058533
898425570,cal,0,0,0.4293094873428345,0.5706905126571655
1200810224,cal,0,0,0.43377211689949036,0.566227912902832
570072179,cal,0,0,0.42720162868499756,0.5727983713150024
1078671559,cal,0,0,0.4323141872882843,0.5676858425140381
1769331096,cal,1,0,0.4293460547924042,0.5706539154052734
1820353093,cal,1,0,0.44384267926216125,0.5561573505401611
786537821,cal,1,0,0.42983278632164,0.5701671838760376
1309669876,cal,1,0,0.42188265919685364,0.5781173706054688
850013865,cal,1,0,0.42104029655456543,0.5789597034454346
1226242602,cal,1,0,0.42322245240211487,0.5767775774002075
1546457179,cal,1,0,0.4353642165660858,0.5646357536315918
837524134,cal,1,0,0.4388456642627716,0.5611543655395508
1797364735,cal,1,0,0.4368392527103424,0.56316077709198
88636532,cal,1,0,0.4520277678966522,0.5479722023010254
1354480099,cal,1,0,0.45076417922973633,0.5492358207702637
2027417227,cal,1,0,0.4411843717098236,0.558815598487854
342924419,cal,1,0,0.4435338079929352,0.5564662218093872
903021434,cal,1,0,0.41370660066604614,0.5862933993339539
1890657202,cal,1,0,0.4394820034503937,0.5605180263519287
1272968528,cal,0,0,0.43389248847961426,0.5661075115203857
1726166330,cal,0,0,0.44410020112991333,0.5558997988700867
596990990,cal,0,0,0.41216230392456055,0.5878376960754395
1125943343,cal,0,0,0.42628321051597595,0.5737167596817017
551900900,cal,1,0,0.4434172511100769,0.5565827488899231
2048218442,cal,1,0,0.4538109600543976,0.5461890697479248
515038707,cal,1,0,0.4401523768901825,0.5598475933074951
1688465458,cal,1,0,0.4222196936607361,0.5777803063392639
428885873,cal,0,0,0.4439702033996582,0.5560297966003418
2070084360,cal,0,0,0.4367343485355377,0.5632656812667847
200735146,cal,0,0,0.4260696768760681,0.5739303231239319
1136517379,cal,0,0,0.4251573085784912,0.5748426914215088
1228921976,cal,0,0,0.42342016100883484,0.5765798091888428
637627495,cal,1,0,0.4598676562309265,0.5401323437690735
668951775,cal,1,0,0.4403281807899475,0.5596718192100525
2126759811,cal,1,0,0.4574340879917145,0.5425659418106079
525939427,cal,1,0,0.44646528363227844,0.553534746170044
986903848,cal,1,0,0.4228779971599579,0.5771219730377197
1441533762,cal,1,0,0.45722660422325134,0.5427733659744263
1462616156,cal,1,0,0.43152815103530884,0.5684718489646912
1890682725,cal,1,0,0.4490202069282532,0.5509797930717468
15003387,cal,1,0,0.4298151731491089,0.5701848268508911
797388117,cal,1,0,0.4120475947856903,0.5879523754119873
593203196,cal,1,0,0.4329385757446289,0.5670614242553711
1627243602,cal,1,0,0.4411574602127075,0.5588425397872925
233734201,cal,1,0,0.4167413115501404,0.5832586884498596
686864942,cal,1,0,0.4268723130226135,0.5731276869773865
474283644,cal,1,0,0.44060301780700684,0.5593969821929932
921913853,cal,1,0,0.4461907148361206,0.5538092851638794
627126677,cal,1,0,0.4273504912853241,0.5726494789123535
1012937547,cal,1,0,0.4297177791595459,0.5702822208404541
1886581171,cal,1,0,0.43228310346603394,0.5677168965339661
1971014808,cal,1,0,0.4857306480407715,0.5142693519592285
688680294,cal,1,0,0.44524985551834106,0.5547501444816589
839673644,cal,1,0,0.44535890221595764,0.5546411275863647
51930407,cal,1,0,0.4625212550163269,0.5374787449836731
1243820509,cal,1,0,0.46769291162490845,0.5323070883750916
1350114698,cal,1,0,0.4362327754497528,0.5637671947479248
1413366571,cal,1,0,0.4107981324195862,0.5892018675804138
101260102,cal,0,0,0.43230488896369934,0.567695140838623
296932283,cal,0,0,0.41818082332611084,0.5818191766738892
413702014,cal,0,0,0.46827051043510437,0.5317294597625732
710429203,cal,0,0,0.4439071714878082,0.5560928583145142
2108638071,cal,0,0,0.47425204515457153,0.5257479548454285
467373143,cal,1,1,0.5044884085655212,0.5044884085655212
670807206,cal,1,0,0.48092952370643616,0.5190705060958862
929646005,cal,1,0,0.4784659743309021,0.5215340256690979
1615499816,cal,1,1,0.5325863361358643,0.5325863361358643
732284526,cal,1,0,0.43982166051864624,0.5601783394813538
1466354580,cal,1,0,0.4380289316177368,0.5619710683822632
1311256924,cal,1,0,0.429392009973526,0.5706080198287964
1964586703,cal,1,0,0.4400366246700287,0.5599633455276489
2086745040,cal,1,0,0.4382520616054535,0.5617479085922241
54882879,cal,1,0,0.4311443269252777,0.5688556432723999
664387171,cal,1,0,0.4220256805419922,0.5779743194580078
1337888806,cal,1,0,0.4202958047389984,0.5797041654586792
1966406947,cal,1,0,0.4119177460670471,0.5880822539329529
1451282376,test,0,0,0.43058139085769653,0.5694186091423035
1659270683,test,0,0,0.41480201482772827,0.5851979851722717
1686860824,test,0,0,0.4145972430706024,0.5854027271270752
272764226,test,0,0,0.42784345149993896,0.572156548500061
1696558242,test,0,0,0.42115071415901184,0.5788493156433105
935631156,cal,0,0,0.4270859360694885,0.5729140639305115
1387283114,cal,0,0,0.44318151473999023,0.5568184852600098
1391682589,cal,0,0,0.4458005130290985,0.5541994571685791
102417736,cal,0,0,0.40643611550331116,0.5935639142990112
1895920335,cal,0,0,0.4186548590660095,0.5813451409339905
830473458,test,1,0,0.4317188262939453,0.5682811737060547
1532044014,test,1,0,0.43348875641822815,0.5665112733840942
20397031,test,1,0,0.47314947843551636,0.5268505215644836
1486931097,test,1,0,0.45541584491729736,0.5445841550827026
1495263968,test,1,0,0.4451555907726288,0.5548443794250488
224294425,cal,0,0,0.4317351281642914,0.5682648420333862
925458668,cal,0,0,0.44748643040657043,0.552513599395752
503118105,cal,0,0,0.4319201409816742,0.5680798292160034
1247025989,cal,0,0,0.42050960659980774,0.5794904232025146
1492087740,cal,0,0,0.42062512040138245,0.5793749094009399
1914355966,cal,1,0,0.4373491406440735,0.5626508593559265
2044009863,cal,1,0,0.40136751532554626,0.5986324548721313
351005099,cal,1,0,0.4251610040664673,0.5748389959335327
1196314889,cal,1,0,0.4483117461204529,0.5516882538795471
932646015,cal,0,0,0.4355321526527405,0.5644678473472595
1723862344,cal,0,0,0.4112786054611206,0.5887213945388794
506553200,cal,0,0,0.4333796203136444,0.5666203498840332
564199461,cal,0,0,0.4619010090827942,0.5380989909172058
698729898,cal,0,0,0.4581291079521179,0.5418708920478821
200906308,cal,1,0,0.4310106337070465,0.5689893960952759
604538909,cal,1,0,0.4266582429409027,0.5733417272567749
1502102864,cal,1,0,0.44330090284347534,0.5566990971565247
1413842125,cal,1,0,0.46148359775543213,0.5385164022445679
1954464048,cal,1,0,0.4469095468521118,0.5530904531478882
94437215,cal,1,0,0.42804157733917236,0.5719584226608276
1390088954,cal,1,0,0.44075432419776917,0.5592457056045532
1514942471,cal,1,0,0.4159931242465973,0.5840069055557251
279759020,cal,1,0,0.42510661482810974,0.5748933553695679
733789811,cal,1,0,0.43647876381874084,0.5635212659835815
1601927595,cal,1,0,0.44490042328834534,0.555099606513977
315585225,cal,0,0,0.4343681335449219,0.5656318664550781
1230647392,cal,0,0,0.44403573870658875,0.5559642314910889
207169829,cal,0,0,0.4277874529361725,0.5722125768661499
1258301256,cal,0,0,0.44145700335502625,0.5585429668426514
359814611,cal,0,0,0.4406241178512573,0.5593758821487427
1317074661,cal,0,0,0.4366428256034851,0.5633571743965149
826006144,cal,0,0,0.4040006995201111,0.5959993004798889
1129027877,cal,0,0,0.42407041788101196,0.575929582118988
1139788760,cal,0,0,0.4178033173084259,0.5821967124938965
45160772,cal,1,0,0.43132880330085754,0.5686712265014648
1473666648,cal,1,0,0.4388697147369385,0.5611302852630615
403971614,cal,1,0,0.43253782391548157,0.5674622058868408
1741551953,cal,1,0,0.4280799627304077,0.5719200372695923
1793568749,cal,1,0,0.41161540150642395,0.5883846282958984
1382651646,cal,1,0,0.421692818403244,0.5783071517944336
1496487770,cal,1,0,0.44545212388038635,0.554547905921936
1113532726,cal,1,0,0.4424452781677246,0.5575547218322754
1511086839,cal,1,0,0.4237900972366333,0.5762099027633667
1868555481,cal,1,0,0.42021092772483826,0.5797890424728394
1995619744,test,0,0,0.433943510055542,0.566056489944458
2027977222,test,0,0,0.4518343210220337,0.5481656789779663
328672279,test,0,0,0.41750529408454895,0.5824947357177734
544551123,test,0,0,0.43255943059921265,0.5674405694007874
430758397,cal,1,0,0.4116186797618866,0.588381290435791
1823574094,cal,1,0,0.44165554642677307,0.5583444833755493
363413530,cal,1,0,0.44601982831954956,0.5539801716804504
2035649290,cal,1,0,0.4467827379703522,0.5532172918319702
863999353,cal,0,0,0.4410056173801422,0.5589944124221802
936994890,cal,0,0,0.43571925163269043,0.5642807483673096
1004238636,cal,0,0,0.435375452041626,0.564624547958374
1017803100,cal,0,0,0.42614006996154785,0.5738599300384521
1410546163,cal,0,0,0.433665007352829,0.5663349628448486
1801530228,test,0,0,0.4465305507183075,0.5534694194793701
2113675713,test,0,0,0.45090964436531067,0.5490903854370117
307814419,test,0,0,0.43327656388282776,0.5667234659194946
970238266,test,0,0,0.41673246026039124,0.5832675695419312
370051058,cal,1,0,0.43862077593803406,0.5613791942596436
1237427569,cal,1,0,0.4301760792732239,0.5698239207267761
390873509,cal,1,0,0.4308604598045349,0.5691395401954651
529737024,cal,1,0,0.4032059609889984,0.5967940092086792
1598598325,cal,1,0,0.41567903757095337,0.5843209624290466
1464197046,cal,0,0,0.45721349120140076,0.5427864789962769
2051471478,cal,0,0,0.44326508045196533,0.5567349195480347
743201711,cal,0,0,0.4155973792076111,0.5844026207923889
1270635927,cal,0,0,0.4397473931312561,0.5602526068687439
1840928468,cal,0,0,0.4361884295940399,0.5638115406036377
140266683,cal,1,0,0.4456656873226166,0.554334282875061
1348809197,cal,1,0,0.43106526136398315,0.5689347386360168
1851984766,cal,1,0,0.4247208833694458,0.5752791166305542
915559532,cal,1,0,0.43258336186408997,0.5674166679382324
1954275718,cal,1,0,0.42650726437568665,0.5734927654266357
678937403,test,0,0,0.4246874749660492,0.5753124952316284
1194155052,test,0,0,0.4146023690700531,0.5853976011276245
1854815281,test,0,0,0.4066668152809143,0.5933331847190857
1970178968,test,0,0,0.42484137415885925,0.5751585960388184
245290150,test,0,0,0.4551185667514801,0.5448814630508423
490606769,test,0,0,0.43278560042381287,0.5672143697738647
1490034513,test,0,0,0.4469263553619385,0.5530736446380615
1490167016,test,0,0,0.4414898455142975,0.5585101842880249
1617137345,test,0,0,0.44199350476264954,0.5580065250396729
1290216893,cal,1,0,0.42539238929748535,0.5746076107025146
2086919423,cal,1,0,0.40812474489212036,0.5918752551078796
377279892,cal,1,0,0.44655776023864746,0.5534422397613525
857067635,cal,1,0,0.4284067451953888,0.5715932846069336
229698633,cal,0,0,0.44298017024993896,0.557019829750061
876946571,cal,0,0,0.430223286151886,0.569776713848114
717620898,cal,0,0,0.4169479012489319,0.5830520987510681
819963600,cal,0,0,0.4377366602420807,0.5622633695602417
1169715524,cal,0,0,0.4159267544746399,0.5840732455253601
717505161,cal,1,0,0.4100717306137085,0.5899282693862915
1956396879,cal,1,0,0.43599933385849,0.56400066614151
254889061,cal,1,0,0.43532776832580566,0.5646722316741943
645959365,cal,1,0,0.43507400155067444,0.564926028251648
328338903,cal,0,0,0.47336235642433167,0.5266376733779907
859511441,cal,0,0,0.4591330885887146,0.5408669114112854
1041655461,cal,0,0,0.49798285961151123,0.5020171403884888
1080890643,cal,0,0,0.4720936119556427,0.5279064178466797
1088791540,cal,0,0,0.48117688298225403,0.5188231468200684
1091888703,cal,0,1,0.5337067246437073,0.5337067246437073
725569533,cal,0,0,0.4655681848526001,0.5344318151473999
1389421192,cal,0,0,0.47473928332328796,0.5252606868743896
1100275169,cal,0,0,0.43706485629081726,0.5629351139068604
1448250006,cal,0,1,0.8318315148353577,0.8318315148353577
339904189,cal,1,0,0.4312836825847626,0.568716287612915
1011734583,cal,1,0,0.43431705236434937,0.5656829476356506
1591817651,cal,1,0,0.45636144280433655,0.5436385869979858
1167322490,cal,1,0,0.454502671957016,0.5454972982406616
1755194208,cal,1,0,0.41792336106300354,0.5820766687393188
2091064981,cal,1,0,0.4217231571674347,0.5782768726348877
1287543130,cal,1,0,0.4778364300727844,0.5221635699272156
1633199861,cal,1,0,0.47507956624031067,0.5249204635620117
1648782630,cal,1,1,0.5187658071517944,0.5187658071517944
416904464,cal,1,0,0.4453269839286804,0.5546730160713196
941210795,cal,1,0,0.45549842715263367,0.544501543045044
1517287991,cal,1,0,0.42853569984436035,0.5714643001556396
635294704,cal,1,0,0.42952781915664673,0.5704721808433533
1510826996,cal,1,0,0.4338148236274719,0.5661851763725281
140434864,cal,1,0,0.4481853246688843,0.5518146753311157
1236168241,cal,1,0,0.4534584581851959,0.5465415716171265
98459201,cal,0,0,0.4266708493232727,0.5733291506767273
1602522331,cal,0,0,0.44573503732681274,0.5542649626731873
1792546935,cal,0,0,0.4389152228832245,0.5610847473144531
2117889629,cal,0,0,0.4320578873157501,0.5679421424865723
1252758134,cal,0,0,0.44689691066741943,0.5531030893325806
1576603689,cal,0,0,0.44820964336395264,0.5517903566360474
1661078671,cal,0,0,0.43502485752105713,0.5649751424789429
118942314,cal,0,0,0.4192396402359009,0.5807603597640991
302836014,cal,0,0,0.42932096123695374,0.5706790685653687
723919000,cal,0,0,0.4491215646266937,0.5508784055709839
312180168,cal,0,0,0.47219839692115784,0.5278016328811646
1422495880,cal,0,0,0.4487323760986328,0.5512676239013672
2109729183,cal,0,0,0.4510786235332489,0.5489213466644287
281268966,cal,0,0,0.43334487080574036,0.566655158996582
793322869,cal,0,0,0.4256120026111603,0.5743880271911621
1442684690,cal,0,0,0.44231945276260376,0.5576805472373962
1700935813,cal,0,0,0.4413640797138214,0.558635950088501
1304395339,cal,0,0,0.4343068301677704,0.5656931400299072
1819952969,cal,0,0,0.43287205696105957,0.5671279430389404
1444766660,test,0,0,0.42912012338638306,0.5708798766136169
1482636895,test,0,0,0.4311325252056122,0.5688674449920654
2143479844,test,0,0,0.42531388998031616,0.5746861100196838
1874197897,test,0,0,0.44684717059135437,0.5531527996063232
1874681701,test,0,0,0.442509263753891,0.5574907064437866
467829091,test,0,0,0.43723317980766296,0.5627667903900146
1822515374,test,0,0,0.4459138810634613,0.5540860891342163
187190129,test,0,0,0.42664214968681335,0.5733578205108643
694023056,test,0,0,0.4298856854438782,0.5701143145561218
818879708,test,0,0,0.414777547121048,0.5852224826812744
6709609,test,1,0,0.4285547137260437,0.5714452862739563
215840770,test,1,0,0.42788127064704895,0.5721187591552734
177491473,test,1,0,0.42071351408958435,0.5792864561080933
1312546157,test,1,0,0.4484962522983551,0.5515037775039673
1930930331,test,1,0,0.4090173542499542,0.5909826755523682
263567908,cal,1,0,0.42605337500572205,0.5739465951919556
656097165,cal,1,0,0.4173901677131653,0.5826098322868347
1792080138,cal,1,0,0.42136135697364807,0.5786386728286743
274989520,cal,1,0,0.452709823846817,0.5472902059555054
296726959,cal,1,0,0.4517505466938019,0.5482494831085205
1887383735,cal,1,0,0.4439292848110199,0.5560706853866577
1909727236,cal,1,0,0.4203694462776184,0.5796305537223816
868318743,cal,1,0,0.43830323219299316,0.5616967678070068
1966804014,cal,1,0,0.4315774142742157,0.5684225559234619
1597577281,test,0,0,0.4403323233127594,0.559667706489563
1600562515,test,0,0,0.43398618698120117,0.5660138130187988
133072186,test,0,0,0.4190102517604828,0.5809897184371948
997928982,test,0,0,0.4344050884246826,0.5655949115753174
1233344454,test,0,0,0.42301443219184875,0.5769855976104736
1413705422,cal,1,0,0.4263994097709656,0.5736005902290344
1463839525,cal,1,0,0.43767091631889343,0.5623290538787842
692385814,cal,1,0,0.4227394759654999,0.5772604942321777
715690326,cal,1,0,0.41250696778297424,0.5874930620193481
131055749,cal,1,0,0.4847070574760437,0.5152929425239563
2027772109,cal,1,0,0.47823742032051086,0.5217626094818115
1385620484,cal,1,0,0.4643228054046631,0.5356771945953369
1482439336,cal,1,0,0.4471355378627777,0.5528644323348999
1189991461,test,0,0,0.42976054549217224,0.5702394247055054
1616755366,test,0,0,0.4106396436691284,0.5893603563308716
401181500,test,0,0,0.43910059332847595,0.5608993768692017
914071190,test,0,0,0.4443209171295166,0.5556790828704834
646013583,cal,1,0,0.43800994753837585,0.5619900226593018
1415827741,cal,1,0,0.4412023425102234,0.5587976574897766
192769810,cal,1,0,0.4264630079269409,0.5735369920730591
518987553,cal,1,0,0.4229821264743805,0.5770179033279419
1483003704,cal,1,0,0.42295581102371216,0.5770441889762878
1200770946,cal,0,0,0.41886624693870544,0.5811337232589722
2077153957,cal,0,0,0.4348933696746826,0.5651066303253174
1616039919,cal,0,0,0.43208062648773193,0.5679193735122681
1815868287,cal,0,0,0.44614994525909424,0.5538500547409058
1955295882,cal,0,0,0.4369859993457794,0.563014030456543
463860880,cal,0,0,0.445882648229599,0.5541173219680786
477759202,cal,0,0,0.4477836787700653,0.5522162914276123
1471357851,cal,0,0,0.43722212314605713,0.5627778768539429
2081039338,cal,0,0,0.4380291700363159,0.5619708299636841
2107336038,cal,0,0,0.4299134612083435,0.5700865387916565
477986998,cal,1,0,0.44060540199279785,0.5593945980072021
1005861267,cal,1,0,0.4386039078235626,0.5613961219787598
153648592,cal,1,0,0.4396144151687622,0.5603855848312378
1451154763,cal,1,0,0.421724408864975,0.5782755613327026
286221990,cal,1,0,0.40160897374153137,0.598391056060791
992775426,cal,1,0,0.4311124384403229,0.5688875913619995
1012549179,cal,1,0,0.41594070196151733,0.5840592980384827
714819057,cal,1,0,0.46148425340652466,0.5385157465934753
1369897712,cal,1,0,0.4407005310058594,0.5592994689941406
328254457,cal,1,0,0.45891374349594116,0.5410862565040588
521849962,cal,1,0,0.4352436661720276,0.5647563338279724
884351550,cal,1,0,0.4560738503932953,0.5439261198043823
2090052396,cal,1,0,0.450364887714386,0.549635112285614
169932945,cal,1,0,0.4169638752937317,0.5830361247062683
294208764,cal,1,0,0.4260174632072449,0.5739825367927551
311434476,cal,1,0,0.40060755610466003,0.5993924140930176
463564233,cal,1,0,0.4065338373184204,0.5934661626815796
688370663,cal,1,0,0.43520379066467285,0.5647962093353271
330675896,cal,0,0,0.44570112228393555,0.5542988777160645
1325437041,cal,0,0,0.4309806525707245,0.5690193176269531
1652761678,cal,0,0,0.4374174475669861,0.5625825524330139
1007159393,cal,0,0,0.4409838020801544,0.559016227722168
1466668858,cal,0,0,0.4464159309864044,0.553584098815918
571205233,test,1,0,0.43606677651405334,0.563933253288269
1694459450,test,1,0,0.4474527835845947,0.5525472164154053
1426845236,test,1,0,0.4227197766304016,0.5772802233695984
1483784224,test,1,0,0.4189569354057312,0.5810430645942688
126260437,cal,0,0,0.40563562512397766,0.5943644046783447
423103974,cal,0,0,0.4120076894760132,0.5879923105239868
739525513,cal,0,0,0.4393036663532257,0.5606963634490967
1471402125,cal,0,0,0.42856648564338684,0.5714335441589355
2106297317,cal,0,0,0.4175127148628235,0.5824872851371765
696887277,cal,0,0,0.4440612196922302,0.5559387803077698
857727822,cal,0,0,0.43964335322380066,0.560356616973877
898336604,cal,0,0,0.4477611184120178,0.5522388815879822
1332778101,cal,0,0,0.44164443016052246,0.5583555698394775
1775630980,cal,0,0,0.43196120858192444,0.568038821220398
243490333,cal,0,0,0.43060702085494995,0.56939297914505
906994744,cal,0,0,0.42472827434539795,0.575271725654602
1712938604,cal,0,0,0.43545427918434143,0.564545750617981
1734567963,cal,0,0,0.41402870416641235,0.5859712958335876
446010980,cal,0,0,0.4016360342502594,0.598363995552063
819312325,cal,0,0,0.4213963747024536,0.5786036252975464
2022571586,cal,0,0,0.4153828024864197,0.5846171975135803
2040014227,cal,0,0,0.41913148760795593,0.5808684825897217
1571637521,cal,0,0,0.44712918996810913,0.5528708100318909
2058175793,cal,0,0,0.4216327667236328,0.5783672332763672
509544688,cal,0,0,0.4323209226131439,0.5676790475845337
1911284962,cal,0,0,0.42472219467163086,0.5752778053283691
1539627450,cal,1,0,0.42819756269454956,0.5718024373054504
1897680899,cal,1,0,0.4577438235282898,0.5422561764717102
826159474,cal,1,0,0.44471415877342224,0.5552858114242554
1048172119,cal,1,0,0.4009339511394501,0.5990660190582275
181373695,test,1,0,0.4327891767024994,0.5672107934951782
905126843,test,1,0,0.4728461503982544,0.5271538496017456
1840245325,test,1,0,0.4352850317955017,0.5647149682044983
502540952,test,1,0,0.4154447913169861,0.5845552086830139
1104033759,test,1,0,0.4439419209957123,0.5560580492019653
391231829,cal,1,0,0.44924184679985046,0.5507581233978271
809534962,cal,1,0,0.43915337324142456,0.5608466267585754
1307175424,cal,1,0,0.41099831461906433,0.5890016555786133
404896658,cal,1,0,0.45786911249160767,0.5421308875083923
666027886,cal,1,0,0.45525410771369934,0.544745922088623
2045574612,cal,1,0,0.42902854084968567,0.5709714889526367
415774191,cal,0,0,0.4293389320373535,0.5706610679626465
919560152,cal,0,0,0.4412843883037567,0.5587155818939209
515228787,cal,0,0,0.4179370403289795,0.5820629596710205
848155487,cal,0,0,0.4137369394302368,0.5862630605697632
1184643337,cal,0,0,0.42840808629989624,0.5715919137001038
640610737,cal,1,0,0.4360807538032532,0.5639192461967468
930355987,cal,1,0,0.43906107544898987,0.5609389543533325
1276638552,cal,1,0,0.4430803954601288,0.5569195747375488
1096583597,cal,1,0,0.4146963655948639,0.5853036642074585
1143350452,cal,1,0,0.4245820641517639,0.5754179358482361
1607402289,cal,1,0,0.4213654398918152,0.5786345601081848
1395850110,cal,0,0,0.44179767370224,0.55820232629776
2019824463,cal,0,0,0.45449599623680115,0.5455039739608765
99407783,cal,0,0,0.43975692987442017,0.5602430701255798
151461395,cal,0,0,0.43956610560417175,0.5604338645935059
1158721094,cal,0,0,0.435329407453537,0.5646705627441406
1047605155,test,0,0,0.4257649779319763,0.5742350220680237
1198642748,test,0,0,0.46549975872039795,0.534500241279602
95276683,test,0,0,0.4624406695365906,0.5375593304634094
1762288468,test,0,0,0.3965747654438019,0.6034252643585205
1590580552,cal,1,0,0.4451470375061035,0.5548529624938965
1899370679,cal,1,0,0.44325628876686096,0.5567437410354614
1021354032,cal,1,0,0.44531306624412537,0.5546869039535522
1345031032,cal,1,0,0.44970813393592834,0.550291895866394
1342703209,test,0,0,0.4930803179740906,0.5069196820259094
1485611061,test,0,0,0.4747592508792877,0.5252407789230347
1923046542,test,0,1,0.5025001764297485,0.5025001764297485
735831813,test,0,0,0.49363309144973755,0.5063669085502625
1391521805,test,0,0,0.49373185634613037,0.5062681436538696
1162930913,cal,1,0,0.4255835711956024,0.5744163990020752
1378505216,cal,1,0,0.4364445209503174,0.5635554790496826
1865811911,cal,1,0,0.44346699118614197,0.5565329790115356
431198962,cal,1,0,0.4389171004295349,0.5610828995704651
1430031859,cal,1,0,0.43764859437942505,0.562351405620575
1538707905,cal,1,0,0.44289013743400574,0.5571098327636719
1608325877,cal,1,0,0.41663384437561035,0.5833661556243896
1706912083,cal,0,0,0.4456639587879181,0.5543360710144043
1803131697,cal,0,0,0.43148842453956604,0.5685116052627563
490591848,cal,0,0,0.43250754475593567,0.5674924850463867
1503523318,cal,0,0,0.42056888341903687,0.5794311165809631
8358539,cal,1,0,0.4361765384674072,0.5638234615325928
1184971174,cal,1,0,0.4395022690296173,0.5604977607727051
1085868869,cal,1,0,0.44608643651008606,0.5539135932922363
1982976438,cal,1,0,0.4439542293548584,0.5560457706451416
67830238,cal,1,0,0.43521037697792053,0.5647896528244019
2074428867,cal,1,0,0.4400443434715271,0.5599556565284729
109604718,cal,1,0,0.4324021637439728,0.5675978660583496
927920557,cal,1,0,0.418267160654068,0.5817328691482544
1233854740,cal,0,0,0.44698458909988403,0.553015410900116
1247085045,cal,0,0,0.43727898597717285,0.5627210140228271
1400440783,cal,0,0,0.40920695662498474,0.5907930135726929
1482435281,cal,0,0,0.45281538367271423,0.5471845865249634
384844277,cal,0,0,0.4362224340438843,0.5637775659561157
635983339,cal,0,0,0.46476730704307556,0.535232663154602
330698726,cal,0,0,0.42870810627937317,0.5712919235229492
586569151,cal,0,0,0.44309577345848083,0.5569041967391968
1084861514,cal,0,0,0.438081830739975,0.5619181394577026
2064032548,cal,0,0,0.4290086030960083,0.5709913969039917
663819209,cal,0,0,0.42724135518074036,0.572758674621582
892381561,cal,0,0,0.435370534658432,0.5646294355392456
1343008013,cal,0,0,0.4176993668079376,0.5823006629943848
500020227,cal,0,0,0.4281110465526581,0.5718889236450195
1045847815,cal,0,0,0.4119201600551605,0.5880798101425171
1008605999,cal,0,0,0.43306460976600647,0.5669354200363159
1887971811,cal,0,0,0.42854297161102295,0.571457028388977
897933939,cal,1,0,0.4280656576156616,0.5719343423843384
1220795778,cal,1,0,0.45433032512664795,0.545669674873352
1364875905,cal,1,0,0.4186040461063385,0.5813959836959839
1908356738,cal,1,0,0.430471271276474,0.5695286989212036
1676828541,cal,1,0,0.43211111426353455,0.5678888559341431
1783086839,cal,1,0,0.40392446517944336,0.5960755348205566
476235235,cal,1,0,0.4425216615200043,0.5574783086776733
987633153,cal,1,0,0.4353419542312622,0.5646580457687378
1237186296,test,1,0,0.4215737283229828,0.5784262418746948
1484642858,test,1,0,0.43047693371772766,0.5695230960845947
1735008153,test,1,0,0.428019642829895,0.571980357170105
1793212738,test,1,0,0.4263535141944885,0.5736464858055115
921801722,test,1,0,0.4342987537384033,0.5657012462615967
1363451092,test,1,0,0.4392396807670593,0.5607603192329407
1644081226,test,1,0,0.4401651918888092,0.5598348379135132
1665869728,test,1,0,0.43889644742012024,0.5611035823822021
1615837879,test,0,0,0.44531306624412537,0.5546869039535522
1946247399,test,0,0,0.48716261982917786,0.5128374099731445
192129090,test,0,0,0.42100027203559875,0.5789997577667236
2001844044,test,0,0,0.4412425756454468,0.5587574243545532
624165549,cal,0,0,0.43782728910446167,0.5621727108955383
704645103,cal,0,0,0.41539764404296875,0.5846023559570312
412562771,cal,0,0,0.4214257597923279,0.5785742402076721
1436150449,cal,0,0,0.4416104853153229,0.5583895444869995
569279821,cal,1,0,0.4280976951122284,0.5719022750854492
804738430,cal,1,0,0.4344562292098999,0.5655437707901001
2014828234,cal,1,0,0.401192307472229,0.598807692527771
1592936839,cal,1,0,0.4438591003417969,0.5561408996582031
1668239286,cal,1,0,0.43534132838249207,0.5646586418151855
1685906804,cal,1,0,0.46101894974708557,0.5389810800552368
1445662471,cal,0,0,0.49351558089256287,0.5064843893051147
1449415961,cal,0,0,0.4890056848526001,0.5109943151473999
586303918,cal,0,0,0.47876474261283875,0.5212352275848389
613545946,cal,0,0,0.48688262701034546,0.5131173729896545
1106973165,cal,0,0,0.48106271028518677,0.5189372897148132
1564072143,cal,0,0,0.48523035645484924,0.5147696733474731
1956307435,cal,0,0,0.47575944662094116,0.5242405533790588
863543333,cal,0,0,0.4313799738883972,0.5686200261116028
877068610,cal,0,0,0.45355933904647827,0.5464406609535217
234004118,cal,0,0,0.4310501515865326,0.568949818611145
404863914,cal,0,0,0.4073337912559509,0.5926662087440491
462292468,cal,0,0,0.4091978967189789,0.5908020734786987
539157506,cal,0,0,0.40162530541419983,0.5983747243881226
1801145182,cal,0,0,0.43625715374946594,0.5637428760528564
1562439439,cal,0,0,0.4547455608844757,0.5452544689178467
1565188082,cal,0,0,0.4448772370815277,0.5551227331161499
1819072936,cal,0,0,0.45180052518844604,0.548199474811554
1826177791,cal,0,0,0.4455379843711853,0.5544620156288147
1801622610,cal,0,0,0.4790848195552826,0.520915150642395
1961295231,cal,0,0,0.44531306624412537,0.5546869039535522
1080373862,cal,0,0,0.44531306624412537,0.5546869039535522
1752069509,cal,0,0,0.46270009875297546,0.5372998714447021
316007020,cal,1,0,0.42721810936927795,0.5727819204330444
665478041,cal,1,0,0.4374680519104004,0.5625319480895996
2068736411,cal,1,0,0.430083304643631,0.5699167251586914
125671732,cal,1,0,0.419206440448761,0.580793559551239
1286346024,cal,1,0,0.4247298836708069,0.5752701163291931
1326893572,cal,1,0,0.42653271555900574,0.5734672546386719
340617960,cal,0,0,0.4410405457019806,0.5589594841003418
954158992,cal,0,0,0.43920376896858215,0.5607962608337402
1715073075,cal,0,0,0.42810243368148804,0.571897566318512
275760678,cal,0,0,0.41785869002342224,0.5821412801742554
817265508,cal,0,0,0.43091902136802673,0.5690809488296509
1081477143,cal,0,0,0.4172622263431549,0.5827378034591675
1731155607,cal,0,0,0.4155803918838501,0.5844196081161499
154074114,cal,1,0,0.4288635551929474,0.571136474609375
1228862430,cal,1,0,0.4258824586868286,0.5741175413131714
1267138778,cal,1,0,0.43999361991882324,0.5600063800811768
1175123221,cal,1,0,0.4065670073032379,0.5934330224990845
1610630254,cal,1,0,0.4284736216068268,0.5715264081954956
1629817227,cal,1,0,0.4260537028312683,0.5739462971687317
2019369136,cal,0,0,0.43644168972969055,0.5635583400726318
2123003592,cal,0,0,0.44244757294654846,0.5575524568557739
269573736,cal,0,0,0.4379161596298218,0.5620838403701782
1183989582,cal,0,0,0.42119014263153076,0.5788098573684692
674717720,cal,0,0,0.4305012822151184,0.5694987177848816
1727356467,cal,0,0,0.4166778028011322,0.5833221673965454
461539118,cal,0,0,0.44899240136146545,0.5510076284408569
868878741,cal,0,0,0.44210749864578247,0.5578925013542175
114562861,cal,0,0,0.4430447220802307,0.5569552779197693
516734688,cal,0,0,0.43950021266937256,0.5604997873306274
612896699,cal,0,0,0.41697585582733154,0.5830241441726685
749307238,cal,0,0,0.43231117725372314,0.5676888227462769
944412052,cal,0,0,0.44382983446121216,0.5561701655387878
670910414,test,0,0,0.44065409898757935,0.5593459010124207
1883289719,test,0,0,0.4327687621116638,0.5672312378883362
143692956,test,0,0,0.4331459105014801,0.5668541193008423
1243581779,test,0,0,0.4225706458091736,0.5774293541908264
259090622,cal,1,0,0.4276944696903229,0.5723055601119995
757398629,cal,1,0,0.4361894726753235,0.5638105273246765
558494954,cal,1,0,0.43240708112716675,0.5675929188728333
1927324962,cal,1,0,0.4224730432033539,0.5775269269943237
464233349,test,0,0,0.4355710744857788,0.5644289255142212
485668007,test,0,0,0.4219576418399811,0.5780423879623413
693829796,test,0,0,0.4157736897468567,0.5842263102531433
84495334,test,0,0,0.43325579166412354,0.5667442083358765
331933117,test,0,0,0.43672436475753784,0.5632756352424622
1775123300,test,0,0,0.43132519721984863,0.5686748027801514
550640183,cal,0,0,0.43609827756881714,0.5639017224311829
1200747180,cal,0,0,0.43602249026298523,0.5639774799346924
536435607,cal,0,0,0.4285908341407776,0.5714091658592224
1137033931,cal,0,0,0.4143880009651184,0.5856119990348816
1531891282,cal,0,0,0.437419593334198,0.562580406665802
1507978155,cal,1,0,0.44119566679000854,0.5588043332099915
1720170829,cal,1,0,0.44450828433036804,0.5554916858673096
733278421,cal,1,0,0.4235253930091858,0.5764746069908142
1124315314,cal,1,0,0.4240485429763794,0.5759514570236206
75453643,cal,1,0,0.4438070058822632,0.5561929941177368
410418278,cal,1,0,0.43748900294303894,0.5625109672546387
340873376,cal,1,0,0.420529842376709,0.579470157623291
938085887,cal,1,0,0.43489590287208557,0.5651041269302368
581529691,test,0,0,0.42742934823036194,0.5725706815719604
1444491611,test,0,0,0.414298415184021,0.585701584815979
1638995820,test,0,0,0.41766396164894104,0.5823360681533813
1909467256,test,0,0,0.44198182225227356,0.5580182075500488
186542720,test,0,0,0.4390265941619873,0.5609734058380127
869465692,test,0,0,0.4314351975917816,0.568564772605896
1216743133,test,0,0,0.4341665804386139,0.5658334493637085
1822937251,test,0,0,0.4363694489002228,0.5636305809020996
214288557,cal,1,0,0.4638468623161316,0.5361531376838684
1886135112,cal,1,0,0.45512300729751587,0.5448769927024841
1966578098,cal,1,0,0.4441402554512024,0.5558597445487976
812679384,cal,1,0,0.44522184133529663,0.5547781586647034
932850854,cal,1,0,0.434542179107666,0.565457820892334
1206794647,test,0,0,0.4141007363796234,0.5858992338180542
1364187617,test,0,0,0.4486949145793915,0.5513050556182861
2028293961,test,0,0,0.4480101466178894,0.5519898533821106
86514947,test,0,0,0.46397241950035095,0.5360275506973267
264466286,test,0,0,0.4550296366214752,0.5449703931808472
1964001320,test,0,0,0.4428577125072479,0.5571422576904297
262866207,cal,0,0,0.4454899728298187,0.5545099973678589
685103930,cal,0,0,0.4270521402359009,0.5729478597640991
822968630,cal,0,0,0.46829953789711,0.5317004919052124
1187032979,cal,0,0,0.47630882263183594,0.5236911773681641
841536964,cal,0,0,0.41280263662338257,0.5871973633766174
1063014706,cal,0,0,0.4501730799674988,0.5498269200325012
1143447803,cal,0,0,0.43899884819984436,0.561001181602478
1450443663,cal,0,0,0.4512788951396942,0.5487210750579834
444365921,cal,1,0,0.43532252311706543,0.5646774768829346
1684851144,cal,1,0,0.44942712783813477,0.5505728721618652
267975905,cal,1,0,0.42306622862815857,0.576933741569519
1157777153,cal,1,0,0.4377978444099426,0.5622021555900574
274674161,test,1,0,0.44084101915359497,0.559158980846405
1953229819,test,1,0,0.4476618766784668,0.5523381233215332
8038644,test,1,0,0.40962299704551697,0.5903769731521606
1311952752,test,1,0,0.43762433528900146,0.5623756647109985
1855316219,test,1,0,0.4116523265838623,0.5883476734161377
1204027845,test,1,0,0.4373606741428375,0.5626393556594849
1367442455,test,1,0,0.4116881489753723,0.5883118510246277
350846659,test,1,0,0.4421660006046295,0.5578340291976929
1897717426,test,1,0,0.44297778606414795,0.557022213935852
69374228,cal,1,0,0.43988853693008423,0.5601114630699158
306865987,cal,1,0,0.4446222484111786,0.555377721786499
1881490967,cal,1,0,0.42407116293907166,0.575928807258606
14771013,cal,1,0,0.42531484365463257,0.5746851563453674
1306078303,cal,1,0,0.41996365785598755,0.5800363421440125
1459228850,cal,1,0,0.4185299277305603,0.5814700722694397
1507275789,cal,0,0,0.44938182830810547,0.5506181716918945
1925841866,cal,0,0,0.42415207624435425,0.5758479237556458
1005046364,cal,0,0,0.42096439003944397,0.5790356397628784
1316970189,cal,0,0,0.4297829866409302,0.5702170133590698
1981072647,cal,0,0,0.4355947971343994,0.5644052028656006
558552648,cal,0,0,0.4358258545398712,0.5641741752624512
1314743828,cal,0,0,0.4351201355457306,0.5648798942565918
1648069336,cal,0,0,0.4383113980293274,0.5616886019706726
167716641,cal,0,0,0.43940049409866333,0.5605995059013367
825964503,cal,0,0,0.4167364239692688,0.5832635760307312
1507522678,cal,0,0,0.4195335805416107,0.5804663896560669
53439839,test,1,0,0.4192012548446655,0.5807987451553345
987971092,test,1,0,0.42872217297554016,0.5712778568267822
667478914,test,1,0,0.4460655152797699,0.5539344549179077
1008247019,test,1,0,0.4259161651134491,0.5740838050842285
1152706670,cal,1,0,0.4236643612384796,0.5763356685638428
1185285247,cal,1,0,0.44493845105171204,0.5550615787506104
156483578,cal,1,0,0.4166777729988098,0.5833222270011902
1538818748,cal,1,0,0.4447783827781677,0.5552216172218323
1839678749,cal,1,0,0.40810102224349976,0.5918989777565002
821712386,test,0,0,0.4326515197753906,0.5673484802246094
1806426271,test,0,0,0.43482235074043274,0.5651776790618896
199930639,test,0,0,0.42374318838119507,0.5762568116188049
1551461520,test,0,0,0.4172816276550293,0.5827183723449707
845708188,cal,0,0,0.45337939262390137,0.5466206073760986
2103367290,cal,0,1,0.514563798904419,0.514563798904419
459431165,cal,0,1,0.5292453765869141,0.5292453765869141
618030178,cal,0,0,0.435932457447052,0.564067542552948
438514068,cal,0,0,0.4269753396511078,0.5730246305465698
1437045436,cal,0,0,0.4338183104991913,0.5661816596984863
647847146,cal,0,0,0.4189321994781494,0.5810678005218506
2118749599,cal,0,0,0.40378445386886597,0.596215546131134
1156988266,test,0,0,0.4223257005214691,0.5776742696762085
1685859255,test,0,0,0.4512532651424408,0.5487467050552368
462794046,test,0,0,0.4203576147556305,0.5796424150466919
493187957,test,0,0,0.450195848941803,0.549804151058197
320117024,test,1,0,0.44123196601867676,0.5587680339813232
1095126044,test,1,0,0.4201413094997406,0.579858660697937
1966354375,test,1,0,0.43302786350250244,0.5669721364974976
294773451,test,1,0,0.43869006633758545,0.5613099336624146
515952558,test,1,0,0.3977676331996918,0.6022323369979858
769481342,test,1,0,0.4208226203918457,0.5791773796081543
1413337594,cal,1,0,0.429372102022171,0.5706279277801514
2135478480,cal,1,0,0.44041934609413147,0.5595806837081909
205981472,cal,1,0,0.41139090061187744,0.5886090993881226
427909693,cal,1,0,0.43147012591362,0.5685298442840576
1815244113,cal,1,0,0.420787513256073,0.579212486743927
1596738808,cal,0,1,0.5710999369621277,0.5710999369621277
1750908524,cal,0,1,0.5155945420265198,0.5155945420265198
771333009,cal,0,1,0.5373036861419678,0.5373036861419678
1929406731,cal,0,0,0.4953369200229645,0.5046631097793579
262695887,cal,0,0,0.4394208788871765,0.5605791211128235
1868663348,cal,0,0,0.4328404366970062,0.5671595335006714
1193902647,cal,0,0,0.42695900797843933,0.5730409622192383
1439551596,cal,0,0,0.4336238503456116,0.5663761496543884
1109661173,cal,0,0,0.43648481369018555,0.5635151863098145
1753561408,cal,0,0,0.44040051102638245,0.5595995187759399
40580397,cal,0,0,0.4232792556285858,0.5767207145690918
1576344257,cal,0,0,0.41651105880737305,0.583488941192627
1911118071,cal,1,0,0.44309303164482117,0.5569069385528564
1979623028,cal,1,0,0.43740716576576233,0.5625928640365601
715321439,cal,1,0,0.4334399402141571,0.5665600299835205
1511749844,cal,1,0,0.4338667094707489,0.5661332607269287
1129998950,cal,0,0,0.4135187566280365,0.5864812135696411
1930908854,cal,0,0,0.43276339769363403,0.567236602306366
601721717,cal,0,0,0.44087567925453186,0.5591243505477905
1943900605,cal,0,0,0.43404990434646606,0.5659500956535339
319249683,cal,0,0,0.4260837435722351,0.5739162564277649
517732811,cal,0,0,0.42862415313720703,0.571375846862793
809943690,cal,0,0,0.4366685748100281,0.5633314251899719
1312837055,cal,0,0,0.42487525939941406,0.5751247406005859
1483461368,cal,0,0,0.4360346496105194,0.5639653205871582
814796307,cal,0,0,0.4207036793231964,0.579296350479126
1009162490,cal,0,0,0.4292747676372528,0.5707252025604248
1312754333,cal,0,0,0.41808369755744934,0.581916332244873
1618020052,cal,0,0,0.4374823570251465,0.5625176429748535
1915845703,cal,0,0,0.40264567732810974,0.5973542928695679
342552648,cal,0,0,0.43035343289375305,0.5696465969085693
542854494,cal,0,0,0.41595086455345154,0.5840491056442261
1726657407,cal,0,0,0.4357433021068573,0.5642566680908203
1741098458,cal,0,0,0.43183964490890503,0.568160355091095
625554983,cal,0,0,0.4240258038043976,0.5759742259979248
787241695,cal,0,0,0.4510202705860138,0.5489797592163086
1186231740,cal,0,0,0.43488654494285583,0.5651134252548218
1970100170,cal,0,0,0.4485127031803131,0.5514873266220093
2019061714,cal,0,0,0.45927873253822327,0.5407212972640991
2064426251,cal,0,0,0.44259586930274963,0.5574041604995728
79024318,cal,0,0,0.4313370883464813,0.5686628818511963
180199428,cal,0,0,0.42738762497901917,0.5726124048233032
494337011,cal,0,0,0.4308522045612335,0.5691478252410889
910866199,cal,0,0,0.43402978777885437,0.5659701824188232
1263774737,cal,0,0,0.43969446420669556,0.5603055357933044
1653763927,cal,0,0,0.40275105834007263,0.597248911857605
1813221505,cal,0,0,0.43767765164375305,0.5623223781585693
1274489190,cal,0,0,0.4415801763534546,0.5584198236465454
2125930962,cal,0,0,0.44073358178138733,0.5592664480209351
57447915,cal,1,0,0.4500954747200012,0.5499045252799988
261951487,cal,1,0,0.42774903774261475,0.5722509622573853
556726603,cal,1,0,0.4273378551006317,0.5726621150970459
656414334,cal,1,0,0.43197089433670044,0.5680291056632996
1114873338,cal,1,0,0.41497454047203064,0.585025429725647
99641447,test,0,0,0.44531306624412537,0.5546869039535522
714096565,test,0,0,0.4538770318031311,0.5461229681968689
1101357627,test,0,0,0.4551703929901123,0.5448296070098877
1238906512,test,0,0,0.4555293619632721,0.5444706678390503
1951462543,test,0,0,0.44531306624412537,0.5546869039535522
588872062,test,0,0,0.4448471963405609,0.5551527738571167
782712243,test,0,0,0.4521140158176422,0.5478860139846802
837783009,test,0,0,0.4507662057876587,0.5492337942123413
1153345086,test,0,0,0.4462865889072418,0.5537134408950806
28639091,cal,0,0,0.44472038745880127,0.5552796125411987
258293371,cal,0,0,0.4467914402484894,0.553208589553833
707793992,cal,0,0,0.44966116547584534,0.550338864326477
2005051070,cal,0,0,0.4391293227672577,0.5608706474304199
888808642,cal,0,0,0.43019142746925354,0.5698086023330688
1085290197,cal,0,0,0.4261641800403595,0.5738358497619629
1433909801,cal,0,0,0.43773043155670166,0.5622695684432983
1610942978,cal,0,0,0.44366395473480225,0.5563360452651978
260079213,cal,0,0,0.4234921336174011,0.5765078663825989
1857991471,cal,0,0,0.4298943281173706,0.5701056718826294
2004430132,cal,0,0,0.4223540425300598,0.5776459574699402
689094999,cal,0,0,0.42884525656700134,0.5711547136306763
1946830628,cal,0,0,0.44403746724128723,0.5559625625610352
1983840486,cal,0,0,0.433998703956604,0.566001296043396
394798221,test,1,0,0.4936366677284241,0.5063633322715759
1662370751,test,1,0,0.4737967252731323,0.5262032747268677
180630291,test,1,0,0.4934942126274109,0.5065057873725891
1814912794,test,1,0,0.4938480257987976,0.5061519742012024
476821110,cal,1,0,0.4279898703098297,0.5720101594924927
676179342,cal,1,0,0.41039028763771057,0.5896097421646118
567496969,cal,1,0,0.43840834498405457,0.561591625213623
1503364948,cal,1,0,0.4284222424030304,0.571577787399292
1862294544,cal,1,0,0.4341256320476532,0.5658743381500244
655892738,cal,1,0,0.41630029678344727,0.5836997032165527
1970939400,cal,1,0,0.4459221661090851,0.5540778636932373
213095459,cal,1,0,0.4161043167114258,0.5838956832885742
649802037,cal,1,0,0.46567901968955994,0.5343209505081177
665917803,cal,1,0,0.4317595064640045,0.5682405233383179
779681721,cal,0,0,0.41007670760154724,0.5899232625961304
2009095956,cal,0,0,0.44573840498924255,0.5542615652084351
1636016606,cal,0,0,0.4368833303451538,0.5631166696548462
1924927683,cal,0,0,0.431318461894989,0.568681538105011
415040001,cal,0,0,0.4231742024421692,0.5768257975578308
509736195,cal,0,0,0.4078267812728882,0.5921732187271118
1036168952,cal,0,0,0.4230501353740692,0.5769498348236084
1036455783,cal,0,0,0.4186343252658844,0.581365704536438
1277134794,cal,0,0,0.43459609150886536,0.565403938293457
1282767740,cal,0,0,0.4427143633365631,0.5572856664657593
2040231396,cal,0,0,0.43561094999313354,0.5643890500068665
44080732,cal,0,0,0.43264177441596985,0.5673582553863525
1361058467,cal,0,0,0.4355529844760895,0.5644470453262329
1252484510,cal,0,0,0.42110946774482727,0.5788905620574951
1414069259,cal,0,0,0.4183920919895172,0.5816079378128052
1433653577,cal,0,0,0.4293064773082733,0.5706934928894043
144392889,test,1,0,0.4262750744819641,0.5737249255180359
1645764039,test,1,0,0.4358444809913635,0.5641555190086365
307172175,test,1,0,0.4454326629638672,0.5545673370361328
1203897846,test,1,0,0.4408239722251892,0.5591760277748108
972618128,cal,1,0,0.4139631986618042,0.5860368013381958
1722724870,cal,1,0,0.43926864862442017,0.5607313513755798
946326197,cal,1,0,0.46307772397994995,0.53692227602005
1008938049,cal,1,0,0.44588881731033325,0.5541111826896667
1158224659,cal,1,0,0.43405887484550476,0.5659410953521729
1558471205,cal,1,0,0.439224511384964,0.5607755184173584
184765903,cal,1,0,0.4269855320453644,0.573014497756958
577633257,cal,1,0,0.4303534924983978,0.5696464776992798
1051661155,cal,1,0,0.4352070093154907,0.5647929906845093
424665691,test,0,0,0.45037105679512024,0.5496289730072021
1219297863,test,0,0,0.44617727398872375,0.5538227558135986
1989940002,test,0,0,0.4344329833984375,0.5655670166015625
717875506,test,0,0,0.44249653816223145,0.5575034618377686
942113429,test,0,0,0.4371827244758606,0.5628172755241394
1785204550,test,0,0,0.4219305217266083,0.5780694484710693
1915144262,test,0,0,0.4144865870475769,0.5855134129524231
606169294,cal,0,0,0.4411402940750122,0.5588597059249878
875694830,cal,0,0,0.4316096603870392,0.5683903694152832
1542757367,cal,0,0,0.4392978847026825,0.5607020854949951
1899662772,cal,0,0,0.41726362705230713,0.5827363729476929
1298336165,test,1,0,0.4316243827342987,0.5683755874633789
1304742223,test,1,0,0.44836100935935974,0.5516389608383179
1043937268,test,1,0,0.43623077869415283,0.5637692213058472
1318385998,test,1,0,0.4189344644546509,0.5810655355453491
86494532,cal,0,0,0.42737796902656555,0.5726220607757568
990717163,cal,0,0,0.4293542206287384,0.570645809173584
576202428,cal,0,0,0.4146674573421478,0.5853325128555298
1411934798,cal,0,0,0.4229988753795624,0.5770010948181152
1624737203,cal,0,0,0.43515756726264954,0.5648424625396729
2107897536,cal,0,0,0.4328787922859192,0.5671212077140808
1775075022,cal,0,0,0.43269461393356323,0.5673053860664368
1826567385,cal,0,0,0.4151823818683624,0.58481764793396
1261902968,cal,0,0,0.4421727657318115,0.5578272342681885
1694786399,cal,0,0,0.43640807271003723,0.5635919570922852
961165398,cal,0,0,0.44068604707717896,0.559313952922821
2031050520,cal,0,0,0.40408214926719666,0.595917820930481
266491339,cal,1,1,0.5865868926048279,0.5865868926048279
1838768704,cal,1,0,0.4796046018600464,0.5203953981399536
58132425,cal,1,0,0.4122200310230255,0.5877799987792969
355971526,cal,1,0,0.4336203336715698,0.5663796663284302
842119228,cal,1,0,0.447996586561203,0.5520033836364746
84638393,cal,0,0,0.44166460633277893,0.5583354234695435
689507314,cal,0,0,0.43648621439933777,0.5635137557983398
1526661714,cal,0,0,0.4326232075691223,0.5673767924308777
1521934685,cal,0,0,0.44991496205329895,0.5500850677490234
1706040671,cal,0,0,0.4368440806865692,0.5631558895111084
1981166344,cal,0,0,0.43910980224609375,0.5608901977539062
382619801,cal,0,0,0.45153456926345825,0.5484654307365417
594349479,cal,0,0,0.4384755790233612,0.5615243911743164
798991965,cal,0,0,0.4380323886871338,0.5619676113128662
1229490413,cal,0,0,0.4304867386817932,0.5695132613182068
1312089242,cal,0,0,0.4210308790206909,0.5789691209793091
1452492661,cal,0,0,0.43913182616233826,0.5608681440353394
44534892,test,0,0,0.4536362886428833,0.5463637113571167
1261259487,test,0,0,0.4234399199485779,0.5765600800514221
184348571,test,0,0,0.40421581268310547,0.5957841873168945
1431029003,test,0,0,0.4403165280818939,0.5596834421157837
690318599,cal,1,0,0.44034990668296814,0.5596500635147095
2087736309,cal,1,0,0.45674630999565125,0.5432536602020264
1295361113,cal,1,0,0.42144471406936646,0.5785552859306335
1776520698,cal,1,0,0.4382452070713043,0.5617548227310181
83297018,cal,0,0,0.4256618320941925,0.5743381977081299
1267661046,cal,0,0,0.44262754917144775,0.5573724508285522
743492847,cal,0,0,0.4364869296550751,0.5635130405426025
2124992327,cal,0,0,0.42460766434669495,0.5753923654556274
563701362,test,1,0,0.4546920359134674,0.545307993888855
580531781,test,1,0,0.4381200969219208,0.5618798732757568
294027416,test,1,0,0.424037903547287,0.5759620666503906
1056814723,test,1,0,0.42196986079216003,0.5780301094055176
243894962,test,1,0,0.429132342338562,0.570867657661438
388852576,test,1,0,0.4244344234466553,0.5755655765533447
2023635786,test,1,0,0.4170469045639038,0.5829530954360962
256514942,test,1,0,0.43232205510139465,0.5676779747009277
1141954753,test,1,0,0.4619066119194031,0.5380933880805969
1169381738,test,1,0,0.45011329650878906,0.5498867034912109
468265579,cal,0,0,0.43129637837409973,0.5687036514282227
871365777,cal,0,0,0.4455808997154236,0.5544191002845764
1790818978,cal,0,0,0.4296287000179291,0.5703712701797485
132643082,cal,0,0,0.4249895513057709,0.5750104188919067
326771787,cal,0,0,0.4336301386356354,0.566369891166687
842493553,cal,0,0,0.44652441143989563,0.5534756183624268
1263262672,cal,0,0,0.44058918952941895,0.559410810470581
1911885035,cal,0,0,0.44989946484565735,0.550100564956665
285788128,cal,0,0,0.4284164011478424,0.57158362865448
863419705,cal,0,0,0.4333803057670593,0.5666196942329407
17650772,cal,0,0,0.41821831464767456,0.5817816853523254
745242511,cal,0,0,0.4290564954280853,0.5709434747695923
1484733628,cal,0,0,0.4340859353542328,0.5659140348434448
239555629,cal,0,0,0.4495180547237396,0.550481915473938
1413931228,cal,0,0,0.43922463059425354,0.5607753992080688
1505342031,cal,0,0,0.4416685104370117,0.5583314895629883
495378265,cal,0,0,0.4322352707386017,0.5677647590637207
705550992,cal,0,0,0.44367244839668274,0.5563275814056396
1112281356,cal,0,0,0.41494855284690857,0.585051417350769
589355252,cal,0,0,0.427717924118042,0.572282075881958
1222390337,cal,0,0,0.41807565093040466,0.581924319267273
1771134977,cal,0,0,0.42448410391807556,0.575515866279602
1498517690,cal,0,0,0.45221152901649475,0.5477885007858276
1845964323,cal,0,0,0.43477368354797363,0.5652263164520264
769817234,cal,0,0,0.42484450340270996,0.57515549659729
1423692450,cal,0,0,0.4317876398563385,0.5682123899459839
1972490697,cal,0,0,0.4198574423789978,0.5801425576210022
185891621,cal,0,0,0.42505043745040894,0.5749495625495911
203342584,cal,0,0,0.4243444800376892,0.5756555199623108
969117663,cal,0,0,0.42811763286590576,0.5718823671340942
31042607,cal,0,0,0.448578804731369,0.5514211654663086
1082382500,cal,0,0,0.42405420541763306,0.5759457945823669
66441073,cal,1,0,0.4325420558452606,0.567457914352417
875591935,cal,1,0,0.42075976729393005,0.5792402029037476
705325789,cal,1,0,0.4311825633049011,0.5688174366950989
1646635099,cal,1,0,0.4432717561721802,0.5567282438278198
1080832233,cal,0,0,0.4362007677555084,0.563799262046814
1588925280,cal,0,0,0.4348805546760559,0.5651194453239441
132376019,cal,0,0,0.41717883944511414,0.5828211307525635
408162584,cal,0,0,0.4046246111392975,0.5953754186630249
1207797235,cal,0,0,0.4275038540363312,0.5724961757659912
24011738,test,1,0,0.45052477717399597,0.5494751930236816
542158564,test,1,0,0.4244612455368042,0.5755387544631958
1227145819,test,1,0,0.4592811167240143,0.5407189130783081
1542713553,test,1,0,0.46710270643234253,0.5328972935676575
54649644,test,1,0,0.45235100388526917,0.5476490259170532
108779245,test,1,0,0.44613656401634216,0.5538634061813354
545232657,test,1,0,0.4088357388973236,0.591164231300354
1071683632,test,1,0,0.432089239358902,0.5679107904434204
244544261,cal,1,0,0.45625221729278564,0.5437477827072144
1964072705,cal,1,0,0.4319550096988678,0.5680450201034546
1177297860,cal,1,0,0.4579417407512665,0.5420582294464111
1310976956,cal,1,0,0.4151307940483093,0.5848692059516907
1432190374,cal,0,0,0.4412485957145691,0.5587514042854309
1486813355,cal,0,0,0.4431302845478058,0.5568697452545166
1469977784,cal,0,0,0.427236944437027,0.5727630853652954
1935969791,cal,0,0,0.43925240635871887,0.5607476234436035
119224608,cal,0,0,0.42009395360946655,0.5799060463905334
1311590775,cal,0,0,0.4108145236968994,0.5891854763031006
1376184883,cal,0,0,0.4278199076652527,0.5721800923347473
837570216,cal,0,0,0.4523313641548157,0.5476686358451843
937966187,cal,0,0,0.4471703767776489,0.5528296232223511
964467610,cal,0,0,0.4503944516181946,0.5496055483818054
328463145,cal,0,0,0.44531306624412537,0.5546869039535522
837394690,cal,0,0,0.44531306624412537,0.5546869039535522
204293901,cal,0,0,0.44531306624412537,0.5546869039535522
481027105,cal,0,0,0.44531306624412537,0.5546869039535522
304298881,cal,0,0,0.43468886613845825,0.5653111338615417
2011952980,cal,0,0,0.44222092628479004,0.55777907371521
1805960581,cal,0,0,0.42414528131484985,0.5758547186851501
1863697228,cal,0,0,0.4366838335990906,0.5633161664009094
1873228678,test,0,0,0.4305816888809204,0.5694183111190796
1978625257,test,0,0,0.43976840376853943,0.5602315664291382
191189759,test,0,0,0.4485069513320923,0.5514930486679077
310935708,test,0,0,0.4080854654312134,0.5919145345687866
1074189754,cal,0,0,0.42757943272590637,0.572420597076416
1681538528,cal,0,0,0.43943357467651367,0.5605664253234863
1867906724,cal,0,0,0.4341070353984833,0.5658929347991943
976873580,cal,0,0,0.40652695298194885,0.5934730768203735
1450064231,cal,0,0,0.43642523884773254,0.5635747909545898
1188948682,cal,0,0,0.43194079399108887,0.5680592060089111
1923728788,cal,0,0,0.4210257828235626,0.5789742469787598
899252395,cal,0,0,0.4463576078414917,0.5536423921585083
1935638479,cal,0,0,0.4334885776042938,0.5665113925933838
176172857,test,1,0,0.43052127957344055,0.5694787502288818
280167768,test,1,0,0.42989304661750793,0.5701069831848145
456813571,test,1,0,0.4221447706222534,0.5778552293777466
1664220717,test,1,0,0.4090893566608429,0.5909106731414795
1831489158,test,1,0,0.4429059624671936,0.5570940375328064
831123589,test,0,0,0.4372980296611786,0.562701940536499
867600582,test,0,0,0.4339836537837982,0.5660163164138794
1904686812,test,0,0,0.44029760360717773,0.5597023963928223
12162702,test,0,0,0.43441054224967957,0.565589427947998
130702583,test,0,0,0.42052528262138367,0.579474687576294
1059612110,test,0,0,0.4290330111980438,0.5709669589996338
1921583476,test,0,0,0.43963438272476196,0.560365617275238
171623246,cal,0,0,0.4131547510623932,0.5868452787399292
1157550149,cal,0,0,0.4206715524196625,0.5793284177780151
1453039537,cal,0,0,0.44297561049461365,0.557024359703064
1046576701,cal,0,0,0.4325537085533142,0.5674462914466858
1236793229,cal,0,0,0.42477837204933167,0.5752216577529907
642878475,cal,0,0,0.44325944781303406,0.5567405223846436
1174434605,cal,0,0,0.41217154264450073,0.5878284573554993
1147321284,cal,0,0,0.4444998502731323,0.5555001497268677
1867263527,cal,0,0,0.45855429768562317,0.5414457321166992
576409968,cal,0,0,0.4076814651489258,0.5923185348510742
2025868478,cal,0,0,0.4250556528568268,0.5749443769454956
903198579,cal,0,0,0.44107481837272644,0.5589251518249512
1966954142,cal,0,0,0.4343782365322113,0.5656217336654663
351625203,cal,0,0,0.04749767482280731,0.9525023102760315
1400217976,cal,0,0,0.10048883408308029,0.8995111584663391
2024828753,cal,0,0,0.037144243717193604,0.9628557562828064
949184823,cal,0,0,0.024723799899220467,0.9752761721611023
1108829334,cal,0,0,0.08987532556056976,0.910124659538269
1555219451,cal,0,0,0.09715103358030319,0.9028489589691162
50066296,test,0,0,0.03524471074342728,0.9647552967071533
1674866478,test,0,0,0.04225224629044533,0.957747757434845
1706291755,test,0,0,0.04363872855901718,0.9563612937927246
1904476556,test,0,0,0.021142084151506424,0.9788579344749451
2118245913,test,0,0,0.03133870288729668,0.9686613082885742
213980002,test,0,0,0.028211234137415886,0.971788763999939
1379888811,test,0,0,0.014569273218512535,0.9854307174682617
1819124835,test,0,0,0.029689254239201546,0.9703107476234436
297282638,cal,1,1,0.8538353443145752,0.8538353443145752
896073754,cal,1,1,0.9664655923843384,0.9664655923843384
74701004,cal,1,1,0.9652224183082581,0.9652224183082581
1354254984,cal,1,1,0.9723463654518127,0.9723463654518127
1001934603,cal,1,1,0.7950787544250488,0.7950787544250488
1869378096,cal,1,1,0.7419522404670715,0.7419522404670715
523113456,cal,1,1,0.93427973985672,0.93427973985672
557433962,cal,1,1,0.9687484502792358,0.9687484502792358
1079380797,cal,1,1,0.8996756076812744,0.8996756076812744
1232752113,cal,1,1,0.9630566835403442,0.9630566835403442
1050345861,test,0,0,0.397600382566452,0.6023995876312256
1192705244,test,0,0,0.4402519166469574,0.5597480535507202
1990429390,test,0,0,0.28799107670783997,0.7120089530944824
491155635,test,0,0,0.4329143762588501,0.5670856237411499
655534116,test,0,0,0.3815082907676697,0.6184917092323303
974420536,test,0,0,0.3885590434074402,0.6114409565925598
17389378,cal,0,0,0.49552005529403687,0.5044799447059631
454442158,cal,0,0,0.38082435727119446,0.6191756725311279
240718488,cal,0,1,0.7371869087219238,0.7371869087219238
1208724837,cal,0,1,0.8641524910926819,0.8641524910926819
440034773,cal,1,1,0.9616157412528992,0.9616157412528992
689138199,cal,1,1,0.9819481372833252,0.9819481372833252
469973535,cal,1,1,0.9822635054588318,0.9822635054588318
1309747697,cal,1,1,0.986031174659729,0.986031174659729
2047519298,cal,1,1,0.9777037501335144,0.9777037501335144
976572825,test,0,0,0.3697347939014435,0.6302652359008789
1634217451,test,0,0,0.1919189691543579,0.8080810308456421
1167879870,test,0,0,0.010776277631521225,0.9892237186431885
1723511719,test,0,0,0.23713155090808868,0.7628684639930725
137087280,cal,0,0,0.0005322731449268758,0.9994677305221558
583621111,cal,0,0,0.009801223874092102,0.9901987910270691
656330523,cal,0,0,0.0007827451918274164,0.9992172718048096
1603828499,cal,0,0,0.002820448949933052,0.9971795678138733
1870570286,cal,0,0,0.010013807564973831,0.9899861812591553
5186053,cal,0,0,0.030270511284470558,0.969729483127594
914840750,cal,0,0,0.0005985880270600319,0.9994013905525208
1494457072,cal,0,0,4.33616696682293e-05,0.9999566674232483
1804333793,cal,0,0,0.008234405890107155,0.9917656183242798
2067448009,cal,0,0,0.0033889689948409796,0.9966110587120056
840375434,cal,1,1,0.6951371431350708,0.6951371431350708
2100967896,cal,1,1,0.860403299331665,0.860403299331665
941274383,cal,1,1,0.9312151074409485,0.9312151074409485
1006334226,cal,1,1,0.9470579028129578,0.9470579028129578
4596707,test,0,0,0.31673723459243774,0.6832627654075623
1090520916,test,0,0,0.2681118845939636,0.7318881154060364
1301601300,test,0,0,0.47021952271461487,0.5297805070877075
1943278681,test,0,1,0.5607125759124756,0.5607125759124756
811924383,test,0,0,0.2741072475910187,0.7258927822113037
1065008946,test,0,0,0.19122453033924103,0.8087754845619202
1423935903,test,0,0,0.2149907350540161,0.7850092649459839
731552454,cal,1,1,0.9155644178390503,0.9155644178390503
1595504595,cal,1,1,0.9204931855201721,0.9204931855201721
723423923,cal,1,1,0.8262752294540405,0.8262752294540405
1425686591,cal,1,1,0.7947779893875122,0.7947779893875122
1846320694,cal,1,1,0.9433010220527649,0.9433010220527649
887862453,cal,0,0,0.3400990068912506,0.6599010229110718
1878001809,cal,0,0,0.09370478242635727,0.9062952399253845
130979147,cal,0,0,0.08251460641622543,0.9174854159355164
1801374924,cal,0,0,0.0766729861497879,0.9233270287513733
465198714,cal,0,0,0.02404736913740635,0.9759526252746582
1312257531,cal,0,0,0.02451702393591404,0.9754830002784729
1686183485,cal,0,0,0.01366580743342638,0.9863342046737671
217479749,cal,0,0,0.01797613315284252,0.9820238947868347
1315940354,cal,0,0,0.0818220004439354,0.9181780219078064
1705587598,cal,0,0,0.02417883463203907,0.9758211374282837
1097132540,cal,1,1,0.8814542293548584,0.8814542293548584
1329486486,cal,1,1,0.7519118189811707,0.7519118189811707
147113586,cal,1,1,0.5157782435417175,0.5157782435417175
942325715,cal,1,0,0.2888762652873993,0.7111237049102783
333836128,cal,0,0,0.08950964361429214,0.9104903340339661
1295768460,cal,0,0,0.010580586269497871,0.9894194006919861
643091774,cal,0,0,0.1414615511894226,0.8585384488105774
1293978206,cal,0,0,0.01775691658258438,0.9822430610656738
310530469,test,0,0,0.41138994693756104,0.588610053062439
2039865970,test,0,0,0.43097764253616333,0.5690223574638367
876905912,test,0,0,0.4273322522640228,0.5726677179336548
1439679972,test,0,0,0.4377608299255371,0.5622391700744629
104725026,test,1,0,0.3565180003643036,0.643481969833374
1097782313,test,1,0,0.4579031467437744,0.5420968532562256
489190929,test,1,0,0.3351234793663025,0.6648765206336975
1710419413,test,1,0,0.2478034645318985,0.7521965503692627
373418221,cal,0,0,0.0053140828385949135,0.9946858882904053
980414212,cal,0,0,0.007167228497564793,0.9928327798843384
468064913,cal,0,0,0.10657250881195068,0.8934274911880493
625377150,cal,0,0,0.10668683797121048,0.8933131694793701
313182205,cal,1,1,0.6639810800552368,0.6639810800552368
2059332617,cal,1,1,0.6833611726760864,0.6833611726760864
359410081,cal,1,1,0.8438949584960938,0.8438949584960938
1307476428,cal,1,1,0.7911241054534912,0.7911241054534912
987608883,cal,0,1,0.7531726956367493,0.7531726956367493
1381301096,cal,0,0,0.018014434725046158,0.9819855690002441
122302527,cal,0,0,0.0001992576289921999,0.9998007416725159
603642288,cal,0,0,0.01469654031097889,0.9853034615516663
149333672,cal,0,1,0.8513486385345459,0.8513486385345459
280632605,cal,0,1,0.6534395813941956,0.6534395813941956
972385076,cal,0,1,0.6409143805503845,0.6409143805503845
1427107821,cal,0,1,0.8304291367530823,0.8304291367530823
1457913244,cal,0,1,0.8752299547195435,0.8752299547195435
584324014,cal,0,1,0.6907079219818115,0.6907079219818115
1072895377,cal,0,1,0.7837990522384644,0.7837990522384644
1729521289,cal,0,1,0.6801166534423828,0.6801166534423828
2094326105,cal,0,1,0.6379726529121399,0.6379726529121399
2129194215,cal,0,1,0.7808309197425842,0.7808309197425842
1701840479,cal,0,0,0.004981736186891794,0.9950182437896729
2025145279,cal,0,0,0.01092817448079586,0.9890718460083008
591547665,cal,0,0,0.003283511148765683,0.9967164993286133
1352564304,cal,0,0,0.021102428436279297,0.9788975715637207
1409992960,cal,0,1,0.7296361923217773,0.7296361923217773
1582096860,cal,0,0,0.37526991963386536,0.624730110168457
1125049439,cal,0,1,0.7379242777824402,0.7379242777824402
1709177141,cal,0,1,0.7543230652809143,0.7543230652809143
1435450494,cal,0,0,0.024317534640431404,0.9756824374198914
2142268393,cal,0,0,0.009732219390571117,0.9902677536010742
7129514,cal,0,0,0.025544891133904457,0.9744551181793213
323543628,cal,0,0,0.019105862826108932,0.980894148349762
1652759792,cal,0,0,0.012816214002668858,0.9871838092803955
1280725277,cal,0,1,0.7722545862197876,0.7722545862197876
1966039444,cal,0,1,0.882163405418396,0.882163405418396
1125158652,cal,0,0,0.48735135793685913,0.5126486420631409
1170164046,cal,0,1,0.7747004628181458,0.7747004628181458
354868947,cal,1,0,0.21593919396400452,0.7840608358383179
499634877,cal,1,1,0.892723560333252,0.892723560333252
607370759,cal,1,1,0.8955593705177307,0.8955593705177307
717063392,cal,1,0,0.20744454860687256,0.7925554513931274
958493863,cal,1,1,0.768355667591095,0.768355667591095
420002524,cal,1,0,3.385320815141313e-05,0.9999661445617676
631425834,cal,1,0,0.002055975142866373,0.9979439973831177
2022422363,cal,1,0,0.00011595439718803391,0.9998840689659119
638374411,cal,1,0,8.775769856583793e-06,0.999991238117218
1386352377,cal,1,0,9.689522812550422e-06,0.9999902844429016
1577699609,cal,1,0,2.5319269525425625e-07,0.9999997615814209
317479962,cal,0,0,0.09073182940483093,0.9092681407928467
497041821,cal,0,0,0.06996884942054749,0.9300311803817749
755489447,cal,0,0,0.046218328177928925,0.9537816643714905
1150484635,cal,0,0,0.11497128009796143,0.8850287199020386
1286807801,cal,0,0,0.03999708965420723,0.9600028991699219
1335869876,cal,0,0,0.08929412811994553,0.9107058644294739
343846368,cal,0,0,0.0066015287302434444,0.9933984875679016
674811778,cal,0,0,0.012755346484482288,0.9872446656227112
1775147448,cal,0,0,0.02089475467801094,0.9791052341461182
1951049382,cal,0,0,0.024590855464339256,0.9754091501235962
1182251984,cal,0,0,0.02585579641163349,0.9741442203521729
1402481051,cal,0,0,0.005785117857158184,0.9942148923873901
1455822477,cal,0,0,0.0003336083609610796,0.9996663928031921
880971379,cal,0,0,0.08427820354700089,0.9157217741012573
1381741782,cal,0,0,0.0016034534201025963,0.9983965754508972
2124340393,cal,0,0,0.0033373443875461817,0.9966626763343811
472531633,cal,0,0,0.00750660290941596,0.9924933910369873
1260988250,cal,0,0,0.010034838691353798,0.9899651408195496
595561131,cal,0,0,0.0021727774292230606,0.9978272318840027
1943964483,cal,0,0,0.0022359772119671106,0.9977640509605408
1839821365,test,1,1,0.9628514051437378,0.9628514051437378
1956607031,test,1,1,0.9967160224914551,0.9967160224914551
395813975,test,1,1,0.8786489963531494,0.8786489963531494
1447449030,test,1,1,0.8954415917396545,0.8954415917396545
1598001440,test,1,1,0.9833678007125854,0.9833678007125854
316858828,cal,0,0,0.16855406761169434,0.8314459323883057
455894056,cal,0,0,0.2430545538663864,0.7569454312324524
138972646,cal,0,0,0.09467747807502747,0.9053225517272949
1055241270,cal,0,0,0.1277061551809311,0.8722938299179077
1275734041,cal,1,1,0.8579078912734985,0.8579078912734985
2073181720,cal,1,1,0.7058354020118713,0.7058354020118713
769477628,cal,1,0,0.4560585021972656,0.5439414978027344
1498981680,cal,1,1,0.6950663328170776,0.6950663328170776
861593656,test,0,0,0.06923455744981766,0.9307654500007629
1080436989,test,0,0,0.0012396550737321377,0.9987603425979614
494633404,test,0,0,0.013514833524823189,0.9864851832389832
1328305941,test,0,0,0.00021811782789882272,0.9997819066047668
809120662,cal,0,0,0.045472487807273865,0.9545274972915649
1291493541,cal,0,0,0.08150363713502884,0.9184963703155518
1552996904,cal,0,0,0.05592814087867737,0.944071888923645
1415477144,cal,0,0,0.03193298354744911,0.9680669903755188
1481189865,cal,0,0,0.05018297955393791,0.9498170018196106
1719804083,cal,0,0,0.0035968380980193615,0.996403157711029
209297544,cal,1,1,0.6802560091018677,0.6802560091018677
2022230979,cal,1,1,0.6204236745834351,0.6204236745834351
259014189,cal,1,1,0.7201331853866577,0.7201331853866577
1295838199,cal,1,1,0.929092288017273,0.929092288017273
11107689,cal,0,0,0.17486165463924408,0.8251383304595947
684928662,cal,0,1,0.6794981360435486,0.6794981360435486
686173159,cal,0,1,0.6198775768280029,0.6198775768280029
2012061654,cal,0,1,0.5272496938705444,0.5272496938705444
2133284836,cal,1,1,0.6061390042304993,0.6061390042304993
2143336172,cal,1,1,0.700356662273407,0.700356662273407
626175992,cal,1,1,0.8499996066093445,0.8499996066093445
1457141241,cal,1,1,0.789181649684906,0.789181649684906
1348387026,cal,0,0,0.021493684500455856,0.978506326675415
1648231131,cal,0,0,0.02597924880683422,0.974020779132843
1431366764,cal,0,0,0.0017524133436381817,0.9982475638389587
1453580908,cal,0,0,0.012980855070054531,0.9870191216468811
999879746,cal,0,1,0.6538131833076477,0.6538131833076477
1720754625,cal,0,0,0.17153149843215942,0.8284685015678406
310511363,cal,0,0,0.07868209481239319,0.9213179349899292
557657653,cal,0,0,0.1686231791973114,0.8313767910003662
830534281,cal,0,0,0.004348730202764273,0.9956512451171875
368581743,test,1,1,0.5332450866699219,0.5332450866699219
515922744,test,1,1,0.5399940013885498,0.5399940013885498
859390424,test,1,0,0.015948593616485596,0.9840514063835144
1441714018,test,1,0,0.31473079323768616,0.6852692365646362
1526547561,test,1,1,0.5276424884796143,0.5276424884796143
333881445,test,1,0,0.4344016909599304,0.5655983090400696
1447564537,test,1,0,0.0026579296682029963,0.997342050075531
1519044208,test,1,0,0.35855650901794434,0.6414434909820557
1899316554,test,1,1,0.5288075804710388,0.5288075804710388
2129298049,test,1,1,0.5333445072174072,0.5333445072174072
89078419,cal,0,0,0.009785261936485767,0.9902147650718689
1852576752,cal,0,0,0.0068823001347482204,0.9931176900863647
762781849,cal,0,0,0.00895746424794197,0.9910425543785095
1882575059,cal,0,0,0.008029039017856121,0.991970956325531
37180971,cal,0,0,0.002581265289336443,0.9974187612533569
451996944,cal,0,0,0.010273766703903675,0.9897262454032898
1066183342,cal,0,0,0.02665233239531517,0.9733476638793945
250721000,cal,0,0,0.019525300711393356,0.9804747104644775
1894719727,cal,0,0,0.005561274942010641,0.9944387078285217
656167971,cal,0,0,0.01175974402576685,0.9882402420043945
1150079627,cal,0,0,0.01018550992012024,0.9898145198822021
1248256981,cal,0,0,0.008302297443151474,0.9916977286338806
1750870783,cal,0,0,0.005753837060183287,0.9942461848258972
448674237,test,0,0,0.0010706528555601835,0.9989293217658997
655272468,test,0,0,0.0876823216676712,0.91231769323349
1847380970,test,0,0,0.06456997990608215,0.9354300498962402
685676518,test,0,0,0.044726986438035965,0.9552730321884155
751016694,test,0,0,0.10126861929893494,0.8987313508987427
1402632864,test,0,0,0.028042558580636978,0.9719574451446533
75545464,cal,0,0,0.0026970314793288708,0.9973029494285583
555102122,cal,0,0,0.012538420967757702,0.9874615669250488
834604161,cal,0,0,0.05175081640481949,0.9482491612434387
263700115,cal,0,0,0.07505099475383759,0.9249489903450012
485105280,cal,0,0,0.06778834015130997,0.9322116374969482
693854644,cal,0,0,0.11495792865753174,0.8850420713424683
1922546139,cal,0,0,0.018866581842303276,0.9811334013938904
2044128060,cal,0,0,0.08596424013376236,0.9140357375144958
1380781635,cal,0,0,0.014045252464711666,0.985954761505127
1491304433,cal,0,0,0.01537268329411745,0.9846273064613342
455750808,cal,0,0,7.554484909633175e-05,0.9999244809150696
1657048841,cal,0,0,8.198877185350284e-05,0.9999179840087891
1672699229,cal,0,0,2.8878484954475425e-05,0.9999710917472839
1060449744,cal,1,1,0.9075698256492615,0.9075698256492615
1665527327,cal,1,1,0.8430488705635071,0.8430488705635071
13139179,cal,1,1,0.9455602765083313,0.9455602765083313
2019080665,cal,1,1,0.9117730855941772,0.9117730855941772
85289435,test,0,0,0.4840286672115326,0.515971302986145
1184000077,test,0,0,0.3502528965473175,0.6497471332550049
2043086705,test,0,0,0.38218164443969727,0.6178183555603027
20967636,test,0,1,0.5390006899833679,0.5390006899833679
1113085070,test,0,0,0.26950520277023315,0.7304947972297668
788957103,cal,0,0,0.013982861302793026,0.9860171675682068
1529124986,cal,0,0,0.018828842788934708,0.9811711311340332
101316705,cal,0,0,0.052944839000701904,0.9470551609992981
1160156988,cal,0,0,0.020281387493014336,0.9797186255455017
144755236,cal,0,0,0.006890776101499796,0.9931092262268066
1515505198,cal,0,0,0.008833324536681175,0.9911666512489319
1899244345,cal,0,0,0.012653409503400326,0.9873465895652771
924769750,cal,0,0,0.007092639803886414,0.9929073452949524
1539519019,cal,0,0,0.004834185354411602,0.9951658248901367
1870344236,cal,0,0,0.026098014786839485,0.9739019870758057
1193347409,cal,0,0,0.43603160977363586,0.5639684200286865
1929244498,cal,0,0,0.31213778257369995,0.6878622174263
313714727,cal,0,0,0.4669114351272583,0.5330885648727417
1451679574,cal,0,0,0.3502308428287506,0.6497691869735718
731829537,test,1,1,0.9181599617004395,0.9181599617004395
980984755,test,1,1,0.945700466632843,0.945700466632843
1725239353,test,1,1,0.9789645075798035,0.9789645075798035
157848607,test,1,1,0.9144601225852966,0.9144601225852966
394401318,test,1,1,0.9145382046699524,0.9145382046699524
2028207504,test,1,1,0.8419776558876038,0.8419776558876038
231690357,test,0,0,0.25031793117523193,0.7496820688247681
1952123351,test,0,1,0.5061159729957581,0.5061159729957581
292352153,test,0,0,0.30360662937164307,0.6963933706283569
1023386613,test,0,0,0.0070113795809447765,0.992988646030426
827767314,test,1,1,0.9911723732948303,0.9911723732948303
1222115484,test,1,1,0.9645088315010071,0.9645088315010071
34990467,test,1,1,0.9694809913635254,0.9694809913635254
357057875,test,1,1,0.9907001852989197,0.9907001852989197
1911212271,cal,1,1,0.6236711740493774,0.6236711740493774
1997619913,cal,1,0,0.02785685658454895,0.9721431732177734
626089430,cal,1,0,0.00320243532769382,0.9967975616455078
1503937860,cal,1,1,0.506344199180603,0.506344199180603
1387276731,cal,0,0,0.15372304618358612,0.8462769389152527
1454218597,cal,0,0,0.07683465629816055,0.9231653213500977
1832781273,cal,0,0,0.09721720963716507,0.9027827978134155
26979079,cal,0,0,0.007515565026551485,0.992484450340271
606529167,cal,0,0,0.008133317343890667,0.9918667078018188
2127882313,cal,0,0,0.008690775372087955,0.9913092255592346
1568223675,test,0,1,0.6745285391807556,0.6745285391807556
1601991131,test,0,1,0.6714077591896057,0.6714077591896057
1948705183,test,0,1,0.7135363817214966,0.7135363817214966
1214282080,test,0,0,0.24114878475666046,0.7588512301445007
1865585633,test,0,0,0.05051502212882042,0.9494850039482117
1957269164,test,0,0,0.2833278477191925,0.7166721820831299
1487801300,cal,1,1,0.733775794506073,0.733775794506073
1828289470,cal,1,1,0.659382700920105,0.659382700920105
1980634232,cal,1,1,0.7278376817703247,0.7278376817703247
32478934,cal,1,1,0.65524822473526,0.65524822473526
1801789696,cal,1,1,0.8816996812820435,0.8816996812820435
2040689719,cal,1,1,0.6340240240097046,0.6340240240097046
35857619,cal,1,1,0.5680738687515259,0.5680738687515259
1953231213,cal,1,0,0.3561960458755493,0.6438039541244507
310424847,cal,1,1,0.5772040486335754,0.5772040486335754
937143512,cal,1,0,0.33909332752227783,0.6609066724777222
765169629,test,1,0,0.4666551649570465,0.5333448648452759
1276514065,test,1,0,0.34267500042915344,0.657325029373169
367826042,test,1,1,0.5802854895591736,0.5802854895591736
1591474105,test,1,1,0.6517800688743591,0.6517800688743591
728095769,cal,0,0,0.06023290753364563,0.9397671222686768
1304914689,cal,0,0,0.024837085977196693,0.975162923336029
884919911,cal,0,0,0.000551838893443346,0.9994481801986694
1499409468,cal,0,0,0.0016198958037421107,0.9983801245689392
1898048931,cal,0,0,0.018601326271891594,0.9813987016677856
588792398,test,0,0,0.160129576921463,0.8398704528808594
1038633621,test,0,0,0.300858736038208,0.699141263961792
1375170425,test,0,0,0.2384001463651657,0.7615998387336731
1113003215,test,0,0,0.0411737784743309,0.9588262438774109
1388838926,test,0,0,0.043113403022289276,0.9568865895271301
1737279740,test,0,0,0.08601946383714676,0.9139805436134338
1218029741,cal,0,0,0.07082744687795639,0.9291725754737854
1503089216,cal,0,0,0.1802821308374405,0.8197178840637207
184670462,cal,0,0,0.305457204580307,0.6945427656173706
444645067,cal,0,0,0.083647221326828,0.9163527488708496
1121961457,cal,0,0,0.1616259217262268,0.8383740782737732
306563249,cal,0,0,0.00031131983269006014,0.9996886849403381
1676032788,cal,0,0,0.009989118203520775,0.9900108575820923
757474846,cal,0,0,5.365806646295823e-05,0.9999463558197021
1094590675,cal,0,0,4.49699473392684e-05,0.9999550580978394
193300844,cal,1,0,0.47313597798347473,0.5268640518188477
230691265,cal,1,0,0.33504900336265564,0.664950966835022
1638327503,cal,1,0,0.3983531594276428,0.6016468405723572
47808467,cal,1,0,0.09151048958301544,0.9084895253181458
221414555,cal,1,0,0.15238098800182343,0.8476189970970154
1994195689,cal,1,0,0.26716336607933044,0.7328366041183472
358862125,cal,0,0,0.1603170782327652,0.839682936668396
620289571,cal,0,0,0.11597021669149399,0.8840298056602478
669238980,cal,0,0,0.497501403093338,0.5024986267089844
9762896,cal,0,0,0.11294998973608017,0.8870500326156616
296015259,cal,0,0,0.10462398082017899,0.8953760266304016
601092249,cal,0,0,0.12012332677841187,0.8798766732215881
469835883,cal,0,1,0.6408724784851074,0.6408724784851074
1851071368,cal,0,1,0.747139573097229,0.747139573097229
677904237,cal,0,0,0.4841936230659485,0.5158063769340515
791428615,cal,0,1,0.8167166709899902,0.8167166709899902
989204490,cal,1,1,0.8832808136940002,0.8832808136940002
1930191347,cal,1,1,0.6475472450256348,0.6475472450256348
1047187344,cal,1,1,0.556580126285553,0.556580126285553
1423579032,cal,1,1,0.7238448262214661,0.7238448262214661
1444590464,cal,1,1,0.7511608004570007,0.7511608004570007
1796096711,cal,1,1,0.6773650646209717,0.6773650646209717
1940187596,cal,1,1,0.8465124368667603,0.8465124368667603
2072628258,cal,1,1,0.6501626372337341,0.6501626372337341
498670445,cal,0,0,0.016160015016794205,0.9838399887084961
1034353496,cal,0,0,0.04979359731078148,0.9502063989639282
1052964500,cal,0,0,0.010582402348518372,0.9894176125526428
1185349134,cal,0,0,0.003640836803242564,0.9963591694831848
2017553878,cal,0,0,0.059465404599905014,0.9405345916748047
459296727,cal,0,0,0.15610937774181366,0.8438906073570251
1298677090,cal,0,0,0.09667717665433884,0.9033228158950806
351516461,cal,0,0,0.07460958510637283,0.9253904223442078
1475725068,cal,0,0,0.06464769691228867,0.9353523254394531
675214433,cal,0,1,0.6872599720954895,0.6872599720954895
1144693344,cal,0,1,0.7865656614303589,0.7865656614303589
1982528399,cal,0,0,0.21068869531154633,0.7893112897872925
704765363,cal,0,0,0.3107829689979553,0.6892170310020447
2110033391,cal,0,1,0.5923399329185486,0.5923399329185486
20086151,cal,0,0,0.01635967567563057,0.9836403131484985
2068812306,cal,0,0,0.006423435173928738,0.9935765862464905
904105277,cal,0,0,0.001025478821247816,0.9989745020866394
1153855032,cal,0,0,0.0010551329469308257,0.998944878578186
736448877,cal,1,0,0.32965660095214844,0.6703433990478516
1026827895,cal,1,1,0.5216885805130005,0.5216885805130005
475410963,cal,1,0,0.4945495128631592,0.5054504871368408
1070420802,cal,1,1,0.5409488081932068,0.5409488081932068
836548015,test,1,0,0.16368034482002258,0.8363196849822998
907140921,test,1,0,0.37305504083633423,0.6269449591636658
1364844215,test,1,0,0.2136838734149933,0.7863161563873291
1762445904,test,1,0,0.18492300808429718,0.815077006816864
1894222824,test,1,0,0.1973210573196411,0.8026789426803589
901592831,cal,1,1,0.8159646391868591,0.8159646391868591
2100058222,cal,1,1,0.7663309574127197,0.7663309574127197
387012585,cal,1,1,0.6244566440582275,0.6244566440582275
1235570197,cal,1,1,0.5150883197784424,0.5150883197784424
1328072139,cal,1,0,0.36444270610809326,0.6355572938919067
2083134012,cal,1,1,0.5294535160064697,0.5294535160064697
387009159,cal,0,0,0.00036190092214383185,0.9996380805969238
427428303,cal,0,0,0.05403986573219299,0.9459601640701294
2110487418,cal,0,0,0.00450162636116147,0.9954983592033386
392798912,cal,0,0,0.0058976588770747185,0.9941023588180542
602776950,cal,0,0,4.931383591610938e-05,0.9999507069587708
1008151376,cal,0,0,0.013080591335892677,0.9869194030761719
111587136,test,1,0,0.38258469104766846,0.6174153089523315
677961251,test,1,0,0.34253039956092834,0.657469630241394
923675188,test,1,0,0.12724608182907104,0.872753918170929
169981073,test,1,0,0.22406478226184845,0.7759352326393127
418866686,test,1,0,0.042129263281822205,0.9578707218170166
627354927,test,1,0,0.09837891161441803,0.9016211032867432
2082500802,test,1,0,0.3404926657676697,0.6595073342323303
504006059,cal,0,0,0.014093575067818165,0.9859064221382141
738319186,cal,0,0,0.011312293820083141,0.9886876940727234
1469172066,cal,0,0,0.005020052194595337,0.994979977607727
1745235102,cal,0,0,0.009650392457842827,0.9903495907783508
177272376,cal,0,0,0.18817095458507538,0.8118290305137634
250726056,cal,0,0,0.11442328244447708,0.8855767250061035
1146260996,cal,0,0,0.027655400335788727,0.9723445773124695
1387660906,cal,1,1,0.9387428760528564,0.9387428760528564
1477713197,cal,1,1,0.9493259787559509,0.9493259787559509
693483037,cal,1,0,0.11703886091709137,0.8829611539840698
1228183238,cal,1,0,0.1362638771533966,0.8637361526489258
100989004,cal,1,1,0.914953351020813,0.914953351020813
1254330889,cal,1,1,0.9225214123725891,0.9225214123725891
133054172,cal,1,1,0.8227511048316956,0.8227511048316956
1940985422,cal,1,1,0.9409685134887695,0.9409685134887695
652405581,cal,1,0,0.30309247970581055,0.6969075202941895
879286325,cal,1,1,0.748311460018158,0.748311460018158
1514858304,cal,1,1,0.6440805196762085,0.6440805196762085
1817729149,cal,1,1,0.7373008131980896,0.7373008131980896
212065614,cal,1,1,0.6390316486358643,0.6390316486358643
534333673,cal,1,0,0.010236125439405441,0.9897638559341431
1425303796,cal,1,0,0.007039936259388924,0.9929600358009338
1573472745,cal,1,1,0.7523425817489624,0.7523425817489624
362999403,cal,1,1,0.7349525690078735,0.7349525690078735
901001508,cal,1,1,0.5608386993408203,0.5608386993408203
494594646,cal,1,1,0.9364750385284424,0.9364750385284424
772266486,cal,1,1,0.6616007089614868,0.6616007089614868
1821583959,cal,1,1,0.8270387649536133,0.8270387649536133
1991299580,cal,1,1,0.8089277744293213,0.8089277744293213
398466487,test,0,0,0.16548071801662445,0.8345192670822144
1940254677,test,0,0,0.10900941491127014,0.8909906148910522
1198614180,test,0,0,0.1647319197654724,0.8352680802345276
1605722199,test,0,0,0.14200079441070557,0.8579992055892944
2055782490,test,0,0,0.09996400028467178,0.9000359773635864
668718338,cal,1,1,0.866658627986908,0.866658627986908
1340361384,cal,1,1,0.9205710291862488,0.9205710291862488
1643197814,cal,1,1,0.8720322251319885,0.8720322251319885
500183427,cal,1,1,0.8762999176979065,0.8762999176979065
1095406834,cal,1,1,0.8285166025161743,0.8285166025161743
1325317089,cal,1,1,0.8388392329216003,0.8388392329216003
444371989,cal,0,1,0.9055899977684021,0.9055899977684021
961596987,cal,0,0,0.13558055460453033,0.8644194602966309
392897228,cal,0,0,0.11551249772310257,0.884487509727478
1283804942,cal,0,0,0.008536583743989468,0.9914634227752686
1478262422,cal,0,0,0.005044400691986084,0.9949555993080139
1766210915,cal,0,0,0.015036387369036674,0.984963595867157
1745320549,cal,1,0,0.2519482374191284,0.7480517625808716
1793620707,cal,1,1,0.5560418963432312,0.5560418963432312
1849619759,cal,1,0,0.2758394181728363,0.7241605520248413
186372855,cal,1,0,0.42354103922843933,0.5764589309692383
1150237288,cal,1,1,0.7141464948654175,0.7141464948654175
1257022344,cal,1,1,0.6887455582618713,0.6887455582618713
562912018,cal,1,1,0.5774022936820984,0.5774022936820984
1104628299,cal,1,0,0.2834940254688263,0.7165060043334961
1608847214,cal,1,0,0.23332738876342773,0.7666726112365723
1827735301,cal,1,1,0.6811583638191223,0.6811583638191223
874625865,cal,1,1,0.6168541312217712,0.6168541312217712
1265735355,cal,1,1,0.6238641142845154,0.6238641142845154
1706764829,cal,1,1,0.6833367943763733,0.6833367943763733
1988546863,cal,1,1,0.5329437255859375,0.5329437255859375
231448131,cal,1,0,0.14188092947006226,0.8581190705299377
762052227,cal,1,0,0.21793265640735626,0.7820673584938049
1345600597,cal,1,0,0.17035847902297974,0.8296415209770203
1924963943,cal,1,0,0.20521530508995056,0.794784665107727
325775543,cal,1,1,0.8152480125427246,0.8152480125427246
637496080,cal,1,1,0.5305373668670654,0.5305373668670654
1667635361,cal,1,1,0.8952879309654236,0.8952879309654236
141755439,cal,1,0,0.34789586067199707,0.6521041393280029
1838068114,cal,1,0,0.49157261848449707,0.5084273815155029
1175223397,cal,1,1,0.6651257872581482,0.6651257872581482
2070382865,cal,1,1,0.5742897391319275,0.5742897391319275
74982576,cal,1,0,0.359639972448349,0.6403599977493286
879615532,cal,1,0,0.3352014124393463,0.6647986173629761
913132883,cal,1,0,0.4435625970363617,0.5564373731613159
168026535,cal,1,1,0.9024172425270081,0.9024172425270081
1491977729,cal,1,1,0.9133315682411194,0.9133315682411194
1698906790,cal,1,1,0.7967731952667236,0.7967731952667236
1762637461,cal,1,1,0.914373517036438,0.914373517036438
184187010,cal,1,1,0.846195638179779,0.846195638179779
1512279672,cal,1,1,0.8524780869483948,0.8524780869483948
422166314,cal,0,0,0.2746959924697876,0.7253040075302124
1402542570,cal,0,0,0.048791609704494476,0.9512084126472473
1420963109,cal,0,0,0.01929968222975731,0.9807003140449524
1967142629,cal,0,0,0.41240566968917847,0.5875943303108215
299053057,cal,0,0,0.18098129332065582,0.8190187215805054
323153015,cal,0,0,0.12150569260120392,0.8784943222999573
786279761,cal,0,0,0.1119755208492279,0.8880244493484497
1460544879,cal,0,0,0.16502340137958527,0.8349766135215759
680599029,cal,1,1,0.5545890927314758,0.5545890927314758
1689908676,cal,1,0,0.2635806202888489,0.7364193797111511
2117185614,cal,1,1,0.6156103014945984,0.6156103014945984
704537181,cal,1,0,0.3372159004211426,0.6627840995788574
1816191467,cal,1,1,0.5728009939193726,0.5728009939193726
2037879772,cal,1,1,0.6391094923019409,0.6391094923019409
103830486,cal,0,0,0.16237108409404755,0.8376289010047913
2017514745,cal,0,0,0.05594230443239212,0.9440577030181885
273865557,cal,0,0,0.28198257088661194,0.7180174589157104
534802314,cal,0,0,0.07309650629758835,0.926903486251831
2137993797,cal,0,0,0.2138432413339615,0.7861567735671997
603017727,cal,1,1,0.5104398727416992,0.5104398727416992
1943414998,cal,1,1,0.906952440738678,0.906952440738678
244380688,cal,1,1,0.7675415277481079,0.7675415277481079
1708146489,cal,1,1,0.8308391571044922,0.8308391571044922
1785245808,cal,0,0,0.2515052855014801,0.7484947443008423
1805134893,cal,0,0,0.05210128054022789,0.9478987455368042
2028010187,cal,0,0,0.03763826936483383,0.962361752986908
1690035103,cal,0,0,0.1472771018743515,0.8527228832244873
2115811863,cal,0,0,0.008039320819079876,0.9919607043266296
1071728406,cal,0,0,0.019017178565263748,0.9809828400611877
1123168760,cal,0,0,0.013134641572833061,0.9868653416633606
1773135321,cal,0,0,0.027709245681762695,0.9722907543182373
1881482144,cal,0,0,0.027177633717656136,0.972822368144989
982144943,cal,1,1,0.7964621782302856,0.7964621782302856
1740081621,cal,1,1,0.8138790130615234,0.8138790130615234
442712850,cal,1,1,0.681466817855835,0.681466817855835
1223976716,cal,1,1,0.711150050163269,0.711150050163269
649510685,cal,1,1,0.5351521372795105,0.5351521372795105
1656707447,cal,1,0,0.49449196457862854,0.5055080652236938
1014559685,cal,1,0,0.49247851967811584,0.5075215101242065
1908220636,cal,1,1,0.695914089679718,0.695914089679718
347017785,cal,0,0,0.0034495352301746607,0.996550440788269
1172178848,cal,0,0,0.004763120785355568,0.995236873626709
1993684471,cal,0,0,0.002478373935446143,0.9975216388702393
286197565,cal,0,0,0.0009860118152573705,0.9990139603614807
425671587,cal,0,0,0.0017893282929435372,0.9982106685638428
1344937704,cal,0,0,0.005827461369335651,0.9941725134849548
1574740592,cal,0,0,0.00832223892211914,0.9916777610778809
582160383,cal,1,1,0.9044255018234253,0.9044255018234253
1424466714,cal,1,1,0.7358778119087219,0.7358778119087219
939717195,cal,1,1,0.6433479189872742,0.6433479189872742
960716149,cal,1,1,0.9078019261360168,0.9078019261360168
1053601684,cal,1,0,0.4425974488258362,0.5574025511741638
341202777,cal,0,0,0.008351149037480354,0.9916488528251648
396769252,cal,0,0,0.0023125396110117435,0.9976874589920044
394985142,cal,0,0,0.021903270855545998,0.9780967235565186
520834453,cal,0,0,0.035346321761608124,0.9646536707878113
642048316,cal,0,0,0.04041188955307007,0.9595881104469299
1990877437,cal,0,0,0.05913616716861725,0.940863847732544
726039287,test,1,1,0.6841503381729126,0.6841503381729126
1596143162,test,1,1,0.6614348888397217,0.6614348888397217
490233467,test,1,1,0.7742798328399658,0.7742798328399658
1411702523,test,1,1,0.5453578233718872,0.5453578233718872
258651755,test,1,0,0.4194786250591278,0.5805213451385498
342121731,test,1,0,0.07053470611572266,0.9294652938842773
273295768,test,1,1,0.9514514803886414,0.9514514803886414
995273550,test,1,1,0.7891590595245361,0.7891590595245361
1177441623,test,1,0,0.0006879310822114348,0.9993120431900024
119641830,test,0,0,0.009289178997278214,0.9907107949256897
668879889,test,0,0,0.016402726992964745,0.9835972785949707
307520062,test,0,0,0.02011890523135662,0.9798811078071594
1517345892,test,0,0,0.0035442467778921127,0.996455729007721
1829316911,test,0,0,0.02853582054376602,0.9714641571044922
1524000871,cal,0,1,0.7377228736877441,0.7377228736877441
1870039492,cal,0,1,0.5637416839599609,0.5637416839599609
542756935,cal,0,0,0.46899843215942383,0.5310015678405762
1283695217,cal,0,0,0.34323620796203613,0.6567637920379639
82026330,test,1,1,0.5279403328895569,0.5279403328895569
1340373550,test,1,1,0.6880958080291748,0.6880958080291748
1902471620,test,1,1,0.6079927682876587,0.6079927682876587
2086364819,test,1,1,0.7160146832466125,0.7160146832466125
916725986,cal,1,1,0.9148714542388916,0.9148714542388916
1979267658,cal,1,1,0.8929247856140137,0.8929247856140137
983968183,cal,1,1,0.8536768555641174,0.8536768555641174
1396562631,cal,1,1,0.7706093788146973,0.7706093788146973
156479660,cal,0,0,0.012175211682915688,0.9878247976303101
1448883970,cal,0,0,0.008010565303266048,0.9919894337654114
1634644210,cal,0,0,0.02057400345802307,0.9794260263442993
292915189,cal,0,0,0.042794063687324524,0.9572059512138367
297731185,cal,0,0,0.011686062440276146,0.9883139133453369
898119471,cal,0,0,0.006015129387378693,0.9939848780632019
525762508,cal,0,1,0.6285467147827148,0.6285467147827148
2048258322,cal,0,0,0.33862075209617615,0.6613792181015015
1372767026,cal,0,1,0.6182964444160461,0.6182964444160461
1902958643,cal,0,0,0.25455397367477417,0.7454460263252258
125769615,cal,0,0,5.6055127060972154e-05,0.9999439716339111
362303403,cal,0,0,0.00010666540765669197,0.999893307685852
765642365,cal,0,0,0.0023112893104553223,0.9976887106895447
2123324023,cal,0,0,7.135001942515373e-05,0.9999286532402039
258947692,cal,0,0,9.638571100367699e-06,0.9999903440475464
515800754,cal,0,0,5.595815309789032e-06,0.9999943971633911
1999772196,cal,0,0,0.00029560300754383206,0.9997044205665588
775650314,cal,0,0,0.03643388673663139,0.9635661244392395
1875031454,cal,0,0,0.011700193397700787,0.9882997870445251
654722120,cal,0,0,0.09106756001710892,0.9089324474334717
1885958153,cal,0,0,0.10500841587781906,0.8949915766716003
1984562699,cal,0,0,0.006027622148394585,0.9939723610877991
1715720547,test,0,0,0.034079886972904205,0.965920090675354
2128343739,test,0,0,0.10184762626886368,0.8981523513793945
694656201,test,0,0,0.005808767396956682,0.9941912293434143
1034696973,test,0,0,0.09530356526374817,0.9046964645385742
227894185,test,0,1,0.9544110894203186,0.9544110894203186
1503533218,test,0,1,0.9266355037689209,0.9266355037689209
600659298,test,0,1,0.8057132959365845,0.8057132959365845
1913958970,test,0,1,0.5698904991149902,0.5698904991149902
292760688,cal,0,0,0.006691721733659506,0.9933083057403564
634209182,cal,0,0,0.006466915365308523,0.9935330748558044
1563668953,cal,0,0,0.028635183349251747,0.9713647961616516
881196824,cal,0,0,0.017083100974559784,0.9829168915748596
1230587584,cal,0,0,0.00011308753892080858,0.9998869299888611
1654214137,cal,0,0,0.08536981046199799,0.9146301746368408
1753679561,cal,0,0,0.021786626428365707,0.978213369846344
126787568,cal,0,0,0.0018694433383643627,0.9981305599212646
896379396,cal,0,0,7.314521644730121e-05,0.9999268651008606
38687435,test,0,0,0.285617858171463,0.7143821716308594
152004178,test,0,1,0.6654512286186218,0.6654512286186218
763601736,test,0,1,0.6923851370811462,0.6923851370811462
1418672670,test,0,0,0.2484985888004303,0.7515014410018921
1663773293,test,0,0,0.23074400424957275,0.7692559957504272
1822803221,test,0,0,0.1538839489221573,0.8461160659790039
1241241602,test,1,1,0.7817694544792175,0.7817694544792175
1644039868,test,1,1,0.9164667725563049,0.9164667725563049
578174239,test,1,1,0.8959313631057739,0.8959313631057739
584781136,test,1,1,0.8561662435531616,0.8561662435531616
1160432033,test,1,1,0.9412849545478821,0.9412849545478821
1183214834,cal,1,1,0.9792112708091736,0.9792112708091736
1253966080,cal,1,1,0.9795687198638916,0.9795687198638916
200520414,cal,1,1,0.9102962017059326,0.9102962017059326
478904995,cal,1,1,0.7596563100814819,0.7596563100814819
1144373872,cal,1,1,0.7541131973266602,0.7541131973266602
1285868936,cal,1,1,0.7219129204750061,0.7219129204750061
1696722394,cal,1,1,0.9272352457046509,0.9272352457046509
510087951,cal,0,0,0.09322616457939148,0.9067738056182861
617158455,cal,0,0,0.10184594988822937,0.8981540203094482
926902573,cal,0,0,0.09954216331243515,0.9004578590393066
1369479624,cal,0,0,0.21882979571819305,0.7811701893806458
553360957,cal,1,1,0.9131395220756531,0.9131395220756531
874687053,cal,1,1,0.9212083220481873,0.9212083220481873
760725954,cal,1,1,0.8038675785064697,0.8038675785064697
1453711605,cal,1,1,0.7774071097373962,0.7774071097373962
1348925797,test,0,0,0.06639592349529266,0.9336040616035461
1957550184,test,0,0,0.006119581405073404,0.9938803911209106
1013285628,test,0,0,0.1610192507505417,0.8389807343482971
1427351467,test,0,0,0.007945450022816658,0.9920545220375061
918012251,cal,1,1,0.6323460340499878,0.6323460340499878
1123527498,cal,1,1,0.6788666248321533,0.6788666248321533
625895875,cal,1,0,0.4899222254753113,0.5100777745246887
950063228,cal,1,0,0.46853920817375183,0.5314607620239258
256694782,test,0,0,5.8046857702720445e-06,0.9999942183494568
2073571339,test,0,0,2.4355668415410037e-07,0.9999997615814209
3807650,test,0,0,2.397181924607139e-05,0.9999760389328003
2029581885,test,0,0,0.00013583648251369596,0.9998641610145569
690125725,cal,0,0,0.01386013999581337,0.9861398339271545
1161526333,cal,0,0,0.02400568313896656,0.9759942889213562
419140975,cal,0,0,0.08563823252916336,0.9143617749214172
907556597,cal,0,0,0.06874806433916092,0.9312519431114197
1624383188,cal,0,0,0.031241411343216896,0.9687585830688477
1083637682,cal,1,0,0.36262187361717224,0.6373780965805054
1345441828,cal,1,0,0.33280518651008606,0.6671948432922363
1949327018,cal,1,0,0.3398226201534271,0.6601773500442505
899792065,cal,1,0,0.21748003363609314,0.7825199365615845
1948149267,cal,1,1,0.6996166706085205,0.6996166706085205
154758826,cal,0,0,0.00042545105679892004,0.9995745420455933
202703385,cal,0,0,5.404119747254299e-06,0.9999945759773254
228566015,cal,0,0,3.8931568724365206e-07,0.9999995827674866
1465766938,cal,0,0,1.9406610590522178e-05,0.9999805688858032
1572739465,cal,0,0,4.062001607962884e-05,0.999959409236908
1180870373,test,1,1,0.5703715085983276,0.5703715085983276
1443649248,test,1,0,0.4235064685344696,0.576493501663208
272030782,test,1,1,0.8909987211227417,0.8909987211227417
1441492224,test,1,0,0.16307970881462097,0.8369202613830566
1967350507,cal,1,1,0.8140964508056641,0.8140964508056641
1969188377,cal,1,0,0.31450510025024414,0.6854948997497559
496922265,cal,1,1,0.7467544674873352,0.7467544674873352
1370201556,cal,1,1,0.9289824962615967,0.9289824962615967
1938449367,cal,0,0,0.22288648784160614,0.7771134972572327
2025091558,cal,0,0,0.42252662777900696,0.5774734020233154
211811677,cal,0,0,0.06645990908145905,0.9335401058197021
768375237,cal,0,0,0.046656351536512375,0.9533436298370361
1041827864,test,0,0,0.18625226616859436,0.813747763633728
1490109879,test,0,0,0.1080855131149292,0.8919144868850708
266510208,test,0,0,0.298561155796051,0.701438844203949
2025490793,test,0,0,0.4696110486984253,0.5303889513015747
1269850857,cal,0,0,0.42917901277542114,0.5708209872245789
1273608861,cal,0,0,0.3708891272544861,0.6291108727455139
2066363628,cal,0,0,0.31375643610954285,0.6862435340881348
502501994,cal,0,0,0.4793108403682709,0.5206891298294067
1783867310,cal,0,0,0.28236615657806396,0.717633843421936
391623809,cal,1,1,0.8963162899017334,0.8963162899017334
1745488256,cal,1,1,0.797996997833252,0.797996997833252
2021733771,cal,1,1,0.8870385885238647,0.8870385885238647
173691227,cal,1,1,0.7971236705780029,0.7971236705780029
592889490,cal,1,1,0.8589868545532227,0.8589868545532227
1968364204,cal,1,1,0.7768121361732483,0.7768121361732483
1002924244,cal,1,1,0.9083868265151978,0.9083868265151978
1157112693,cal,1,1,0.9003340005874634,0.9003340005874634
1387561184,cal,1,1,0.9025669693946838,0.9025669693946838
187774517,cal,1,1,0.9881942272186279,0.9881942272186279
1560625889,cal,1,1,0.8894538879394531,0.8894538879394531
1763223520,cal,1,1,0.9588994979858398,0.9588994979858398
23510593,test,0,0,0.008503293618559837,0.9914966821670532
1166356207,test,0,0,0.006962382234632969,0.9930376410484314
63663792,test,0,0,0.05422518402338028,0.9457747936248779
157759503,test,0,0,0.02974369004368782,0.9702563285827637
1068982910,test,0,0,0.10607025027275085,0.8939297199249268
1365537187,test,0,1,0.6112018823623657,0.6112018823623657
1465228626,test,0,0,0.20364844799041748,0.7963515520095825
1798743702,test,0,0,0.343606561422348,0.6563934087753296
932394964,test,0,0,0.31381064653396606,0.6861893534660339
951244069,test,0,0,0.03811407834291458,0.961885929107666
1433340604,test,0,0,0.3926863968372345,0.6073136329650879
233214586,cal,1,1,0.7242458462715149,0.7242458462715149
1386317105,cal,1,1,0.5422248244285583,0.5422248244285583
839589610,cal,1,1,0.9706597924232483,0.9706597924232483
843162017,cal,1,1,0.9056524634361267,0.9056524634361267
260131559,test,0,0,0.4225411117076874,0.5774588584899902
919821661,test,0,0,0.01685674488544464,0.9831432700157166
287291133,test,0,0,0.3748728036880493,0.6251271963119507
1226162513,test,0,0,0.005031637381762266,0.9949683547019958
357727549,test,0,0,0.4189992845058441,0.5810006856918335
1550707726,test,0,0,0.3695724308490753,0.6304275989532471
1101708082,test,0,0,0.380087286233902,0.6199127435684204
1768720938,test,0,0,0.2484734207391739,0.7515265941619873
179977289,cal,0,0,0.0018520731246098876,0.9981479048728943
1051182396,cal,0,0,0.00018913811072707176,0.9998108744621277
455627632,cal,0,0,0.00047292240196838975,0.999527096748352
1930272915,cal,0,0,0.0011639466974884272,0.9988360404968262
117988714,test,0,0,0.07079661637544632,0.9292033910751343
1787342324,test,0,0,0.048850372433662415,0.9511496424674988
289733828,test,0,0,0.0974104180932045,0.9025895595550537
719800430,test,0,0,0.045467309653759,0.9545326828956604
1236589164,cal,0,0,0.1124337688088417,0.8875662088394165
1446319602,cal,0,0,0.08263035118579865,0.9173696637153625
2066705502,cal,0,0,0.12550032138824463,0.8744996786117554
1557445004,cal,0,0,0.1621406376361847,0.8378593921661377
1848497764,cal,0,0,0.27442511916160583,0.7255748510360718
847679471,test,0,0,0.049437303096055984,0.9505627155303955
928836738,test,0,0,0.004269988741725683,0.9957299828529358
1956961360,test,0,0,5.879322088730987e-06,0.9999940991401672
90298460,test,0,0,0.00028067693347111344,0.9997193217277527
180674921,test,0,0,0.0020028401631861925,0.9979971647262573
416873028,test,0,0,6.517676956718788e-05,0.9999348521232605
2034791293,test,0,0,0.05739288032054901,0.9426071047782898
985537474,test,0,0,0.36496472358703613,0.6350352764129639
1544998939,test,0,1,0.5702707767486572,0.5702707767486572
469375902,test,0,0,0.012719935737550259,0.9872800707817078
1955312386,test,0,0,0.0731222853064537,0.9268777370452881
826779647,cal,1,1,0.9160786271095276,0.9160786271095276
1690168731,cal,1,1,0.9305410385131836,0.9305410385131836
372220635,cal,1,1,0.7743410468101501,0.7743410468101501
936578725,cal,1,1,0.8923065662384033,0.8923065662384033
1720329234,cal,1,1,0.8328920602798462,0.8328920602798462
1094489100,cal,1,0,0.25565701723098755,0.7443429827690125
1505727762,cal,1,0,0.15515278279781342,0.8448472023010254
1937699038,cal,1,0,0.2530767619609833,0.7469232082366943
664520660,cal,1,0,0.2818484902381897,0.7181515097618103
2026875863,cal,1,0,0.19897596538066864,0.8010240197181702
625898388,test,1,1,0.8918543457984924,0.8918543457984924
964292103,test,1,1,0.8980655074119568,0.8980655074119568
1801137787,test,1,1,0.9526628851890564,0.9526628851890564
59420583,test,1,1,0.942927896976471,0.942927896976471
828053698,test,1,1,0.9407652616500854,0.9407652616500854
1177773888,test,1,1,0.9646754264831543,0.9646754264831543
1066840569,cal,0,1,0.5503278374671936,0.5503278374671936
2028845048,cal,0,1,0.5359908938407898,0.5359908938407898
175796559,cal,0,0,0.22115007042884827,0.7788499593734741
775905981,cal,0,0,0.4450788199901581,0.5549211502075195
454124097,cal,0,0,0.0010303141316398978,0.9989696741104126
557781911,cal,0,0,0.039873961359262466,0.9601260423660278
2082458736,cal,0,0,0.042247042059898376,0.9577529430389404
158205583,cal,0,0,0.03222029656171799,0.9677796959877014
954484625,cal,0,0,0.0008447830914519727,0.9991552233695984
1032777191,cal,0,0,0.0012248365674167871,0.9987751841545105
1160308336,cal,0,0,0.001944450894370675,0.9980555772781372
1843677440,cal,0,0,0.03029736690223217,0.9697026610374451
2062149895,cal,0,0,0.09500802308320999,0.9049919843673706
789323991,cal,0,0,0.04287097230553627,0.9571290016174316
1187907340,cal,0,0,0.008403969928622246,0.9915960431098938
311019410,cal,0,0,0.007516023237258196,0.9924839735031128
1055935395,cal,0,0,0.03529074788093567,0.9647092819213867
1282674566,cal,0,0,0.023219140246510506,0.9767808318138123
19998566,test,0,0,0.0017307144589722157,0.998269259929657
27255264,test,0,0,0.003081980627030134,0.9969180226325989
619933161,test,0,0,0.00473271356895566,0.9952672719955444
1672237696,test,0,0,0.0015399770345538855,0.9984599947929382
16728092,cal,1,0,0.13735145330429077,0.8626485466957092
1004544277,cal,1,0,0.4195043742656708,0.5804955959320068
1674777976,cal,1,0,0.18029509484767914,0.8197048902511597
1793102159,cal,1,0,0.27174776792526245,0.7282522320747375
752293679,cal,0,0,0.4911442995071411,0.5088557004928589
1339357847,cal,0,1,0.5593069195747375,0.5593069195747375
154651696,cal,0,1,0.5227841138839722,0.5227841138839722
1356437896,cal,0,0,0.4619755148887634,0.5380244851112366
104731788,cal,0,0,0.32793739438056946,0.6720626354217529
384720221,cal,0,0,0.14572900533676147,0.8542709946632385
589346694,cal,0,0,0.12352609634399414,0.8764739036560059
1590016099,cal,0,0,0.2211218923330307,0.7788780927658081
662430167,cal,0,0,0.1633310765028,0.8366689085960388
977188713,cal,0,0,0.14452162384986877,0.8554784059524536
1862506268,cal,0,0,0.08125613629817963,0.9187438488006592
1916497595,cal,0,0,0.14120715856552124,0.8587928414344788
87547612,cal,0,0,0.14430004358291626,0.8556999564170837
2065520937,cal,0,0,0.17392189800739288,0.8260781168937683
618303407,cal,0,0,0.478274941444397,0.521725058555603
2091042421,cal,0,1,0.6051838994026184,0.6051838994026184
40566615,cal,0,0,0.0033287073019891977,0.9966713190078735
1103900282,cal,0,0,0.03243517130613327,0.9675648212432861
479475864,cal,0,0,0.004796680994331837,0.9952033162117004
1004138090,cal,0,0,0.003317039692774415,0.9966829419136047
69626114,cal,1,1,0.8924737572669983,0.8924737572669983
1040960141,cal,1,1,0.8888990879058838,0.8888990879058838
1898429001,cal,1,1,0.8892858624458313,0.8892858624458313
29385821,cal,1,1,0.5576381683349609,0.5576381683349609
869064635,cal,1,0,0.12918652594089508,0.8708134889602661
1488537533,cal,1,1,0.8011518716812134,0.8011518716812134
1115643101,cal,0,0,0.036209866404533386,0.9637901186943054
1935829544,cal,0,0,0.11851364374160767,0.8814863562583923
159628149,cal,0,1,0.6854962706565857,0.6854962706565857
1551743306,cal,0,0,0.31836503744125366,0.6816349625587463
933590930,cal,1,0,0.08024636656045914,0.9197536110877991
1385465747,cal,1,0,0.3198304772377014,0.6801695227622986
1413047543,cal,1,0,0.2612318694591522,0.7387681007385254
383994922,cal,1,0,0.24914808571338654,0.7508519291877747
1372752434,cal,1,0,0.24943338334560394,0.7505666017532349
1496314906,cal,1,0,0.24498803913593292,0.7550119757652283
434526270,test,0,0,0.0006104580825194716,0.9993895292282104
1027814295,test,0,0,0.013764522969722748,0.986235499382019
478312670,test,0,0,6.320173270069063e-05,0.9999368190765381
1315671789,test,0,0,5.1652419642778113e-05,0.9999483227729797
2083763270,test,0,0,0.0002934352960437536,0.9997065663337708
466639173,cal,0,0,0.005353258457034826,0.9946467280387878
580606287,cal,0,0,0.0022499363403767347,0.9977500438690186
1892822556,cal,0,0,0.001398684922605753,0.9986013174057007
2014147554,cal,0,0,0.005671374965459108,0.9943286180496216
1098991335,cal,0,0,0.0031894990243017673,0.9968104958534241
1744613707,cal,0,0,0.0014596122782677412,0.9985404014587402
2104809900,cal,0,0,0.010002123191952705,0.9899978637695312
1062573473,cal,0,0,0.06695428490638733,0.9330457448959351
1209870218,cal,0,0,0.04579518362879753,0.954204797744751
482775874,cal,0,0,0.03677797690033913,0.9632220268249512
560510558,cal,0,0,0.2534555494785309,0.7465444803237915
595020125,cal,0,0,0.1367773413658142,0.8632226586341858
842908419,cal,0,0,0.12749435007572174,0.8725056648254395
1820177727,cal,0,0,0.0360855832695961,0.9639143943786621
1909978359,cal,0,0,0.2822825312614441,0.7177174687385559
233978481,cal,0,0,0.09748675674200058,0.9025132656097412
1312821620,cal,0,0,0.10095296800136566,0.8990470170974731
342493770,cal,0,0,0.027602793648838997,0.9723972082138062
551924503,cal,0,0,0.04579079523682594,0.9542092084884644
884840452,cal,0,0,0.11045747995376587,0.8895425200462341
1474719519,cal,0,0,0.016565868631005287,0.9834341406822205
239969915,test,0,1,0.932865560054779,0.932865560054779
535757590,test,0,1,0.9016394019126892,0.9016394019126892
847399304,test,0,1,0.9337350130081177,0.9337350130081177
220815564,test,0,1,0.9197240471839905,0.9197240471839905
1886103807,test,0,1,0.9032034873962402,0.9032034873962402
1986870567,cal,0,0,6.039499203325249e-05,0.9999396204948425
2080005044,cal,0,0,0.002633077558130026,0.9973669052124023
590630069,cal,0,0,0.0006672951858490705,0.9993327260017395
1901589042,cal,0,0,0.000696146918926388,0.9993038773536682
601760242,cal,0,0,0.19251181185245514,0.807488203048706
1527935922,cal,0,0,0.18229420483112335,0.8177058100700378
1913270069,cal,0,0,0.08179792761802673,0.9182020425796509
234751956,cal,0,0,0.38477182388305664,0.6152281761169434
377714113,cal,0,0,0.15672814846038818,0.8432718515396118
1665338424,cal,0,0,0.28823021054267883,0.7117698192596436
188303768,cal,0,0,0.00020115564984735101,0.9997988343238831
677526701,cal,0,0,0.0009471525554545224,0.9990528225898743
1304632393,cal,0,0,0.0069265891797840595,0.9930734038352966
2016234414,cal,0,0,0.001548607717268169,0.9984514117240906
111244684,cal,0,0,0.01122114434838295,0.988778829574585
622712239,cal,0,0,0.005425511859357357,0.9945744872093201
1328628442,cal,0,0,1.506341686763335e-05,0.9999849200248718
111081174,cal,1,1,0.8694848418235779,0.8694848418235779
1027084774,cal,1,1,0.9264870882034302,0.9264870882034302
123534365,cal,1,1,0.8363116979598999,0.8363116979598999
897349809,cal,1,0,0.430993914604187,0.569006085395813
719370309,test,1,0,0.37489017844200134,0.6251097917556763
1133588955,test,1,0,0.4995252788066864,0.5004746913909912
954272468,test,1,1,0.808089554309845,0.808089554309845
1144801998,test,1,1,0.6374143958091736,0.6374143958091736
1912861787,test,1,1,0.7704756855964661,0.7704756855964661
2143296208,test,1,1,0.6169062256813049,0.6169062256813049
655336164,test,0,0,0.0010768210049718618,0.9989231824874878
726398203,test,0,0,0.020573923364281654,0.9794260859489441
1318073367,test,0,0,0.004822372924536467,0.9951776266098022
1569844018,test,0,0,0.001012199791148305,0.9989877939224243
2012538434,test,0,0,0.005157535895705223,0.9948424696922302
295905744,test,0,0,0.030488569289445877,0.9695114493370056
315491946,test,0,0,0.003751105163246393,0.9962489008903503
583713483,test,0,0,0.0015761678805574775,0.9984238147735596
883504989,test,0,0,0.008382782340049744,0.9916172027587891
1412912545,test,0,0,0.03842221572995186,0.9615777730941772
1665506463,test,0,0,0.0024591342080384493,0.9975408911705017
675194585,cal,1,1,0.6432420015335083,0.6432420015335083
1032653021,cal,1,1,0.5929292440414429,0.5929292440414429
1395631511,cal,1,1,0.5995494723320007,0.5995494723320007
1986793649,cal,1,0,0.49056726694107056,0.5094327330589294
787652499,cal,1,1,0.5114074945449829,0.5114074945449829
917833421,cal,1,1,0.5222759246826172,0.5222759246826172
1514395554,cal,1,1,0.7939783334732056,0.7939783334732056
1626114519,cal,1,1,0.6218037009239197,0.6218037009239197
1779521402,cal,1,1,0.5441769361495972,0.5441769361495972
422556300,cal,0,0,0.06389100104570389,0.9361090064048767
1553978082,cal,0,0,0.06026795879006386,0.939732015132904
1579798007,cal,0,0,0.1246037557721138,0.8753962516784668
1170957065,cal,0,0,0.06185340881347656,0.9381465911865234
1586406000,cal,0,0,0.04266669228672981,0.9573333263397217
1933946637,cal,0,0,0.03094969317317009,0.9690502882003784
661352576,cal,1,1,0.7897645235061646,0.7897645235061646
1029939477,cal,1,1,0.5137624144554138,0.5137624144554138
1456038172,cal,1,1,0.6665272116661072,0.6665272116661072
1416093920,cal,1,1,0.6507841348648071,0.6507841348648071
1485759556,cal,1,0,0.41768741607666016,0.5823125839233398
1926946495,cal,1,1,0.6174052357673645,0.6174052357673645
445421651,cal,0,0,0.25139015913009644,0.7486098408699036
2048604577,cal,0,0,0.03859565407037735,0.9614043235778809
2106686626,cal,0,0,0.07950795441865921,0.9204920530319214
1254266003,cal,0,0,0.045743390917778015,0.9542565941810608
1791547904,cal,0,0,0.049214981496334076,0.9507850408554077
2146141205,cal,0,0,0.019137028604745865,0.9808629751205444
820377407,cal,1,1,0.9522858262062073,0.9522858262062073
1032254612,cal,1,1,0.917462170124054,0.917462170124054
364521222,cal,1,1,0.6859987378120422,0.6859987378120422
526023228,cal,1,1,0.8602554202079773,0.8602554202079773
209342482,test,0,0,0.018790924921631813,0.9812090992927551
1431924062,test,0,0,0.02156936749815941,0.9784306287765503
268932727,test,0,0,0.04205771163105965,0.9579423069953918
884857592,test,0,0,0.005528382956981659,0.9944716095924377
154794478,cal,0,0,0.005113714374601841,0.9948862791061401
173293257,cal,0,0,0.02916814014315605,0.9708318710327148
432210619,cal,0,0,0.017794031649827957,0.9822059869766235
785541547,cal,0,0,0.10034456849098206,0.8996554613113403
1409979590,cal,0,0,0.06416333466768265,0.935836672782898
1535644215,cal,0,0,0.06523261964321136,0.9347673654556274
589592947,cal,0,0,0.19755259156227112,0.8024474382400513
988359445,cal,0,0,0.09342164546251297,0.9065783619880676
748075820,cal,0,0,0.33372122049331665,0.6662787795066833
1125194530,cal,0,1,0.5359018445014954,0.5359018445014954
1851528738,cal,0,0,0.34339669346809387,0.6566033363342285
1897862012,cal,0,0,0.24511876702308655,0.7548812627792358
592809359,cal,0,0,0.2692978084087372,0.7307021617889404
1986466807,cal,0,0,0.10806755721569061,0.8919324278831482
2100442822,cal,0,0,0.18599365651607513,0.8140063285827637
1729560499,cal,0,1,0.8622238039970398,0.8622238039970398
1896433331,cal,0,1,0.9425068497657776,0.9425068497657776
1541528393,cal,0,0,0.4068702757358551,0.5931297540664673
1789916483,cal,0,1,0.9040253162384033,0.9040253162384033
1116133987,test,0,0,0.20189785957336426,0.7981021404266357
1332070504,test,0,0,0.10282624512910843,0.8971737623214722
1665098758,test,0,0,0.15737886726856232,0.8426211476325989
1975369208,test,0,0,0.13434630632400513,0.8656536936759949
665997729,cal,1,1,0.8530118465423584,0.8530118465423584
919331182,cal,1,1,0.7523024678230286,0.7523024678230286
1205359306,cal,1,1,0.7072142362594604,0.7072142362594604
1776833694,cal,1,1,0.7641974091529846,0.7641974091529846
949631286,cal,1,1,0.8033025860786438,0.8033025860786438
1302446422,cal,1,1,0.6664018034934998,0.6664018034934998
1428980376,cal,1,1,0.8383958339691162,0.8383958339691162
1640890791,cal,1,1,0.7376216650009155,0.7376216650009155
921683391,cal,0,0,0.4053703248500824,0.5946296453475952
1155134550,cal,0,0,0.18221206963062286,0.8177879452705383
620064621,cal,0,0,0.23656177520751953,0.7634382247924805
2123461235,cal,0,0,0.0992714986205101,0.9007285237312317
115417008,cal,1,0,0.20015379786491394,0.7998461723327637
1626868326,cal,1,1,0.6709228754043579,0.6709228754043579
611331993,cal,1,1,0.9121583700180054,0.9121583700180054
1603542732,cal,1,1,0.919309675693512,0.919309675693512
605780951,cal,0,0,6.709481112920912e-06,0.9999932646751404
1004827322,cal,0,0,0.0044268355704844,0.9955731630325317
1444715577,cal,0,0,0.00019795008120127022,0.9998020529747009
106534316,cal,0,0,0.0004712652589660138,0.999528706073761
369576125,cal,0,0,3.838859629468061e-05,0.9999616146087646
476496034,cal,0,0,9.634524758439511e-05,0.999903678894043
1740940226,cal,0,0,3.813400326180272e-06,0.9999961853027344
397593699,cal,1,1,0.7069439888000488,0.7069439888000488
1512090878,cal,1,1,0.9285479187965393,0.9285479187965393
852029882,cal,1,1,0.9194609522819519,0.9194609522819519
1996141567,cal,1,1,0.9012147784233093,0.9012147784233093
764524037,test,1,1,0.9225368499755859,0.9225368499755859
1552376199,test,1,1,0.8714635372161865,0.8714635372161865
1661394668,test,1,1,0.8804038763046265,0.8804038763046265
1928166908,test,1,1,0.9158025979995728,0.9158025979995728
383822298,test,1,1,0.9311519265174866,0.9311519265174866
650043287,test,1,1,0.9001695513725281,0.9001695513725281
1004071591,test,1,1,0.925266444683075,0.925266444683075
532622882,cal,0,0,6.599132029805332e-05,0.9999340176582336
1026490160,cal,0,0,0.00011650248052319512,0.9998834729194641
1528362488,cal,0,0,5.155066537554376e-05,0.9999484419822693
1401732643,cal,0,0,0.0005526883760467172,0.9994472861289978
1626162624,cal,0,0,0.016685225069522858,0.9833147525787354
570355487,cal,0,0,0.045532017946243286,0.9544680118560791
1301071682,cal,0,0,0.35205507278442383,0.6479449272155762
1544835477,cal,0,0,0.14392511546611786,0.856074869632721
702778288,cal,0,0,0.08292023837566376,0.917079746723175
1549974168,cal,0,0,0.0945303738117218,0.9054696559906006
812834147,cal,0,0,0.0015592525014653802,0.9984407424926758
1009349413,cal,0,0,0.0235555712133646,0.9764444231987
927957765,cal,0,0,0.012348989024758339,0.987650990486145
1462852224,cal,0,0,0.025678124278783798,0.9743219017982483
395070772,cal,0,1,0.5949434638023376,0.5949434638023376
841958611,cal,0,0,0.2072717547416687,0.7927282452583313
1637964498,cal,0,1,0.7141472101211548,0.7141472101211548
1701274140,cal,0,0,0.18855445086956024,0.8114455342292786
1863548816,cal,0,0,0.1694318801164627,0.8305681347846985
36185218,cal,1,1,0.9472475051879883,0.9472475051879883
153466729,cal,1,0,0.17392534017562866,0.8260746598243713
609146725,cal,1,1,0.9434037208557129,0.9434037208557129
1331617737,cal,1,1,0.6950953602790833,0.6950953602790833
743568274,cal,1,1,0.595587968826294,0.595587968826294
1133272310,cal,1,1,0.8588523864746094,0.8588523864746094
277887734,cal,1,0,0.4144652187824249,0.5855348110198975
1557454536,cal,1,0,0.15851004421710968,0.8414899706840515
231713766,test,1,1,0.6765271425247192,0.6765271425247192
454242968,test,1,1,0.9128046631813049,0.9128046631813049
1644299693,test,1,1,0.6608701348304749,0.6608701348304749
765775148,test,1,1,0.8297185301780701,0.8297185301780701
1909977542,test,1,1,0.9232967495918274,0.9232967495918274
2069960058,test,1,1,0.8401313424110413,0.8401313424110413
127745528,cal,1,0,0.48357856273651123,0.5164214372634888
215792888,cal,1,0,0.33985406160354614,0.6601459383964539
1151298885,cal,1,0,0.11576832830905914,0.884231686592102
897412072,cal,1,1,0.5004526376724243,0.5004526376724243
1857464328,cal,1,0,0.3817023038864136,0.6182976961135864
295786947,cal,1,0,0.4222986698150635,0.5777013301849365
675424546,cal,1,1,0.6390828490257263,0.6390828490257263
1492002733,cal,1,1,0.640174925327301,0.640174925327301
130144867,cal,1,0,0.3752695918083191,0.6247304081916809
895134311,cal,1,1,0.5490662455558777,0.5490662455558777
1490065261,cal,1,1,0.6404708623886108,0.6404708623886108
17597218,cal,0,1,0.7233437895774841,0.7233437895774841
422165799,cal,0,1,0.5397107005119324,0.5397107005119324
867051331,cal,0,1,0.5025395154953003,0.5025395154953003
1916582484,cal,0,1,0.6653265953063965,0.6653265953063965
68920186,cal,1,0,0.44934985041618347,0.5506501197814941
995762152,cal,1,0,0.4246288537979126,0.5753711462020874
486644584,cal,1,0,0.39129942655563354,0.6087005734443665
809852505,cal,1,1,0.5140647888183594,0.5140647888183594
15326937,cal,1,1,0.5468829274177551,0.5468829274177551
142391620,cal,1,1,0.7948446869850159,0.7948446869850159
883258970,cal,1,1,0.5920429229736328,0.5920429229736328
1014950007,cal,1,1,0.7123360633850098,0.7123360633850098
1518135778,cal,1,1,0.9144734740257263,0.9144734740257263
1657046304,cal,1,1,0.9182645082473755,0.9182645082473755
77993212,cal,1,1,0.8107007741928101,0.8107007741928101
148087415,cal,1,1,0.766130805015564,0.766130805015564
715607235,cal,1,1,0.6661941409111023,0.6661941409111023
999903865,cal,1,1,0.903008759021759,0.903008759021759
1440993576,cal,1,1,0.6573454737663269,0.6573454737663269
1436996388,cal,1,1,0.9678855538368225,0.9678855538368225
1911180846,cal,1,1,0.9517862200737,0.9517862200737
2040462482,cal,1,1,0.9726346135139465,0.9726346135139465
392067061,cal,1,1,0.9793957471847534,0.9793957471847534
793836288,cal,1,1,0.9321977496147156,0.9321977496147156
1287075444,cal,1,1,0.9581130146980286,0.9581130146980286
1670754453,cal,1,1,0.9833710193634033,0.9833710193634033
555384996,cal,0,0,0.18935465812683105,0.810645341873169
953560304,cal,0,0,0.15979042649269104,0.8402096033096313
1072305662,cal,0,0,0.05181794613599777,0.9481820464134216
1099292428,cal,0,0,0.2697732448577881,0.7302267551422119
685424449,cal,0,0,0.022150974720716476,0.977849006652832
1153887522,cal,0,0,0.2899553179740906,0.7100446820259094
1440139384,cal,0,0,0.18672595918178558,0.8132740259170532
1441808935,cal,0,0,0.19647450745105743,0.8035255074501038
218130588,test,0,0,0.03485812246799469,0.9651418924331665
466667449,test,0,0,0.09540143609046936,0.904598593711853
651560942,test,0,0,0.0918847993016243,0.9081152081489563
1329949034,test,0,0,0.06634268909692764,0.9336572885513306
1475987630,test,0,0,0.10866909474134445,0.891330897808075
263820698,cal,0,0,0.04616939648985863,0.9538305997848511
453901025,cal,0,0,0.010987382382154465,0.989012598991394
670417233,cal,0,0,0.05578542500734329,0.9442145824432373
67241340,cal,0,0,0.0022661786060780287,0.9977338314056396
332358482,cal,0,0,0.017969058826565742,0.9820309281349182
2060968817,cal,0,0,0.012411916628479958,0.987588107585907
352477537,cal,1,0,0.4139142334461212,0.5860857963562012
1009593327,cal,1,1,0.6981736421585083,0.6981736421585083
1078134373,cal,1,1,0.6377291083335876,0.6377291083335876
1257598759,cal,1,1,0.769223153591156,0.769223153591156
661036489,cal,0,0,0.18842732906341553,0.8115726709365845
959500432,cal,0,0,0.047355372458696365,0.9526446461677551
1497726656,cal,0,0,0.11076320707798004,0.8892368078231812
1888965912,cal,0,0,0.24131816625595093,0.7586818337440491
1531879119,cal,0,1,0.5163918137550354,0.5163918137550354
1593856707,cal,0,1,0.7462218999862671,0.7462218999862671
435616956,cal,0,1,0.8071374893188477,0.8071374893188477
1563922629,cal,0,0,0.40390145778656006,0.5960985422134399
1600147897,cal,0,1,0.572837769985199,0.572837769985199
604905139,cal,0,0,0.012044869363307953,0.9879551529884338
1094230110,cal,0,0,0.04562238231301308,0.9543775916099548
1496014493,cal,0,0,0.040377426892519,0.9596225619316101
33447509,cal,0,0,0.0017850726144388318,0.9982149004936218
597902957,cal,0,0,0.006646395195275545,0.9933536052703857
11837245,cal,0,0,0.08970864862203598,0.9102913737297058
795331633,cal,0,0,0.04747101664543152,0.9525289535522461
1343847917,cal,0,0,0.006341559812426567,0.9936584234237671
677581290,cal,0,0,0.010009774938225746,0.989990234375
1999093250,cal,0,0,0.0055192639119923115,0.9944807291030884
471010287,cal,1,1,0.8566210269927979,0.8566210269927979
891637304,cal,1,1,0.8997485637664795,0.8997485637664795
243955895,cal,1,1,0.9258204102516174,0.9258204102516174
939842535,cal,1,1,0.864616870880127,0.864616870880127
694225462,cal,0,0,0.3799956142902374,0.620004415512085
1879604768,cal,0,0,0.1097613051533699,0.8902387022972107
366903286,cal,0,1,0.6549471020698547,0.6549471020698547
966753341,cal,0,1,0.7363804578781128,0.7363804578781128
266998934,test,1,1,0.9437999129295349,0.9437999129295349
699161877,test,1,1,0.9857271313667297,0.9857271313667297
1033355998,test,1,1,0.8781363368034363,0.8781363368034363
1688319449,test,1,1,0.9300761818885803,0.9300761818885803
1213931391,cal,0,1,0.5219978094100952,0.5219978094100952
1370529288,cal,0,1,0.5169684886932373,0.5169684886932373
1381669603,cal,0,1,0.6788188815116882,0.6788188815116882
8515102,cal,0,0,0.22784192860126495,0.7721580862998962
141287388,cal,0,0,0.2682381272315979,0.7317618727684021
301774002,cal,0,0,0.3693932890892029,0.6306067109107971
587676486,cal,0,0,0.15456686913967133,0.8454331159591675
805095875,cal,0,0,0.01630786433815956,0.9836921095848083
1863129741,cal,0,0,0.0006032739183865488,0.9993967413902283
2028645991,cal,0,0,0.04824529588222504,0.9517546892166138
1820628826,cal,0,0,0.02953203208744526,0.9704679846763611
1901806958,cal,0,0,0.05287141352891922,0.9471285939216614
1967185867,cal,0,0,0.013882827945053577,0.9861171841621399
746064840,test,0,1,0.9659352898597717,0.9659352898597717
1311178292,test,0,1,0.8467745780944824,0.8467745780944824
735894929,test,0,0,0.059846002608537674,0.9401540160179138
1736202625,test,0,0,0.3551187813282013,0.6448812484741211
381644231,cal,0,0,8.0021025496535e-05,0.9999199509620667
1219296799,cal,0,0,0.17926040291786194,0.8207396268844604
1478199566,cal,0,0,0.2998617887496948,0.7001382112503052
44757094,cal,0,0,0.08430267125368118,0.9156973361968994
288988061,cal,0,0,0.023632889613509178,0.9763671159744263
1823827968,cal,0,0,0.19460931420326233,0.8053907155990601
1081106657,test,1,0,0.09110041707754135,0.9088996052742004
1106722394,test,1,1,0.9829384684562683,0.9829384684562683
707585829,test,1,1,0.9788233637809753,0.9788233637809753
1982432589,test,1,1,0.6385811567306519,0.6385811567306519
394370916,cal,1,0,0.18596750497817993,0.8140324950218201
1694369311,cal,1,1,0.9478411078453064,0.9478411078453064
1083508853,cal,1,1,0.9283186793327332,0.9283186793327332
1156407462,cal,1,1,0.6463665962219238,0.6463665962219238
1993804315,cal,1,0,0.1747986376285553,0.8252013921737671
538445705,cal,1,1,0.5958366394042969,0.5958366394042969
1556272464,cal,1,1,0.7981539964675903,0.7981539964675903
1651000702,cal,1,1,0.6900602579116821,0.6900602579116821
103561805,cal,1,1,0.7178208231925964,0.7178208231925964
359405865,cal,1,1,0.6939032077789307,0.6939032077789307
622649266,cal,1,1,0.6800370812416077,0.6800370812416077
5170294,test,1,1,0.9730833172798157,0.9730833172798157
1724609265,test,1,1,0.9198193550109863,0.9198193550109863
855622377,test,1,1,0.9708014726638794,0.9708014726638794
1460495037,test,1,1,0.9156262874603271,0.9156262874603271
112738647,cal,0,0,0.09561198949813843,0.9043880105018616
680842592,cal,0,0,0.04457180202007294,0.9554281830787659
23178505,cal,0,0,0.11202884465456009,0.8879711627960205
1422800344,cal,0,0,0.038250263780355453,0.9617497324943542
954299515,cal,1,0,0.14193260669708252,0.8580673933029175
1803982084,cal,1,0,0.09320177137851715,0.906798243522644
237559997,cal,1,0,0.2480231523513794,0.7519768476486206
1547650511,cal,1,1,0.6469351649284363,0.6469351649284363
40756199,cal,0,0,0.00889707449823618,0.991102933883667
1205643916,cal,0,0,0.008818577043712139,0.9911814332008362
157871832,cal,0,0,0.022747686132788658,0.9772523045539856
1476068626,cal,0,0,0.0040853568352758884,0.99591463804245
1735232732,cal,0,0,0.009180599823594093,0.9908193945884705
1108584056,cal,0,0,0.1886943131685257,0.8113057017326355
1585961300,cal,0,0,0.1948358416557312,0.8051641583442688
1706648236,cal,0,0,0.3109428584575653,0.6890571117401123
211529114,cal,0,0,0.4677814245223999,0.5322185754776001
1406941811,cal,0,0,0.42292970418930054,0.5770702958106995
1496489388,cal,0,1,0.5269696116447449,0.5269696116447449
114504506,cal,1,0,0.47668492794036865,0.5233150720596313
1423954497,cal,1,0,0.3671770691871643,0.6328229308128357
249158083,cal,1,1,0.7492843270301819,0.7492843270301819
796803972,cal,1,1,0.5690863728523254,0.5690863728523254
305848135,test,1,0,0.31325262784957886,0.6867473721504211
326273633,test,1,1,0.5925908088684082,0.5925908088684082
1068934180,test,1,0,0.3448154330253601,0.6551845669746399
1987755517,test,1,0,0.3798314034938812,0.6201685667037964
251547547,cal,0,1,0.5463272333145142,0.5463272333145142
850241172,cal,0,0,0.3637697994709015,0.6362302303314209
1005650799,cal,0,0,0.19616642594337463,0.8038336038589478
712594102,cal,0,1,0.6595051288604736,0.6595051288604736
983151447,cal,0,0,0.25198182463645935,0.7480181455612183
1091147288,cal,0,0,0.1128733679652214,0.887126624584198
484792575,test,0,0,0.06590546667575836,0.9340945482254028
1416285737,test,0,0,0.06314211338758469,0.9368578791618347
1094262473,test,0,0,0.015554342418909073,0.9844456315040588
1396764212,test,0,0,0.03446940705180168,0.9655305743217468
859173484,cal,1,1,0.9684157371520996,0.9684157371520996
1857143866,cal,1,1,0.9837145209312439,0.9837145209312439
1951882099,cal,1,1,0.9581928849220276,0.9581928849220276
515534716,cal,1,1,0.8755415081977844,0.8755415081977844
1476702010,cal,1,1,0.9593450427055359,0.9593450427055359
1625543976,cal,1,1,0.8458259105682373,0.8458259105682373
277523961,test,1,1,0.9631329774856567,0.9631329774856567
2078079301,test,1,1,0.9315980076789856,0.9315980076789856
985491328,test,1,1,0.982586145401001,0.982586145401001
1087001112,test,1,1,0.967041015625,0.967041015625
805902514,cal,1,1,0.599926233291626,0.599926233291626
1002465216,cal,1,1,0.6063480973243713,0.6063480973243713
1207133806,cal,1,0,0.43881791830062866,0.5611820816993713
631861188,cal,1,0,0.31318774819374084,0.6868122816085815
833819913,cal,1,1,0.6123350262641907,0.6123350262641907
1020869006,cal,1,1,0.6504449844360352,0.6504449844360352
197869140,cal,0,0,0.007103943731635809,0.9928960800170898
1066003869,cal,0,0,0.0008948323666118085,0.9991051554679871
1786320904,cal,0,0,0.0037750753108412027,0.9962249398231506
158289177,cal,0,0,0.026635896414518356,0.9733641147613525
465638013,cal,0,0,0.011554899625480175,0.9884451031684875
944334618,cal,0,0,0.019383499398827553,0.9806165099143982
219546943,cal,0,1,0.9245453476905823,0.9245453476905823
1525818262,cal,0,1,0.7507141828536987,0.7507141828536987
1736779921,cal,0,1,0.9174396991729736,0.9174396991729736
180134169,cal,0,1,0.9683091044425964,0.9683091044425964
493928028,cal,0,1,0.8687654733657837,0.8687654733657837
496554907,cal,0,1,0.5350921154022217,0.5350921154022217
654175231,cal,0,0,0.0975664034485817,0.9024335741996765
1099649351,test,1,1,0.6124703288078308,0.6124703288078308
1308267993,test,1,1,0.9695813059806824,0.9695813059806824
197756162,test,1,0,0.2672630846500397,0.7327369451522827
2008553925,test,1,0,0.03269551321864128,0.9673044681549072
1300420032,cal,1,0,0.44954177737236023,0.5504581928253174
1519109923,cal,1,1,0.5987741947174072,0.5987741947174072
78937501,cal,1,1,0.7614318132400513,0.7614318132400513
2046559918,cal,1,1,0.8977143168449402,0.8977143168449402
107162577,cal,0,0,0.0019933930598199368,0.9980065822601318
247086752,cal,0,0,0.020277418196201324,0.9797225594520569
285006790,cal,0,0,0.002053126459941268,0.9979468584060669
965976240,cal,0,0,0.0012488942593336105,0.9987511038780212
155960635,cal,0,0,2.154245157726109e-05,0.9999784827232361
1358549077,cal,0,0,0.027061836794018745,0.9729381799697876
1889910865,cal,0,0,0.005608745384961367,0.9943912625312805
1906641650,cal,0,0,0.001812263741157949,0.9981877207756042
1999813283,cal,0,0,0.002750436309725046,0.9972495436668396
1031874837,cal,0,0,0.08859573304653168,0.9114042520523071
1360932151,cal,0,0,0.062432512640953064,0.9375674724578857
194447237,cal,0,0,0.17078042030334473,0.8292195796966553
1987017229,cal,0,0,0.15893428027629852,0.8410657048225403
1137907037,test,1,1,0.9806509613990784,0.9806509613990784
1694071695,test,1,1,0.9768707752227783,0.9768707752227783
548828447,test,1,1,0.9781576991081238,0.9781576991081238
1492922349,test,1,1,0.9776861667633057,0.9776861667633057
385563784,cal,0,0,0.02709375135600567,0.972906231880188
1079368405,cal,0,0,0.03126911818981171,0.9687308669090271
1482335899,cal,0,0,0.19789539277553558,0.8021045923233032
50397686,cal,0,0,0.024264296516776085,0.9757357239723206
439302550,cal,0,0,0.11352372914552689,0.8864762783050537
55507362,cal,0,0,0.007743195164948702,0.9922568202018738
732216914,cal,0,0,0.010586629621684551,0.9894133806228638
1074390640,cal,0,0,0.010140783153474331,0.9898592233657837
244803388,cal,0,0,0.0035803092177957296,0.9964196681976318
292181380,cal,0,0,0.0007070907740853727,0.9992929100990295
2096970932,cal,0,0,0.007723852060735226,0.992276132106781
943724384,cal,0,1,0.7104530930519104,0.7104530930519104
1016331643,cal,0,0,0.08644767105579376,0.9135523438453674
541254380,cal,0,1,0.9431359767913818,0.9431359767913818
682804614,cal,0,0,0.23460447788238525,0.7653955221176147
1168538875,cal,0,1,0.5837085247039795,0.5837085247039795
1206043417,cal,0,0,0.3275192379951477,0.6724807620048523
1789016949,cal,0,0,0.15717554092407227,0.8428244590759277
85106405,cal,0,0,0.21663902699947357,0.7833609580993652
898570684,cal,0,0,0.45851027965545654,0.5414897203445435
1799865074,cal,0,0,0.3557202219963074,0.6442797780036926
966280301,cal,1,1,0.8808861970901489,0.8808861970901489
1272744611,cal,1,1,0.6301548480987549,0.6301548480987549
1463310175,cal,1,0,0.018879693001508713,0.9811202883720398
1064005906,cal,1,0,0.10516820847988129,0.8948317766189575
1690909846,cal,1,0,0.46873173117637634,0.5312682390213013
1638667,cal,0,0,0.041668474674224854,0.9583315253257751
1379058039,cal,0,0,0.005950719118118286,0.9940493106842041
778539677,cal,0,0,0.2507401406764984,0.7492598295211792
1181657344,cal,0,0,0.06339992582798004,0.9366000890731812
2112944979,cal,0,0,0.010500509291887283,0.9894995093345642
55778582,test,1,1,0.9536350965499878,0.9536350965499878
984393876,test,1,1,0.8579646944999695,0.8579646944999695
1522411976,test,1,1,0.8307968974113464,0.8307968974113464
320934778,test,1,1,0.8751364946365356,0.8751364946365356
795016809,test,1,1,0.9268250465393066,0.9268250465393066
1496834430,test,1,1,0.9090202450752258,0.9090202450752258
868096410,cal,0,0,0.008948096074163914,0.9910519123077393
1188637616,cal,0,0,0.002687776228412986,0.9973122477531433
1707578039,cal,0,0,0.001704367808997631,0.9982956051826477
1913779264,cal,0,0,0.008899681270122528,0.9911003112792969
227876514,cal,0,1,0.5291264057159424,0.5291264057159424
1297059693,cal,0,1,0.5160302519798279,0.5160302519798279
193725339,cal,0,1,0.5821482539176941,0.5821482539176941
1047449999,cal,0,1,0.5936403870582581,0.5936403870582581
1103401820,cal,0,1,0.5701966881752014,0.5701966881752014
1666141346,cal,0,1,0.5046645998954773,0.5046645998954773
594288602,cal,0,0,0.07815523445606232,0.9218447804450989
1886519023,cal,0,0,0.16833044588565826,0.8316695690155029
449878496,cal,0,1,0.5052053928375244,0.5052053928375244
1112807762,cal,0,0,0.23082159459590912,0.7691783905029297
1170338783,cal,0,0,0.38378286361694336,0.6162171363830566
1066710235,cal,1,1,0.9472848176956177,0.9472848176956177
1349153465,cal,1,1,0.8334988951683044,0.8334988951683044
264121965,cal,1,0,0.43956682085990906,0.5604331493377686
1584076835,cal,1,0,0.09069985151290894,0.9093001484870911
22526817,test,0,0,0.17572586238384247,0.8242741227149963
1014124306,test,0,0,0.1572500616312027,0.8427499532699585
1019171680,test,0,1,0.5422876477241516,0.5422876477241516
1235022823,test,0,0,0.1386648267507553,0.8613351583480835
1164309960,test,0,0,0.25656676292419434,0.7434332370758057
1577882405,test,0,0,0.13947075605392456,0.8605292439460754
1734953396,test,0,0,0.10681291669607162,0.8931871056556702
1493453815,test,0,0,0.20036958158016205,0.7996304035186768
1956206531,test,0,1,0.5108696222305298,0.5108696222305298
1009964266,test,0,1,0.6480888724327087,0.6480888724327087
1378736391,test,0,1,0.6408804655075073,0.6408804655075073
1446852531,test,0,0,0.32957279682159424,0.6704272031784058
310760509,cal,0,0,0.0035796104930341244,0.9964203834533691
895229633,cal,0,0,0.022385776042938232,0.9776142239570618
1461309443,cal,0,0,0.007451443467289209,0.9925485849380493
1948164128,cal,0,0,0.01110758725553751,0.9888924360275269
447215002,cal,0,0,0.0004572924808599055,0.9995427131652832
1638544593,cal,0,0,0.027439827099442482,0.9725601673126221
1640250691,cal,0,0,0.00872399564832449,0.9912760257720947
1991399451,cal,0,0,0.003398256842046976,0.9966017603874207
396403144,cal,0,0,0.05176141485571861,0.9482386112213135
711374988,cal,0,0,0.029632169753313065,0.9703678488731384
1094814479,cal,0,0,0.05026216059923172,0.9497378468513489
2119393004,cal,0,0,0.005419441498816013,0.9945805668830872
658570295,test,0,0,0.40124961733818054,0.5987503528594971
1719791686,test,0,0,0.4883681535720825,0.5116318464279175
677495750,test,0,0,0.27592331171035767,0.7240766882896423
1343655504,test,0,0,0.4298791289329529,0.5701208710670471
1599132094,test,0,1,0.8093992471694946,0.8093992471694946
322305519,cal,1,1,0.7960288524627686,0.7960288524627686
505255398,cal,1,1,0.8330111503601074,0.8330111503601074
249829419,cal,1,1,0.6568083167076111,0.6568083167076111
1763862116,cal,1,1,0.9054980278015137,0.9054980278015137
407231705,cal,1,0,0.1913205087184906,0.808679461479187
793804083,cal,1,1,0.6495121717453003,0.6495121717453003
169637694,cal,1,0,0.2303846925497055,0.7696152925491333
968108543,cal,1,1,0.5100393295288086,0.5100393295288086
404518975,cal,1,0,0.2413080781698227,0.7586919069290161
1893171117,cal,1,1,0.5961344838142395,0.5961344838142395
1915026110,cal,1,1,0.5947379469871521,0.5947379469871521
688580795,cal,1,0,0.17236697673797607,0.8276330232620239
1357878426,cal,1,1,0.651567816734314,0.651567816734314
1482751222,cal,1,0,0.33303380012512207,0.6669661998748779
152851346,test,0,0,0.022062063217163086,0.9779379367828369
760258995,test,0,0,0.04446534067392349,0.9555346369743347
1313972129,test,0,0,0.014438964426517487,0.9855610132217407
2114118593,test,0,0,0.008602459914982319,0.9913975596427917
1254615926,test,0,0,0.3506366014480591,0.6493633985519409
1756327293,test,0,0,0.25528645515441895,0.744713544845581
922657193,test,0,0,0.2389008104801178,0.7610992193222046
1019158333,test,0,0,0.1440153867006302,0.855984628200531
911462042,test,0,0,0.0014037276851013303,0.9985962510108948
1587712495,test,0,0,0.020163169130682945,0.9798368215560913
152406698,test,0,0,0.060825835913419724,0.9391741752624512
1117979451,test,0,0,0.035258203744888306,0.9647418260574341
893078519,cal,0,0,0.004044180735945702,0.9959558248519897
1675612540,cal,0,0,0.003746427595615387,0.9962535500526428
767079749,cal,0,0,0.003153909230604768,0.996846079826355
1099920497,cal,0,0,0.00021730083972215652,0.9997826814651489
495125775,test,0,0,0.04835202544927597,0.9516479969024658
1888797712,test,0,0,0.025309279561042786,0.9746907353401184
608067909,test,0,0,0.02492012083530426,0.9750798940658569
712682632,test,0,0,0.02604290284216404,0.9739571213722229
1692683883,cal,0,1,0.8554248213768005,0.8554248213768005
2009769312,cal,0,0,0.35456883907318115,0.6454311609268188
493942341,cal,0,1,0.6600683331489563,0.6600683331489563
2141534128,cal,0,1,0.7573904395103455,0.7573904395103455
137039509,test,1,1,0.7752312421798706,0.7752312421798706
418038517,test,1,1,0.7374096512794495,0.7374096512794495
625697618,test,1,1,0.7749155163764954,0.7749155163764954
169573827,test,1,1,0.7299256324768066,0.7299256324768066
1234603388,test,1,1,0.9170496463775635,0.9170496463775635
298417844,cal,1,1,0.8939341902732849,0.8939341902732849
406850633,cal,1,1,0.9186697006225586,0.9186697006225586
140210205,cal,1,1,0.9528623223304749,0.9528623223304749
2093805274,cal,1,1,0.5729222297668457,0.5729222297668457
741271206,test,1,0,0.1833151876926422,0.8166848421096802
762019464,test,1,1,0.6551311016082764,0.6551311016082764
1860912111,test,1,1,0.6675304174423218,0.6675304174423218
600165706,test,1,0,0.3986925780773163,0.6013073921203613
1293986007,test,1,0,0.3195408284664154,0.6804591417312622
4662210,cal,1,0,0.43792805075645447,0.5620719194412231
126669402,cal,1,1,0.8624711036682129,0.8624711036682129
1399277193,cal,1,1,0.9190400838851929,0.9190400838851929
237183801,cal,1,0,0.41265496611595154,0.5873450040817261
579412059,cal,1,0,0.13205556571483612,0.8679444193840027
1363579430,cal,1,0,0.008206010796129704,0.9917939901351929
539216704,test,1,1,0.6872473955154419,0.6872473955154419
567070403,test,1,1,0.7765273451805115,0.7765273451805115
1813124944,test,1,1,0.75349360704422,0.75349360704422
2137160952,test,1,1,0.5940181016921997,0.5940181016921997
240214583,test,1,1,0.8303791284561157,0.8303791284561157
311348746,test,1,1,0.7591039538383484,0.7591039538383484
332106253,test,1,1,0.7890393733978271,0.7890393733978271
686790452,test,1,1,0.6605153679847717,0.6605153679847717
1371224480,test,1,1,0.7718903422355652,0.7718903422355652
634869703,cal,0,1,0.5576604604721069,0.5576604604721069
1572139746,cal,0,1,0.578982412815094,0.578982412815094
1828029922,cal,0,0,0.22687780857086182,0.7731221914291382
1008796806,cal,0,1,0.7132795453071594,0.7132795453071594
1282422227,cal,0,0,0.22919604182243347,0.7708039283752441
1588745078,cal,0,1,0.6610063314437866,0.6610063314437866
623389398,cal,1,1,0.918108344078064,0.918108344078064
1149829749,cal,1,1,0.8443053960800171,0.8443053960800171
423341625,cal,1,1,0.8367326259613037,0.8367326259613037
1111486571,cal,1,1,0.9311038851737976,0.9311038851737976
635930258,test,1,1,0.8216344714164734,0.8216344714164734
2125022228,test,1,1,0.7010734677314758,0.7010734677314758
465906802,test,1,1,0.6817353963851929,0.6817353963851929
1056169156,test,1,1,0.7100353240966797,0.7100353240966797
1072749175,cal,1,0,0.08360587060451508,0.9163941144943237
1469660648,cal,1,0,0.2123650759458542,0.7876349091529846
1764572058,cal,1,0,0.20664075016975403,0.7933592796325684
123524216,cal,1,0,0.42195701599121094,0.5780429840087891
864478705,cal,1,0,0.33156436681747437,0.6684356331825256
1311683613,cal,1,0,0.11761391162872314,0.8823860883712769
1424160275,cal,0,0,0.2880205810070038,0.7119793891906738
1945577485,cal,0,0,0.19541530311107635,0.8045846819877625
224537294,cal,0,0,0.3726937174797058,0.6273062825202942
813474902,cal,0,0,0.36131197214126587,0.6386880278587341
103058298,test,0,0,0.11591888964176178,0.8840811252593994
613760654,test,0,0,0.0026544323191046715,0.9973455667495728
1105827842,test,0,0,0.008890093304216862,0.9911099076271057
217852251,test,0,0,7.78691319283098e-05,0.9999221563339233
1118138239,test,0,0,0.0016912267310544848,0.9983087778091431
1175460544,test,0,0,0.0003670495643746108,0.9996329545974731
1615458714,test,0,0,0.03237530589103699,0.9676246643066406
1836634297,test,0,0,0.0021097806748002768,0.9978902339935303
239456541,cal,1,0,0.4961344301700592,0.5038655996322632
285608131,cal,1,0,0.465509295463562,0.534490704536438
1065349232,cal,1,0,0.49952295422554016,0.5004770755767822
1500284789,cal,1,1,0.6109985709190369,0.6109985709190369
367430042,cal,1,0,0.46201232075691223,0.5379877090454102
657118794,cal,1,1,0.5196151733398438,0.5196151733398438
1116930972,cal,1,0,0.19081000983715057,0.8091899752616882
1746359281,cal,1,0,0.4977259933948517,0.5022740364074707
1052676283,cal,1,0,0.44068872928619385,0.5593112707138062
2049346948,cal,1,0,0.3964310884475708,0.6035689115524292
414478013,cal,1,0,0.41047871112823486,0.5895212888717651
1401897568,cal,1,0,0.37746888399124146,0.6225311160087585
858365011,cal,0,1,0.5172518491744995,0.5172518491744995
1669902729,cal,0,0,0.4571128785610199,0.5428870916366577
2139001039,cal,0,0,0.22598601877689362,0.7740139961242676
664799951,cal,0,1,0.7649378180503845,0.7649378180503845
1008469333,cal,0,0,0.397320955991745,0.6026790142059326
2027365581,cal,0,0,0.4686008095741272,0.5313991904258728
133268913,cal,0,0,0.004762846976518631,0.9952371716499329
1594224749,cal,0,0,0.0001784762425813824,0.9998215436935425
1641873583,cal,0,0,0.00017379477503709495,0.999826192855835
127964,cal,0,0,0.0024171811528503895,0.9975827932357788
66512989,cal,0,0,0.0006232184823602438,0.9993767738342285
151660889,cal,0,0,0.00022770841314923018,0.999772310256958
206265254,cal,0,0,0.1975460648536682,0.8024539351463318
425102640,cal,0,1,0.7264595627784729,0.7264595627784729
827138876,cal,0,1,0.9461292624473572,0.9461292624473572
1308110398,cal,0,1,0.8374031186103821,0.8374031186103821
191019222,cal,1,1,0.9349727034568787,0.9349727034568787
1667051848,cal,1,1,0.9777814745903015,0.9777814745903015
1003275515,cal,1,1,0.980546772480011,0.980546772480011
2076297866,cal,1,1,0.9759330153465271,0.9759330153465271
58656210,cal,0,0,0.005990142002701759,0.9940098524093628
1615235104,cal,0,0,0.04370955377817154,0.9562904238700867
1776954523,cal,0,0,0.030307939276099205,0.969692051410675
520408705,cal,0,0,0.15994183719158173,0.8400581479072571
673465301,cal,0,0,0.012636842206120491,0.9873631596565247
620891638,cal,0,0,0.004569541197270155,0.9954304695129395
1936885097,cal,0,0,0.03970731049776077,0.9602926969528198
8973387,cal,0,0,0.009813247248530388,0.9901867508888245
1829060111,cal,0,0,0.012272718362510204,0.9877272844314575
343817887,cal,1,1,0.9974995255470276,0.9974995255470276
1003428714,cal,1,1,0.9944121241569519,0.9944121241569519
1401038279,cal,1,1,0.9850723147392273,0.9850723147392273
2016586395,cal,1,1,0.9864510297775269,0.9864510297775269
254224135,cal,1,1,0.9549164772033691,0.9549164772033691
1171734691,cal,1,1,0.9873656034469604,0.9873656034469604
1539076755,cal,1,1,0.9058153033256531,0.9058153033256531
1902181123,cal,1,1,0.7416023015975952,0.7416023015975952
899054891,cal,1,1,0.9129024744033813,0.9129024744033813
1074322474,cal,1,1,0.8370011448860168,0.8370011448860168
2011349525,cal,1,1,0.9382922053337097,0.9382922053337097
182515914,cal,1,1,0.7861490249633789,0.7861490249633789
1306355749,cal,1,1,0.8855503797531128,0.8855503797531128
1339871666,cal,1,1,0.7702054381370544,0.7702054381370544
145977913,cal,1,0,0.3793148696422577,0.6206851005554199
647357872,cal,1,1,0.6112480163574219,0.6112480163574219
255915843,cal,1,1,0.656179666519165,0.656179666519165
278616566,cal,1,0,0.4697033166885376,0.5302966833114624
1730670929,cal,1,1,0.693748950958252,0.693748950958252
633226811,test,1,0,0.2867569029331207,0.7132431268692017
1216505898,test,1,1,0.5421416759490967,0.5421416759490967
649819775,test,1,0,0.36301177740097046,0.6369882225990295
814516319,test,1,0,0.45395687222480774,0.5460431575775146
1089223907,test,0,0,0.1269719898700714,0.873028039932251
1534443154,test,0,0,0.04944944009184837,0.9505505561828613
1187746988,test,0,0,0.024359768256545067,0.9756402373313904
1576784294,test,0,0,0.02319691888988018,0.9768030643463135
904734367,cal,0,0,0.20806771516799927,0.7919322848320007
1269622996,cal,0,0,0.229973703622818,0.7700263261795044
193573952,cal,0,0,0.16797150671482086,0.8320285081863403
378643240,cal,0,0,0.15679389238357544,0.8432061076164246
972334044,cal,1,1,0.9667724370956421,0.9667724370956421
1681871947,cal,1,1,0.8904008269309998,0.8904008269309998
1488263572,cal,1,1,0.9854674935340881,0.9854674935340881
1556750483,cal,1,1,0.9497237801551819,0.9497237801551819
541986614,test,0,0,0.03619405999779701,0.9638059139251709
1601378533,test,0,0,0.18261711299419403,0.8173828721046448
1255665594,test,0,0,0.019164199009537697,0.9808357954025269
2053483061,test,0,0,0.002680036937817931,0.9973199367523193
179593899,test,1,1,0.7396650314331055,0.7396650314331055
498259559,test,1,1,0.919937789440155,0.919937789440155
742734272,test,1,1,0.7929645776748657,0.7929645776748657
810528820,test,1,1,0.9820699691772461,0.9820699691772461
152999581,test,1,1,0.7503682374954224,0.7503682374954224
510349153,test,1,1,0.8587011694908142,0.8587011694908142
714234152,test,1,1,0.6166793704032898,0.6166793704032898
1166874654,test,1,1,0.8929480910301208,0.8929480910301208
240659199,cal,1,1,0.8970871567726135,0.8970871567726135
526549687,cal,1,1,0.7887349128723145,0.7887349128723145
1190427783,cal,1,1,0.9093911051750183,0.9093911051750183
7345871,cal,1,1,0.9019443988800049,0.9019443988800049
534896684,cal,1,1,0.8576431274414062,0.8576431274414062
1095396480,cal,0,0,0.015026475302875042,0.9849735498428345
1109475818,cal,0,0,0.014606603421270847,0.9853934049606323
360716168,cal,0,0,0.010360810905694962,0.989639163017273
1638694017,cal,0,0,0.005149791482836008,0.994850218296051
453137519,cal,1,1,0.5420389771461487,0.5420389771461487
2113818633,cal,1,1,0.8573496341705322,0.8573496341705322
182623219,cal,1,1,0.8872657418251038,0.8872657418251038
942041246,cal,1,0,0.4920971691608429,0.5079028606414795
298141149,cal,0,1,0.6089088916778564,0.6089088916778564
1992129866,cal,0,0,0.4533263146877289,0.5466736555099487
446947777,cal,0,0,0.4480777978897095,0.5519222021102905
1083691140,cal,0,0,0.2477997988462448,0.752200186252594
1671335501,cal,0,0,0.04913119971752167,0.9508687853813171
111454965,cal,1,1,0.6856194138526917,0.6856194138526917
882925909,cal,1,0,0.3224412798881531,0.6775587201118469
726573843,cal,1,0,0.3110322952270508,0.6889677047729492
1234748992,cal,1,0,0.3449043035507202,0.6550956964492798
8122367,test,0,0,0.15263088047504425,0.8473691344261169
168221615,test,0,0,0.3370181918144226,0.6629818081855774
487375159,test,0,0,0.06763963401317596,0.9323603510856628
480456805,test,0,0,0.18922223150730133,0.8107777833938599
1405513413,test,0,0,0.4384356141090393,0.5615643858909607
1431346577,test,0,0,0.21802614629268646,0.7819738388061523
220740539,test,1,1,0.934851348400116,0.934851348400116
975029923,test,1,1,0.9678691625595093,0.9678691625595093
1872833262,test,1,1,0.9548367261886597,0.9548367261886597
1897233512,test,1,1,0.9630834460258484,0.9630834460258484
173454910,cal,1,0,0.4941438138484955,0.5058561563491821
1259645023,cal,1,0,0.48908835649490356,0.5109116435050964
1410242946,cal,1,1,0.5071781873703003,0.5071781873703003
1946658043,cal,1,1,0.5837202668190002,0.5837202668190002
302397459,cal,1,1,0.5319734811782837,0.5319734811782837
1074357139,cal,1,0,0.4883764684200287,0.5116235017776489
1183857547,cal,1,1,0.5714209675788879,0.5714209675788879
1794254610,cal,1,0,0.4455209970474243,0.5544790029525757
433679255,test,0,0,0.23658931255340576,0.7634106874465942
1914145723,test,0,0,0.09126243740320206,0.9087375402450562
1258207458,test,0,0,0.2230018675327301,0.7769981622695923
1458011839,test,0,0,0.4151133894920349,0.5848866105079651
1545257105,test,0,0,0.29368260502815247,0.7063174247741699
522172921,cal,1,1,0.918613851070404,0.918613851070404
1183182121,cal,1,1,0.863498866558075,0.863498866558075
217289453,cal,1,1,0.9830842614173889,0.9830842614173889
633234764,cal,1,1,0.9516007304191589,0.9516007304191589
1794878822,test,0,0,0.16579753160476685,0.8342024683952332
1896800798,test,0,0,0.14430268108844757,0.8556973338127136
1565017733,test,0,0,0.12489185482263565,0.8751081228256226
1614937803,test,0,0,0.2637300193309784,0.7362699508666992
638913789,cal,1,1,0.9221165776252747,0.9221165776252747
830108123,cal,1,1,0.8440327048301697,0.8440327048301697
1007266558,cal,1,1,0.7028688788414001,0.7028688788414001
1253880828,cal,1,1,0.8922790288925171,0.8922790288925171
1118092364,cal,0,0,3.71368173546216e-06,0.9999963045120239
1684930922,cal,0,0,6.8049498622713145e-06,0.9999932050704956
1080914793,cal,0,0,1.2110860552638769e-05,0.9999879002571106
1483474091,cal,0,0,9.085846386369667e-07,0.9999991059303284
333469112,cal,0,0,0.016732430085539818,0.9832675457000732
748841369,cal,0,0,0.06719829887151718,0.9328017234802246
150967517,cal,0,0,0.02744637429714203,0.9725536108016968
738710725,cal,0,0,0.04688546806573868,0.9531145095825195
1391155275,cal,0,0,0.12927106022834778,0.8707289695739746
252013216,cal,0,0,0.00018136845028493553,0.9998186230659485
1383830113,cal,0,0,0.0003284258709754795,0.9996715784072876
249677,cal,0,0,6.809410024288809e-06,0.9999932050704956
636410662,cal,0,0,0.0008325151284225285,0.9991675019264221
1217832977,cal,0,0,2.2543288650922477e-05,0.9999774694442749
1220661702,cal,1,1,0.9818153977394104,0.9818153977394104
2130806169,cal,1,1,0.9940348267555237,0.9940348267555237
121647768,cal,1,1,0.9808034896850586,0.9808034896850586
1215060733,cal,1,1,0.9887208342552185,0.9887208342552185
1293338219,cal,1,1,0.9909434914588928,0.9909434914588928
197668795,cal,0,0,0.17923462390899658,0.8207653760910034
811985395,cal,0,0,0.0448002889752388,0.9551997184753418
923224595,cal,0,0,0.057940445840358734,0.9420595765113831
357729989,cal,0,0,0.2337931990623474,0.7662068009376526
1630180552,cal,0,0,0.06607728451490402,0.9339227080345154
1994819885,cal,0,0,0.0377117358148098,0.9622882604598999
533401584,cal,0,1,0.7341846823692322,0.7341846823692322
1184686938,cal,0,1,0.8632381558418274,0.8632381558418274
38405724,cal,0,1,0.9092860221862793,0.9092860221862793
1474580307,cal,0,1,0.8887874484062195,0.8887874484062195
2087374858,cal,0,1,0.9762716293334961,0.9762716293334961
2107252695,cal,0,1,0.9613857865333557,0.9613857865333557
676453633,cal,0,1,0.9783626794815063,0.9783626794815063
1396938747,cal,0,1,0.966343879699707,0.966343879699707
1361979511,cal,0,0,0.41097602248191833,0.5890239477157593
1967135280,cal,0,0,0.4644017815589905,0.5355982184410095
1745895425,cal,0,0,0.17064644396305084,0.8293535709381104
1878319189,cal,0,0,0.17930200695991516,0.8206980228424072
151309151,test,0,0,0.144550621509552,0.855449378490448
1225607299,test,0,0,0.19965863227844238,0.8003413677215576
1527376234,test,0,0,0.11610516905784607,0.8838948011398315
79732175,test,0,0,0.15532372891902924,0.8446762561798096
1984529459,test,0,0,0.23546315729618073,0.7645368576049805
2136952196,test,0,0,0.2615586817264557,0.7384413480758667
1014013978,cal,0,0,1.310496372752823e-05,0.9999868869781494
1032274187,cal,0,0,8.061427365646523e-07,0.9999991655349731
411886595,cal,0,0,2.1286467017489485e-05,0.9999787211418152
800856891,cal,0,0,0.00026262004394084215,0.9997373819351196
1583881486,cal,0,0,0.00020602719450835139,0.9997939467430115
490888262,cal,1,1,0.5218411684036255,0.5218411684036255
982556856,cal,1,1,0.6340830326080322,0.6340830326080322
1532473501,cal,1,1,0.7341753244400024,0.7341753244400024
1263670029,cal,1,1,0.9324666261672974,0.9324666261672974
2084685085,cal,1,1,0.9393382668495178,0.9393382668495178
2134638206,cal,1,1,0.9285579323768616,0.9285579323768616
1031905591,test,1,0,0.4261818528175354,0.5738181471824646
1972329731,test,1,1,0.6607025265693665,0.6607025265693665
1029512398,test,1,1,0.6280981302261353,0.6280981302261353
1079539963,test,1,1,0.6219993233680725,0.6219993233680725
1328485202,cal,0,0,0.05461162328720093,0.9453883767127991
1923389718,cal,0,0,0.086318239569664,0.9136817455291748
336101230,cal,0,0,0.011433073319494724,0.9885669350624084
1021618321,cal,0,0,0.04621773213148117,0.9537822604179382
1666777642,cal,0,0,0.05612396076321602,0.9438760280609131
150065618,test,1,0,0.4510402977466583,0.5489597320556641
1860125281,test,1,0,0.44780635833740234,0.5521936416625977
492124098,test,1,1,0.6520531177520752,0.6520531177520752
1387239105,test,1,1,0.8088043332099915,0.8088043332099915
97532695,cal,1,1,0.9487366676330566,0.9487366676330566
539836420,cal,1,1,0.9154240489006042,0.9154240489006042
1546041515,cal,1,1,0.9573287963867188,0.9573287963867188
55361095,cal,1,1,0.9213724732398987,0.9213724732398987
335276847,cal,1,1,0.9402821660041809,0.9402821660041809
779760980,cal,1,1,0.8037619590759277,0.8037619590759277
72889219,cal,0,0,0.2065783143043518,0.7934216856956482
994468509,cal,0,1,0.5283164978027344,0.5283164978027344
1766499202,cal,0,1,0.8131229281425476,0.8131229281425476
1841985142,cal,0,0,0.24553275108337402,0.754467248916626
735499691,cal,0,0,0.00017961343110073358,0.9998204112052917
1267104694,cal,0,1,0.580505907535553,0.580505907535553
1318911271,cal,0,1,0.5063675045967102,0.5063675045967102
1546186373,cal,0,0,0.4882928729057312,0.5117071270942688
1211574166,cal,1,1,0.9676623940467834,0.9676623940467834
1931219874,cal,1,1,0.8039951324462891,0.8039951324462891
623989199,cal,1,1,0.9557555317878723,0.9557555317878723
2039818549,cal,1,1,0.9731479287147522,0.9731479287147522
2222207,cal,1,1,0.6307875514030457,0.6307875514030457
187606756,cal,1,1,0.9530507922172546,0.9530507922172546
217350862,cal,1,0,0.14824479818344116,0.8517552018165588
60652316,cal,1,1,0.5394814014434814,0.5394814014434814
1570950060,cal,1,1,0.7936462163925171,0.7936462163925171
42951015,cal,0,1,0.6625849008560181,0.6625849008560181
478765362,cal,0,0,0.21347643435001373,0.7865235805511475
1057320090,cal,0,0,0.1930176019668579,0.8069823980331421
1444915938,cal,0,0,0.4185865819454193,0.5814133882522583
133124208,cal,0,1,0.5684794783592224,0.5684794783592224
359345507,cal,0,1,0.8857758045196533,0.8857758045196533
583000823,cal,0,1,0.8219016790390015,0.8219016790390015
1903258650,test,1,0,0.2664000988006592,0.7335999011993408
2034905978,test,1,1,0.8993809819221497,0.8993809819221497
2071782547,test,1,1,0.5557361841201782,0.5557361841201782
1245828964,test,1,1,0.6472597122192383,0.6472597122192383
1457378619,test,1,1,0.8987467288970947,0.8987467288970947
2103697614,test,1,1,0.845986545085907,0.845986545085907
288765902,cal,1,0,0.2774733304977417,0.7225266695022583
736217997,cal,1,0,0.4134643077850342,0.5865356922149658
743119245,cal,1,1,0.8051698207855225,0.8051698207855225
1029331922,cal,1,1,0.7692591547966003,0.7692591547966003
1987965672,cal,1,0,0.39718469977378845,0.6028152704238892
1782583190,cal,0,0,0.17215822637081146,0.8278417587280273
2093169211,cal,0,0,0.12752413749694824,0.8724758625030518
1292210706,cal,0,0,0.16694983839988708,0.8330501317977905
1349047316,cal,0,0,0.42673808336257935,0.5732619166374207
1195287317,test,0,0,0.08760038763284683,0.9123995900154114
1588307159,test,0,0,0.052922047674655914,0.9470779299736023
1863746838,test,0,0,0.2892175614833832,0.7107824087142944
32424341,test,0,0,0.15440966188907623,0.845590353012085
1743391662,test,0,0,0.14778530597686768,0.8522146940231323
1312041016,cal,0,0,0.08614625036716461,0.9138537645339966
2073432294,cal,0,0,0.24513809382915497,0.7548618912696838
871916422,cal,0,0,0.03765547648072243,0.9623445272445679
1178925052,cal,0,0,0.26153966784477234,0.7384603023529053
941419694,test,0,0,0.06823868304491043,0.9317613244056702
1879228124,test,0,0,0.06779123842716217,0.932208776473999
2115046188,test,0,0,0.05451853573322296,0.9454814791679382
1967002780,test,0,0,0.3286859095096588,0.6713141202926636
1983512783,test,0,0,0.08020713925361633,0.919792890548706
823790196,cal,1,1,0.7797440886497498,0.7797440886497498
1922374111,cal,1,1,0.6607369780540466,0.6607369780540466
309785457,cal,1,1,0.9768415093421936,0.9768415093421936
441263160,cal,1,1,0.9553210139274597,0.9553210139274597
445113117,test,0,0,0.25412192940711975,0.7458781003952026
1029186684,test,0,0,0.3269626498222351,0.6730373501777649
1146801102,test,0,0,0.30178302526474,0.69821697473526
1309628291,test,0,0,0.158915176987648,0.8410848379135132
1339328850,test,0,0,0.16034387052059174,0.8396561145782471
1201333226,cal,1,1,0.6472394466400146,0.6472394466400146
1419558211,cal,1,1,0.687969446182251,0.687969446182251
1551910843,cal,1,1,0.570451021194458,0.570451021194458
1642793937,cal,1,1,0.719955325126648,0.719955325126648
404790901,cal,1,1,0.7684996724128723,0.7684996724128723
1707799086,cal,1,1,0.7064639925956726,0.7064639925956726
1812239773,cal,1,1,0.6052197217941284,0.6052197217941284
2051486099,cal,1,1,0.7795620560646057,0.7795620560646057
572392983,cal,0,0,0.004563780967146158,0.9954361915588379
575634638,cal,0,0,0.011904468759894371,0.9880955219268799
1131002793,cal,0,0,0.01349987555295229,0.9865001440048218
1983596515,cal,0,0,0.010136320255696774,0.9898636937141418
1215447713,test,0,1,0.5266885757446289,0.5266885757446289
1408995603,test,0,0,0.4687524437904358,0.5312475562095642
1560749953,test,0,1,0.6175174117088318,0.6175174117088318
2130623709,test,0,1,0.5795591473579407,0.5795591473579407
630217139,test,0,0,0.49644675850868225,0.5035532712936401
797823022,test,0,1,0.6914135217666626,0.6914135217666626
1097536144,test,0,1,0.7466832995414734,0.7466832995414734
1240294865,test,0,1,0.6437782049179077,0.6437782049179077
1500094188,cal,1,1,0.8221383690834045,0.8221383690834045
2002265115,cal,1,1,0.9464850425720215,0.9464850425720215
134062349,cal,1,1,0.6883044242858887,0.6883044242858887
486884967,cal,1,1,0.8366770148277283,0.8366770148277283
408567082,cal,0,0,0.01416404265910387,0.9858359694480896
1076689278,cal,0,0,0.0032120300456881523,0.996787965297699
1703573597,cal,0,0,0.006503264885395765,0.9934967160224915
1007866781,cal,0,0,0.00030415551736950874,0.9996958374977112
1237305371,cal,0,0,0.008669295348227024,0.9913306832313538
1290228060,cal,0,0,0.0016101867659017444,0.9983898401260376
544154250,cal,0,0,0.1109657809138298,0.8890342116355896
1289520449,cal,0,0,0.0323839895427227,0.9676160216331482
1424503280,cal,0,0,0.030361233279109,0.9696387648582458
1526822561,cal,0,0,0.0860871970653534,0.9139127731323242
1548630601,cal,0,0,0.10968068987131119,0.890319287776947
1357879209,test,0,0,0.13148388266563416,0.8685160875320435
1838653365,test,0,0,0.029343970119953156,0.9706560373306274
1407317757,test,0,0,0.0697077289223671,0.9302922487258911
1740682416,test,0,0,0.013354490511119366,0.986645519733429
1034144413,test,1,1,0.8722131848335266,0.8722131848335266
2086543643,test,1,1,0.9208613038063049,0.9208613038063049
191362946,test,1,1,0.8865652680397034,0.8865652680397034
1284687021,test,1,1,0.8758838176727295,0.8758838176727295
1531043888,test,1,1,0.9370465278625488,0.9370465278625488
511490556,cal,0,0,0.05154166370630264,0.9484583139419556
822683321,cal,0,0,0.023123763501644135,0.9768762588500977
1204289874,cal,0,0,0.005400295834988356,0.9945996999740601
1527195043,cal,0,0,0.011934789828956127,0.9880651831626892
738926519,cal,1,1,0.6665604710578918,0.6665604710578918
1260878634,cal,1,1,0.7004004120826721,0.7004004120826721
917546937,cal,1,0,0.39307212829589844,0.6069278717041016
2097534131,cal,1,0,0.2734787166118622,0.7265212535858154
378623093,test,0,1,0.5673988461494446,0.5673988461494446
801684731,test,0,1,0.5841926336288452,0.5841926336288452
887145105,test,0,1,0.7265802025794983,0.7265802025794983
1935805685,test,0,0,0.30721813440322876,0.6927818655967712
328462789,test,1,1,0.6890167593955994,0.6890167593955994
1137182203,test,1,1,0.8346170783042908,0.8346170783042908
504635833,test,1,0,0.4357593059539795,0.5642406940460205
675909296,test,1,1,0.8738224506378174,0.8738224506378174
1057752234,test,1,0,0.40572312474250793,0.5942769050598145
1582486652,cal,1,1,0.5012373924255371,0.5012373924255371
2140672854,cal,1,1,0.5982314944267273,0.5982314944267273
1210590637,cal,1,1,0.6028913259506226,0.6028913259506226
1625458657,cal,1,1,0.5212167501449585,0.5212167501449585
949914922,cal,0,0,0.13890747725963593,0.8610925078392029
1514578464,cal,0,0,0.38144451379776,0.61855548620224
1555917250,cal,0,0,0.3493971824645996,0.6506028175354004
145170954,cal,0,1,0.7607713937759399,0.7607713937759399
1231101161,cal,0,1,0.8879683613777161,0.8879683613777161
1564214908,cal,0,1,0.6593086123466492,0.6593086123466492
232500824,cal,0,1,0.7429405450820923,0.7429405450820923
1311580308,cal,0,1,0.9322031140327454,0.9322031140327454
945084785,cal,0,1,0.7000635862350464,0.7000635862350464
1160167399,cal,0,1,0.9599275588989258,0.9599275588989258
1442180348,cal,0,0,0.034606676548719406,0.9653933048248291
1789648218,cal,0,0,0.03555162623524666,0.9644483923912048
822390278,cal,0,0,0.0321195088326931,0.9678804874420166
1723979573,cal,0,0,0.024202004075050354,0.9757980108261108
1962456803,cal,0,0,0.010446300730109215,0.989553689956665
1997933901,cal,0,0,0.02459695376455784,0.9754030704498291
289466091,cal,0,0,0.24563437700271606,0.7543656229972839
909540370,cal,0,0,0.07401662319898605,0.9259833693504333
1208803953,cal,0,0,0.43602535128593445,0.5639746189117432
1418553916,cal,0,0,0.464275985956192,0.5357240438461304
535497672,cal,1,1,0.9574655890464783,0.9574655890464783
1637533881,cal,1,1,0.9866775274276733,0.9866775274276733
1238134068,cal,1,1,0.983253538608551,0.983253538608551
1980990153,cal,1,1,0.9729247689247131,0.9729247689247131
625210893,cal,1,0,0.2395961582660675,0.7604038715362549
1208943812,cal,1,1,0.9576202630996704,0.9576202630996704
306988913,cal,1,1,0.881130576133728,0.881130576133728
333249722,cal,1,1,0.9160075783729553,0.9160075783729553
1378018965,cal,1,0,0.15008623898029327,0.8499137759208679
14100413,cal,0,0,0.047212306410074234,0.9527876973152161
94746098,cal,0,0,0.016942111775279045,0.9830579161643982
1260330255,cal,0,0,0.0006438601412810385,0.9993561506271362
337080086,cal,0,0,0.008319162763655186,0.9916808605194092
1382430597,cal,0,0,0.01709350012242794,0.9829065203666687
1693107430,cal,0,0,0.009638573043048382,0.9903614521026611
351037722,test,0,0,0.009984374977648258,0.9900156259536743
1075633260,test,0,0,0.004276163876056671,0.9957238435745239
2104042908,test,0,0,0.09293235838413239,0.9070676565170288
338528441,test,0,0,0.0286482535302639,0.9713517427444458
459451505,test,0,0,0.023855581879615784,0.9761444330215454
2053537715,test,0,0,0.031195228919386864,0.9688047766685486
616148738,cal,0,0,0.004556477535516024,0.9954435229301453
1766504123,cal,0,1,0.5146582126617432,0.5146582126617432
730039852,cal,0,0,0.03101276233792305,0.968987226486206
1080096064,cal,0,0,0.006022606510668993,0.9939773678779602
1668839768,cal,0,0,0.022779878228902817,0.9772201180458069
1158149796,test,0,1,0.9833747148513794,0.9833747148513794
1649171056,test,0,1,0.9311637282371521,0.9311637282371521
519670691,test,0,1,0.9796216487884521,0.9796216487884521
1786467280,test,0,1,0.962089478969574,0.962089478969574
1846317500,test,0,1,0.9417532682418823,0.9417532682418823
464708482,cal,0,0,0.24159017205238342,0.758409857749939
1367051656,cal,0,0,0.1305788904428482,0.869421124458313
1464282441,cal,0,0,0.16442570090293884,0.8355742692947388
1110850296,cal,0,0,0.059900715947151184,0.94009929895401
1627098528,cal,0,0,0.08066876232624054,0.9193312525749207
363337486,cal,1,1,0.9843965172767639,0.9843965172767639
1688880112,cal,1,1,0.9749964475631714,0.9749964475631714
921117045,cal,1,1,0.9036459922790527,0.9036459922790527
1876052717,cal,1,1,0.9662454724311829,0.9662454724311829
125556092,cal,0,0,2.8505819500423968e-05,0.9999715089797974
213713039,cal,0,0,8.948791929697109e-09,1.0
638561078,cal,0,0,0.0015758333029225469,0.9984241724014282
885223542,cal,0,0,0.00013558204227592796,0.999864399433136
1229862162,cal,0,0,0.02443704567849636,0.9755629301071167
1266337664,cal,0,0,0.0006405381136573851,0.9993594884872437
703432485,cal,0,0,4.2740750359371305e-05,0.999957263469696
992751859,cal,0,0,1.2003801202808972e-05,0.9999880194664001
1280950421,cal,0,0,0.00018909102072939277,0.9998109340667725
1588502212,cal,0,0,0.03362162038683891,0.966378390789032
680977645,test,0,0,0.0739704892039299,0.9260295033454895
2031989094,test,0,0,0.021888548508286476,0.9781114459037781
556111966,test,0,0,0.03521599620580673,0.9647840261459351
990050442,test,0,0,0.010950065217912197,0.9890499114990234
1482760462,test,0,0,0.052654825150966644,0.9473451972007751
189841090,cal,0,0,0.4353698194026947,0.5646301507949829
449329720,cal,0,0,0.42034152150154114,0.5796585083007812
748668947,cal,0,1,0.5429542064666748,0.5429542064666748
1077021813,cal,0,0,0.1462153047323227,0.8537846803665161
2145780250,cal,0,0,0.41454851627349854,0.5854514837265015
921962924,test,1,1,0.6769158840179443,0.6769158840179443
1254992707,test,1,1,0.7074726819992065,0.7074726819992065
156340452,test,1,1,0.8030070066452026,0.8030070066452026
244881262,test,1,1,0.7142341136932373,0.7142341136932373
1666979734,test,1,1,0.705543577671051,0.705543577671051
197233170,cal,0,1,0.9552860856056213,0.9552860856056213
1018220600,cal,0,0,0.4729745090007782,0.5270254611968994
303778284,cal,0,0,0.0005220663733780384,0.9994779229164124
949595004,cal,0,0,0.00046866192133165896,0.9995313286781311
960240970,cal,0,0,0.0015102135948836803,0.9984897971153259
1463843874,cal,0,0,0.00012966206122655421,0.9998703598976135
1601958701,cal,1,1,0.9809975028038025,0.9809975028038025
1664866138,cal,1,1,0.978748083114624,0.978748083114624
1073517167,cal,1,1,0.9969961643218994,0.9969961643218994
2113028893,cal,1,1,0.983357310295105,0.983357310295105
1250961710,cal,0,0,0.0003324438293930143,0.9996675848960876
1279287885,cal,0,0,0.0038700434379279613,0.9961299300193787
1850978668,cal,0,0,4.289393837098032e-05,0.9999570846557617
603062262,cal,0,0,0.003932440187782049,0.9960675835609436
750948986,cal,0,0,0.0019732650835067034,0.9980267286300659
1559089551,cal,0,0,9.047594176081475e-06,0.9999909400939941
1783362471,test,0,0,0.072422094643116,0.9275779128074646
1789894021,test,0,0,0.09321772307157516,0.9067822694778442
160031162,test,0,0,0.0448005311191082,0.9551994800567627
492913423,test,0,0,0.03314698114991188,0.9668530225753784
1329918742,test,0,0,0.08199059218168259,0.9180094003677368
170395242,cal,1,1,0.6563034653663635,0.6563034653663635
1133399885,cal,1,1,0.7184651494026184,0.7184651494026184
1487093982,cal,1,1,0.6077704429626465,0.6077704429626465
1995065507,cal,1,1,0.593256413936615,0.593256413936615
894715323,cal,1,1,0.5556135773658752,0.5556135773658752
1652106768,cal,1,1,0.7047164440155029,0.7047164440155029
64253468,test,0,0,0.1218356266617775,0.8781643509864807
184088890,test,0,0,0.3249472975730896,0.6750527024269104
429471258,test,0,0,0.3658531606197357,0.6341468095779419
7057000,test,0,0,0.06260161101818085,0.937398374080658
758481558,test,0,0,0.06152709946036339,0.9384729266166687
1209268705,test,0,0,0.08404765278100967,0.9159523248672485
139716801,test,0,0,0.0005027317674830556,0.9994972944259644
979401625,test,0,0,0.01773841679096222,0.982261598110199
1729361007,test,0,0,0.002717573195695877,0.9972824454307556
2115091590,test,0,0,0.0008711753762327135,0.9991288185119629
302989247,cal,0,0,0.49258914589881897,0.5074108839035034
1405314703,cal,0,1,0.5609575510025024,0.5609575510025024
1620084924,cal,0,0,0.2132236361503601,0.7867763638496399
1860667777,cal,0,0,0.33936646580696106,0.6606335639953613
2139601406,cal,0,0,0.21504975855350494,0.7849502563476562
861323421,cal,0,0,0.2906588315963745,0.7093411684036255
1818517703,cal,0,1,0.5659393072128296,0.5659393072128296
361875956,cal,0,0,0.09387009590864182,0.9061298966407776
396189007,cal,0,0,0.09415303170681,0.9058469533920288
1245090607,cal,0,0,0.0698971226811409,0.9301028847694397
812789747,cal,1,0,0.43910616636276245,0.5608938336372375
880801637,cal,1,0,0.4503635764122009,0.5496364235877991
155851844,cal,1,0,0.22972606122493744,0.7702739238739014
1082350590,cal,1,0,0.19476716220378876,0.80523282289505
1851290750,cal,1,1,0.9685530662536621,0.9685530662536621
1976878020,cal,1,1,0.9611967206001282,0.9611967206001282
706665449,cal,1,1,0.9293358325958252,0.9293358325958252
1341230717,cal,1,1,0.7018101215362549,0.7018101215362549
1460629491,cal,1,1,0.974772572517395,0.974772572517395
375532418,cal,0,0,0.03247007727622986,0.9675298929214478
1368234551,cal,0,0,0.03197622671723366,0.9680237770080566
319073918,cal,0,0,0.09044678509235382,0.9095532298088074
2128832504,cal,0,0,0.21461613476276398,0.7853838801383972
402301442,cal,0,0,0.016790149733424187,0.9832098484039307
1659721042,cal,0,0,0.06546042859554291,0.9345395565032959
1956625879,cal,0,0,0.24397258460521698,0.7560274004936218
1075727458,cal,0,0,0.004681166261434555,0.9953188300132751
1550132903,cal,0,0,0.013180906884372234,0.9868190884590149
1680253835,cal,1,0,0.4888535737991333,0.5111464262008667
1854899389,cal,1,1,0.6652498841285706,0.6652498841285706
821681566,cal,1,0,0.4877551794052124,0.5122448205947876
1134675907,cal,1,1,0.7479978799819946,0.7479978799819946
143027758,cal,0,0,0.04421190172433853,0.9557880759239197
1513491731,cal,0,0,0.1273021697998047,0.8726978302001953
243994735,cal,0,0,0.026353701949119568,0.9736462831497192
577782072,cal,0,0,0.07625821977853775,0.9237417578697205
1720792604,cal,0,0,0.08741001784801483,0.912589967250824
1998989904,cal,0,0,0.02940533682703972,0.9705946445465088
1344686282,cal,1,1,0.7419261336326599,0.7419261336326599
1692762920,cal,1,1,0.9007313847541809,0.9007313847541809
1827476451,cal,1,1,0.8557730913162231,0.8557730913162231
353757771,cal,1,1,0.9379615187644958,0.9379615187644958
633102402,cal,1,1,0.9276517033576965,0.9276517033576965
1673157820,test,0,0,0.0860273614525795,0.9139726161956787
1827908905,test,0,0,0.2965962290763855,0.7034037709236145
689437154,test,0,0,0.3356296718120575,0.6643702983856201
1859547445,test,0,0,0.22675572335720062,0.7732442617416382
1116894417,cal,0,0,0.00012022567534586415,0.999879777431488
1770019218,cal,0,0,8.631635864730924e-05,0.9999136924743652
473237465,cal,0,0,0.013023232109844685,0.9869767427444458
625011704,cal,0,0,0.022573217749595642,0.9774267673492432
184409553,cal,0,0,0.01921805925667286,0.9807819128036499
977502030,cal,0,0,0.04949338734149933,0.9505066275596619
623014940,cal,0,0,0.0015712545718997717,0.9984287619590759
1605876492,cal,0,0,0.005051590036600828,0.9949483871459961
1982596702,cal,0,0,0.01773926429450512,0.9822607636451721
899793661,cal,0,0,0.034464798867702484,0.9655352234840393
1395295695,cal,0,0,6.803403084632009e-05,0.9999319911003113
1692852778,cal,0,0,0.0007709575002081692,0.9992290139198303
1283242087,cal,0,0,0.04769260063767433,0.952307403087616
2058514481,cal,0,0,0.04924408346414566,0.9507558941841125
608031823,cal,0,0,0.04313682019710541,0.9568631649017334
1979131702,cal,0,0,0.01181216724216938,0.988187849521637
165655136,cal,0,0,0.036239802837371826,0.9637601971626282
1214122943,cal,0,0,0.05149856209754944,0.948501467704773
491423444,cal,1,1,0.5864523649215698,0.5864523649215698
824131407,cal,1,1,0.5810747146606445,0.5810747146606445
732578788,cal,1,1,0.9831446409225464,0.9831446409225464
1290888034,cal,1,1,0.9722023606300354,0.9722023606300354
1333557572,cal,1,1,0.9241968989372253,0.9241968989372253
1743606971,test,1,0,0.12167486548423767,0.8783251047134399
2038389150,test,1,0,0.19257691502571106,0.8074231147766113
948703286,test,1,0,0.2658933103084564,0.7341066598892212
1572195615,test,1,0,0.348581463098526,0.6514185667037964
155391196,cal,1,1,0.9667329788208008,0.9667329788208008
767154727,cal,1,1,0.9603756070137024,0.9603756070137024
1415857117,cal,1,1,0.9153692722320557,0.9153692722320557
1858484914,cal,1,1,0.925402820110321,0.925402820110321
519366319,test,0,0,0.037616513669490814,0.962383508682251
784306021,test,0,0,0.02304658479988575,0.976953387260437
259787423,test,0,0,0.046298082917928696,0.953701913356781
2097075902,test,0,0,0.03884783759713173,0.9611521363258362
1112707629,cal,1,0,0.24443383514881134,0.7555661797523499
1315403196,cal,1,0,0.44388023018836975,0.5561197996139526
1487062745,cal,1,0,0.15250755846500397,0.8474924564361572
935668020,cal,1,0,0.46269404888153076,0.5373059511184692
1819903521,cal,1,1,0.7347484827041626,0.7347484827041626
189350088,cal,0,0,0.01091763749718666,0.9890823364257812
675625291,cal,0,0,0.0358537957072258,0.9641461968421936
698117587,cal,0,0,0.014726364053785801,0.9852736592292786
1536859701,cal,0,0,0.02139248140156269,0.9786075353622437
223054388,cal,0,0,0.005048547871410847,0.9949514269828796
1550160521,cal,0,0,0.003933733329176903,0.9960662722587585
465605442,cal,0,0,0.1788969188928604,0.8211030960083008
1880976133,cal,0,0,0.2765488028526306,0.7234511971473694
1789863177,cal,0,0,0.3413560688495636,0.6586439609527588
1987243243,cal,0,0,0.42284131050109863,0.5771586894989014
2053615556,cal,0,0,0.10520482063293457,0.8947951793670654
449544592,cal,0,0,0.12500101327896118,0.8749989867210388
690750133,cal,0,0,0.17873914539813995,0.8212608695030212
1384710229,cal,0,0,0.08244958519935608,0.9175504446029663
1213592895,cal,0,0,0.2859461307525635,0.7140538692474365
1914558888,cal,0,0,0.13043242692947388,0.8695675730705261
2117472754,cal,0,0,0.1817092001438141,0.8182908296585083
213706302,cal,1,1,0.8070606589317322,0.8070606589317322
719565379,cal,1,1,0.9862304329872131,0.9862304329872131
1356643688,cal,1,1,0.9708060622215271,0.9708060622215271
30933186,cal,1,1,0.7912486791610718,0.7912486791610718
859157713,cal,1,1,0.7798214554786682,0.7798214554786682
2053840897,cal,1,1,0.5533421039581299,0.5533421039581299
694762282,cal,0,0,0.286871999502182,0.7131279706954956
1069691865,cal,0,0,0.366848886013031,0.633151113986969
1486571569,cal,0,0,0.1759430319070816,0.8240569829940796
238405424,cal,0,0,0.24834154546260834,0.7516584396362305
1434082747,cal,0,0,0.13115109503269196,0.8688489198684692
1690202384,cal,0,0,0.037345316261053085,0.962654709815979
1408139656,test,0,0,2.8936593565731528e-08,1.0
1944203904,test,0,0,2.191724661315675e-06,0.9999977946281433
1608814541,test,0,0,4.651971892144502e-07,0.9999995231628418
1922513800,test,0,0,8.543556759832427e-07,0.9999991655349731
71743336,cal,1,0,0.36031901836395264,0.6396809816360474
388554608,cal,1,1,0.5615789294242859,0.5615789294242859
912505886,cal,1,0,0.40568485856056213,0.5943151712417603
1354070493,cal,1,0,0.3717797100543976,0.6282203197479248
12831550,cal,1,0,0.4106900095939636,0.5893099904060364
1594594195,cal,1,0,0.33955052495002747,0.6604495048522949
2075705780,cal,1,0,0.4163702726364136,0.5836297273635864
343750555,test,1,1,0.905170738697052,0.905170738697052
1138491602,test,1,1,0.9094985723495483,0.9094985723495483
1339448027,test,1,1,0.6489216685295105,0.6489216685295105
2133103871,test,1,1,0.667474091053009,0.667474091053009
700306854,cal,0,0,0.07691729068756104,0.923082709312439
802578015,cal,0,0,0.06022491306066513,0.9397751092910767
784588511,cal,0,0,0.3604048788547516,0.6395951509475708
2135664129,cal,0,0,0.21462853252887726,0.7853714823722839
1495903198,cal,0,0,0.007050145883113146,0.9929498434066772
1761769789,cal,0,0,0.003011465072631836,0.9969885349273682
907793141,cal,0,0,0.0014255096903070807,0.9985744953155518
1826636911,cal,0,0,0.001361549599096179,0.9986384510993958
389365248,cal,0,0,0.004097337368875742,0.9959026575088501
2145854027,cal,0,0,8.408090798184276e-05,0.9999158978462219
1187867426,cal,0,0,0.003429773263633251,0.9965702295303345
1577799329,cal,0,0,0.000511020130943507,0.9994890093803406
293621162,cal,0,0,0.010653900913894176,0.9893460869789124
1685052362,cal,0,0,0.008965898305177689,0.9910340905189514
1110284134,cal,0,0,0.03039359673857689,0.9696063995361328
1213391982,cal,0,0,0.017488213256001472,0.9825117588043213
1989621709,cal,0,0,0.02525334060192108,0.9747466444969177
631616205,cal,1,0,0.08208395540714264,0.9179160594940186
699112311,cal,1,1,0.7691514492034912,0.7691514492034912
1149242975,cal,1,1,0.7722919583320618,0.7722919583320618
1681681912,cal,1,1,0.7712492942810059,0.7712492942810059
1835471584,cal,1,1,0.7915017008781433,0.7915017008781433
478017244,cal,1,1,0.8482156991958618,0.8482156991958618
1556435576,cal,1,1,0.734287440776825,0.734287440776825
1999200556,cal,1,1,0.8153172731399536,0.8153172731399536
2074953320,cal,1,1,0.6310214996337891,0.6310214996337891
186678478,cal,1,1,0.730262279510498,0.730262279510498
1992682946,cal,1,1,0.8386850953102112,0.8386850953102112
214414284,cal,1,1,0.7949047088623047,0.7949047088623047
1038489349,cal,1,1,0.6520605683326721,0.6520605683326721
1793921804,cal,1,1,0.6714876890182495,0.6714876890182495
895069197,cal,0,0,0.08499737083911896,0.9150026440620422
1105194300,cal,0,0,0.020553145557641983,0.9794468283653259
1421835817,cal,0,0,0.018920401111245155,0.9810795783996582
634812835,cal,0,0,0.04917917773127556,0.950820803642273
878954076,cal,0,0,0.0187058188021183,0.9812941551208496
955382234,cal,0,0,0.020580900833010674,0.9794191122055054
1200281859,cal,0,0,0.007866744883358479,0.9921332597732544
772946462,cal,1,0,0.340318888425827,0.6596810817718506
960480184,cal,1,0,0.28524652123451233,0.7147535085678101
263506304,cal,1,0,0.24012205004692078,0.7598779201507568
328295179,cal,1,0,0.4857177138328552,0.5142822861671448
1517273632,cal,1,1,0.5751972198486328,0.5751972198486328
557680797,cal,0,0,0.0007202266133390367,0.999279797077179
737705266,cal,0,0,0.000999440555460751,0.9990005493164062
870052966,cal,0,0,4.524448740994558e-06,0.9999954700469971
1064115418,cal,0,0,8.288049684779253e-06,0.9999917149543762
1459312904,cal,0,0,8.21221783553483e-06,0.999991774559021
1709715906,cal,0,0,3.339093382237479e-05,0.9999666213989258
1485571856,cal,0,0,2.9113945856806822e-05,0.9999709129333496
1684732371,cal,0,0,0.04522717744112015,0.9547728300094604
411468855,cal,0,0,1.6576776033616625e-05,0.9999834299087524
1835224182,cal,0,0,0.0007862692000344396,0.9992137551307678
342938298,test,1,1,0.8471105694770813,0.8471105694770813
993377499,test,1,1,0.8420883417129517,0.8420883417129517
1309829017,test,1,1,0.695519208908081,0.695519208908081
2009066757,test,1,1,0.9726387858390808,0.9726387858390808
520768596,test,1,1,0.8839835524559021,0.8839835524559021
847717224,test,1,1,0.9711426496505737,0.9711426496505737
1610977796,test,1,1,0.7814009785652161,0.7814009785652161
1690959591,test,1,1,0.7507264614105225,0.7507264614105225
938792567,cal,0,0,0.08562767505645752,0.9143723249435425
1306614214,cal,0,0,0.010130428709089756,0.9898695945739746
1853687663,cal,0,0,0.010685027576982975,0.9893149733543396
2109326853,cal,0,0,0.015482617542147636,0.9845173954963684
762192354,test,1,1,0.5119717717170715,0.5119717717170715
1801182468,test,1,0,0.4634016454219818,0.5365983247756958
1724583874,test,1,1,0.6884157061576843,0.6884157061576843
2045654069,test,1,0,0.046584587544202805,0.9534153938293457
1653694497,cal,1,1,0.9225481748580933,0.9225481748580933
2109685949,cal,1,1,0.9758561849594116,0.9758561849594116
1425372395,cal,1,1,0.8900025486946106,0.8900025486946106
1570678080,cal,1,1,0.9619008898735046,0.9619008898735046
934182202,cal,0,0,0.32516175508499146,0.6748382449150085
1868053364,cal,0,0,0.31072676181793213,0.6892732381820679
793007190,cal,0,1,0.5451486706733704,0.5451486706733704
1160406901,cal,0,0,0.23755864799022675,0.7624413371086121
720247848,cal,0,0,0.18417614698410034,0.8158238530158997
1153488604,cal,0,0,0.161805659532547,0.8381943702697754
2093063902,cal,0,0,0.192949578166008,0.8070504069328308
736354065,cal,0,0,0.17979593575000763,0.8202040791511536
745347215,cal,0,0,0.11701174825429916,0.8829882740974426
975527942,cal,0,0,0.3109835982322693,0.6890164017677307
1312158544,cal,1,1,0.6059662699699402,0.6059662699699402
2102584366,cal,1,0,0.3634686768054962,0.6365313529968262
128752214,cal,1,1,0.851652204990387,0.851652204990387
1979522034,cal,1,1,0.7488536238670349,0.7488536238670349
221546864,cal,0,0,0.08900192379951477,0.9109981060028076
1585911173,cal,0,0,0.09002692252397537,0.9099730849266052
44154240,cal,0,0,0.12132266163825989,0.8786773681640625
106935677,cal,0,0,0.20722533762454987,0.7927746772766113
212372161,cal,0,0,0.07859653979539871,0.9214034676551819
647743291,cal,0,1,0.755413830280304,0.755413830280304
1403296311,cal,0,1,0.7500608563423157,0.7500608563423157
1596313181,cal,0,1,0.7783337831497192,0.7783337831497192
1027058208,cal,0,0,0.43024080991744995,0.56975919008255
1098564242,cal,0,1,0.544003427028656,0.544003427028656
973478011,cal,1,1,0.8699822425842285,0.8699822425842285
1537402893,cal,1,1,0.7599842548370361,0.7599842548370361
1915185345,cal,1,1,0.7643129825592041,0.7643129825592041
2036448338,cal,1,1,0.9165139198303223,0.9165139198303223
431134665,cal,1,1,0.940281331539154,0.940281331539154
519409212,cal,1,1,0.9376808404922485,0.9376808404922485
1402298816,cal,1,1,0.9023436307907104,0.9023436307907104
425141959,cal,0,0,0.08038868755102158,0.9196113348007202
1272566641,cal,0,0,0.11215508729219437,0.8878449201583862
1829415731,cal,0,0,0.15226313471794128,0.8477368354797363
503311422,cal,0,0,0.10796520113945007,0.8920347690582275
604068385,cal,0,0,0.14548489451408386,0.8545150756835938
1979935565,cal,0,0,0.0915316641330719,0.9084683656692505
1480334570,test,1,1,0.500918447971344,0.500918447971344
1907639974,test,1,1,0.5112023949623108,0.5112023949623108
995948966,test,1,1,0.584747850894928,0.584747850894928
1511159808,test,1,1,0.716200590133667,0.716200590133667
55194232,cal,1,1,0.9533402919769287,0.9533402919769287
279385184,cal,1,1,0.9392868280410767,0.9392868280410767
385860217,cal,1,1,0.9635878205299377,0.9635878205299377
1589528760,cal,1,1,0.9562472105026245,0.9562472105026245
790470952,cal,1,1,0.9740477204322815,0.9740477204322815
1691167790,cal,1,1,0.9879321455955505,0.9879321455955505
1082753612,test,1,1,0.9135390520095825,0.9135390520095825
1410656943,test,1,1,0.9472562670707703,0.9472562670707703
1643117062,test,1,1,0.877768874168396,0.877768874168396
1256103511,test,1,1,0.7719363570213318,0.7719363570213318
1532085069,test,1,1,0.7689694166183472,0.7689694166183472
1299038417,cal,0,0,0.13940350711345673,0.8605964779853821
2013477682,cal,0,0,0.06305885314941406,0.9369411468505859
526329650,cal,0,0,0.21663989126682281,0.7833601236343384
1521415232,cal,0,0,0.04650488868355751,0.9534950852394104
1079587957,cal,0,0,0.069206103682518,0.9307938814163208
1317024827,cal,0,0,0.012710781767964363,0.9872891902923584
667582224,cal,0,0,0.0077604432590305805,0.9922395348548889
712875804,cal,0,0,0.01579771563410759,0.9842022657394409
845123534,test,0,0,0.3548290729522705,0.6451709270477295
1225933017,test,0,0,0.1531754434108734,0.8468245267868042
770014590,test,0,0,0.3896912932395935,0.6103087067604065
1031507307,test,0,0,0.496906578540802,0.503093421459198
947265919,cal,0,0,0.00022323707526084036,0.9997767806053162
2031824097,cal,0,0,0.049569204449653625,0.9504308104515076
2097469480,cal,0,0,0.004794897045940161,0.9952051043510437
2117402068,cal,0,0,0.03105052374303341,0.9689494967460632
828031818,cal,0,0,0.0038311665412038565,0.996168851852417
1006830706,cal,0,0,1.0940788115476607e-06,0.999998927116394
281915041,cal,0,0,0.0001167123336927034,0.9998832941055298
435420435,cal,0,0,5.142463487572968e-05,0.9999485611915588
201078532,cal,0,0,0.20279009640216827,0.7972099184989929
1225514415,cal,0,0,0.3318741023540497,0.6681258678436279
410146718,cal,0,1,0.5574038624763489,0.5574038624763489
925719938,cal,0,0,0.21528872847557068,0.7847112417221069
2096002357,cal,0,1,0.5516873002052307,0.5516873002052307
78611385,cal,1,1,0.6937423348426819,0.6937423348426819
711574313,cal,1,1,0.7971937656402588,0.7971937656402588
1256593958,cal,1,1,0.6996141672134399,0.6996141672134399
689611791,cal,1,1,0.6496831774711609,0.6496831774711609
1439055056,cal,1,1,0.6870917081832886,0.6870917081832886
1479620796,cal,1,1,0.8292985558509827,0.8292985558509827
995526094,test,1,1,0.7619223594665527,0.7619223594665527
1249599814,test,1,1,0.9154921770095825,0.9154921770095825
1838555580,test,1,1,0.9007760882377625,0.9007760882377625
2075121187,test,1,1,0.8573399782180786,0.8573399782180786
677647641,test,1,1,0.754610538482666,0.754610538482666
1157288586,test,1,1,0.7461855411529541,0.7461855411529541
1354328094,test,1,0,0.4542774260044098,0.5457226037979126
516575207,cal,1,1,0.9603636264801025,0.9603636264801025
832917565,cal,1,1,0.9503275752067566,0.9503275752067566
1066532839,cal,1,1,0.8803194165229797,0.8803194165229797
899636489,cal,1,1,0.9679200649261475,0.9679200649261475
2069947142,cal,1,1,0.9958102703094482,0.9958102703094482
116345008,cal,0,0,0.1756429225206375,0.8243570923805237
453984332,cal,0,0,0.14471909403800964,0.855280876159668
2106448173,cal,0,0,0.28593379259109497,0.714066207408905
633977768,cal,0,0,0.11267431825399399,0.8873257040977478
858071605,cal,0,0,0.07579847425222397,0.9242015480995178
1888791315,cal,0,0,0.02189480885863304,0.9781051874160767
441625090,cal,0,0,0.3524059057235718,0.6475940942764282
1020017303,cal,0,1,0.5637079477310181,0.5637079477310181
1326332289,cal,0,1,0.6333281397819519,0.6333281397819519
1567165087,cal,0,1,0.5570865869522095,0.5570865869522095
503214110,cal,0,1,0.7110012173652649,0.7110012173652649
617211480,cal,0,1,0.7167670130729675,0.7167670130729675
1031610145,cal,0,1,0.6997135877609253,0.6997135877609253
1837398282,cal,0,0,0.459371417760849,0.5406285524368286
1001517790,test,0,0,0.4426284730434418,0.5573714971542358
1922158690,test,0,0,0.18480749428272247,0.8151925206184387
276030285,test,0,0,0.06042147055268288,0.9395785331726074
730745163,test,0,0,0.09501489251852036,0.9049851298332214
522992958,cal,0,1,0.5657999515533447,0.5657999515533447
870445365,cal,0,1,0.5016258358955383,0.5016258358955383
1918257551,cal,0,0,0.3261074721813202,0.6738924980163574
518270029,cal,0,1,0.6608647108078003,0.6608647108078003
1510330759,cal,0,1,0.5562185049057007,0.5562185049057007
1680902132,cal,0,1,0.5727759003639221,0.5727759003639221
173327879,cal,1,0,0.4168618321418762,0.5831381678581238
1338525021,cal,1,1,0.7559856176376343,0.7559856176376343
569034410,cal,1,0,0.40748709440231323,0.5925129055976868
1321024823,cal,1,0,0.362225741147995,0.6377742290496826
956548632,cal,1,1,0.7070196270942688,0.7070196270942688
1978976072,cal,1,1,0.7936601042747498,0.7936601042747498
204685133,cal,1,0,0.3460502326488495,0.6539497375488281
1519814432,cal,1,0,0.32325083017349243,0.6767491698265076
496710705,cal,0,0,0.0015625088708475232,0.9984374642372131
1521466265,cal,0,0,0.004422243684530258,0.9955777525901794
641355364,cal,0,0,0.018022093921899796,0.9819778800010681
934043022,cal,0,0,0.02056635357439518,0.9794336557388306
523250783,cal,1,0,0.3332557678222656,0.6667442321777344
806877649,cal,1,0,0.2578873932361603,0.7421126365661621
933888739,cal,1,0,0.27925270795822144,0.7207472920417786
91217771,cal,1,0,0.39170265197753906,0.6082973480224609
465020534,cal,1,0,0.37937793135643005,0.6206220388412476
274263520,cal,1,1,0.8466896414756775,0.8466896414756775
1833901306,cal,1,1,0.8117285370826721,0.8117285370826721
512561149,cal,1,1,0.9117754697799683,0.9117754697799683
1201889471,cal,1,1,0.8342071175575256,0.8342071175575256
552485684,cal,1,0,0.19805331528186798,0.8019466996192932
1874513431,cal,1,0,0.13185955584049225,0.868140459060669
1260201677,cal,1,0,0.4785879850387573,0.5214120149612427
2057982488,cal,1,1,0.591540515422821,0.591540515422821
743066621,cal,0,1,0.8860487341880798,0.8860487341880798
840634785,cal,0,1,0.7918192148208618,0.7918192148208618
1936773,cal,0,0,0.3210096061229706,0.678990364074707
1999905628,cal,0,1,0.7697561979293823,0.7697561979293823
1533102852,cal,0,0,0.14171314239501953,0.8582868576049805
1697309785,cal,0,0,0.3672790825366974,0.632720947265625
1045876034,cal,0,0,0.10472226142883301,0.895277738571167
1976428340,cal,0,0,0.12416324019432068,0.8758367300033569
82276323,cal,1,1,0.7757694721221924,0.7757694721221924
1205664260,cal,1,1,0.7348321080207825,0.7348321080207825
486563646,cal,1,1,0.5276291966438293,0.5276291966438293
1101603755,cal,1,0,0.41422176361083984,0.5857782363891602
1610270266,cal,0,0,0.15573826432228088,0.8442617654800415
2045251445,cal,0,0,0.2783910930156708,0.7216088771820068
160134562,cal,0,0,0.004460817202925682,0.9955391883850098
374934952,cal,0,0,0.11993049085140228,0.8800694942474365
936297944,cal,0,0,0.0843338668346405,0.9156661033630371
1191271962,cal,0,0,0.00010835810098797083,0.9998916387557983
1580254238,cal,0,0,0.000530012883245945,0.9994699954986572
1060403947,cal,0,0,0.017919858917593956,0.9820801615715027
1264732739,cal,0,0,0.004694129806011915,0.9953058958053589
1629245453,cal,0,0,0.0011149079073220491,0.9988850951194763
692892617,cal,0,0,0.004842430353164673,0.9951575994491577
2009178043,cal,0,0,0.0024783643893897533,0.9975216388702393
187852427,cal,0,0,0.0003955466381739825,0.9996044635772705
195615028,cal,0,0,0.0003417030384298414,0.9996582865715027
1202061797,cal,0,0,0.005428766366094351,0.9945712089538574
162519960,test,0,0,0.4044673442840576,0.5955326557159424
377974023,test,0,0,0.3653981685638428,0.6346018314361572
1318739789,test,0,0,0.06673432886600494,0.9332656860351562
1985419325,test,0,0,0.17926201224327087,0.8207379579544067
1150754148,cal,1,1,0.6942450404167175,0.6942450404167175
1851386126,cal,1,1,0.759873628616333,0.759873628616333
1600807452,cal,1,1,0.8576573133468628,0.8576573133468628
1780198974,cal,1,1,0.5547175407409668,0.5547175407409668
1392435575,cal,0,0,2.8934523470525164e-06,0.999997079372406
1396090126,cal,0,0,9.688365025795065e-06,0.9999902844429016
108002186,cal,0,0,1.792846160242334e-05,0.9999820590019226
403925135,cal,0,0,5.7236102293245494e-06,0.9999942779541016
359109153,cal,0,0,4.936138429911807e-05,0.999950647354126
714481965,cal,0,0,0.00024858376127667725,0.9997513890266418
1421189899,cal,0,0,2.0366795070003718e-05,0.9999796152114868
1692547665,cal,0,0,0.013770428486168385,0.9862295985221863
1667236534,cal,0,0,0.09667593985795975,0.9033240675926208
1946902540,cal,0,0,0.0001706929033389315,0.9998292922973633
2126930949,cal,0,0,0.007023862563073635,0.9929761290550232
301874408,test,0,0,0.13389627635478973,0.8661037087440491
537536205,test,0,0,0.05627414956688881,0.9437258243560791
522621343,test,0,0,0.03108791448175907,0.9689120650291443
640844088,test,0,0,0.00384522438980639,0.99615478515625
497549983,test,1,1,0.9762609601020813,0.9762609601020813
1343141168,test,1,1,0.9716743230819702,0.9716743230819702
85081633,test,1,1,0.897799551486969,0.897799551486969
723061708,test,1,1,0.9685209393501282,0.9685209393501282
813152296,cal,1,1,0.921428918838501,0.921428918838501
1455635064,cal,1,1,0.9598335027694702,0.9598335027694702
1559991199,cal,1,1,0.8894777894020081,0.8894777894020081
1758716241,cal,1,1,0.8836680054664612,0.8836680054664612
821636830,test,0,0,0.08922353386878967,0.9107764959335327
888248312,test,0,0,0.14678923785686493,0.8532107472419739
1296175004,test,0,0,0.06916902959346771,0.9308309555053711
236604157,test,0,0,0.006067902315407991,0.9939320683479309
702102734,test,0,0,0.004481207579374313,0.9955188035964966
230673267,test,1,0,0.44734156131744385,0.5526584386825562
824029134,test,1,0,0.4603184163570404,0.5396815538406372
1300332380,test,1,1,0.6329971551895142,0.6329971551895142
72547626,test,1,0,0.432404100894928,0.567595899105072
477871193,test,1,1,0.6264113783836365,0.6264113783836365
1243766254,test,1,1,0.7553771138191223,0.7553771138191223
496359601,cal,0,0,0.09409619867801666,0.9059038162231445
1432315427,cal,0,0,0.3490219712257385,0.6509780287742615
1996910399,cal,0,0,0.3643364906311035,0.6356635093688965
2115013473,cal,0,0,0.47439703345298767,0.5256029367446899
384047875,test,1,1,0.5524648427963257,0.5524648427963257
1091782199,test,1,1,0.8381017446517944,0.8381017446517944
1169717963,test,1,0,0.40583398938179016,0.5941660404205322
1372139148,test,1,1,0.5440104603767395,0.5440104603767395
1570934602,test,1,1,0.5076377987861633,0.5076377987861633
1252033869,test,1,1,0.8846743702888489,0.8846743702888489
1413759742,test,1,1,0.926936149597168,0.926936149597168
542463707,cal,1,0,0.0006132274866104126,0.9993867874145508
1164657826,cal,1,0,0.011871811002492905,0.9881281852722168
1776077460,cal,1,0,0.00010269771155435592,0.999897301197052
371331532,cal,1,0,0.01889844611287117,0.9811015725135803
1248755007,cal,1,0,0.0030064594466239214,0.9969935417175293
1880828893,cal,1,0,7.177589850471122e-06,0.999992847442627
1906615204,cal,1,0,0.006589321885257959,0.9934107065200806
214435270,cal,0,0,0.0070465076714754105,0.9929534792900085
1005632959,cal,0,0,0.40470457077026367,0.5952954292297363
1296167919,cal,0,0,0.0430290512740612,0.9569709300994873
1665141497,cal,0,0,0.0017643570899963379,0.9982356429100037
1889425016,cal,0,0,0.48994001746177673,0.5100599527359009
141917189,cal,0,0,0.0007486426620744169,0.9992513656616211
880988153,cal,0,0,0.4672785699367523,0.5327214002609253
1284138833,cal,0,0,1.1585145330172963e-05,0.9999884366989136
1522531686,cal,0,0,0.34638112783432007,0.6536188721656799
252109362,cal,1,1,0.9029887914657593,0.9029887914657593
1640896163,cal,1,1,0.8917809724807739,0.8917809724807739
250987349,cal,1,1,0.7938662767410278,0.7938662767410278
2093532708,cal,1,1,0.8910223245620728,0.8910223245620728
1760207185,test,1,1,0.9615293741226196,0.9615293741226196
2087389120,test,1,1,0.9856444597244263,0.9856444597244263
1067825866,test,1,1,0.9942039847373962,0.9942039847373962
1761380685,test,1,1,0.9917473793029785,0.9917473793029785
501727322,cal,1,1,0.8120752573013306,0.8120752573013306
1358720735,cal,1,1,0.8103853464126587,0.8103853464126587
1475650056,cal,1,1,0.6669827103614807,0.6669827103614807
1394171219,cal,1,1,0.6106889843940735,0.6106889843940735
1734849791,cal,1,0,0.33575892448425293,0.6642410755157471
2056915646,cal,1,1,0.501113772392273,0.501113772392273
767222515,cal,1,1,0.9691190123558044,0.9691190123558044
2146340154,cal,1,1,0.892021656036377,0.892021656036377
329275852,cal,1,1,0.9538699388504028,0.9538699388504028
1802348073,cal,1,1,0.8586485385894775,0.8586485385894775
632098405,cal,0,0,0.16306579113006592,0.8369342088699341
2083568931,cal,0,0,0.17152167856693268,0.8284783363342285
256931772,cal,0,0,0.3838333487510681,0.6161666512489319
1073317621,cal,0,0,0.23326058685779572,0.7667394280433655
153156858,test,1,1,0.9732153415679932,0.9732153415679932
785188773,test,1,1,0.9123484492301941,0.9123484492301941
1384307514,test,1,1,0.955355703830719,0.955355703830719
430624715,test,1,1,0.9847571849822998,0.9847571849822998
673756804,test,1,1,0.9827813506126404,0.9827813506126404
586954500,cal,0,0,0.12451551854610443,0.8754844665527344
871274048,cal,0,0,0.2726432681083679,0.7273567318916321
865960390,cal,0,0,0.06275374442338943,0.9372462630271912
1484165173,cal,0,0,0.12867453694343567,0.8713254928588867
1238814635,cal,1,1,0.9382111430168152,0.9382111430168152
1314918396,cal,1,1,0.9390931129455566,0.9390931129455566
1229815373,cal,1,1,0.9940463304519653,0.9940463304519653
1664397926,cal,1,1,0.9876013398170471,0.9876013398170471
178804443,test,0,0,0.04017742723226547,0.9598225951194763
1586272954,test,0,0,0.0013910430716350675,0.9986089468002319
1838573252,test,0,0,0.001280615571886301,0.9987193942070007
1962867916,test,0,0,0.054183296859264374,0.945816695690155
451900759,cal,1,1,0.9714223742485046,0.9714223742485046
828420970,cal,1,1,0.9555559754371643,0.9555559754371643
387635631,cal,1,1,0.9402353763580322,0.9402353763580322
1176748917,cal,1,1,0.9816734790802002,0.9816734790802002
1189325692,test,0,1,0.581560492515564,0.581560492515564
1864113759,test,0,1,0.778119683265686,0.778119683265686
972252340,test,0,1,0.5384282469749451,0.5384282469749451
1971298674,test,0,0,0.350128710269928,0.649871289730072
766241633,cal,0,0,0.0013516892213374376,0.9986482858657837
1590467972,cal,0,0,0.00320049119181931,0.9967995285987854
177261325,cal,0,0,0.0071108378469944,0.9928891658782959
365075132,cal,0,0,1.5385796359623782e-05,0.999984622001648
1170913227,cal,0,0,0.0006803326541557908,0.9993196725845337
380988074,test,0,0,0.01624426618218422,0.9837557077407837
2064447328,test,0,0,0.0067802416160702705,0.9932197332382202
2093438592,test,0,0,0.0008187093771994114,0.9991812705993652
1201958253,test,0,0,0.006814384367316961,0.9931856393814087
1468436272,test,0,0,0.011202586814761162,0.9887974262237549
1716664453,test,0,0,0.0003408275661058724,0.9996591806411743
74298848,cal,1,1,0.656417965888977,0.656417965888977
1258453820,cal,1,1,0.61253422498703,0.61253422498703
1974045110,cal,1,1,0.5970369577407837,0.5970369577407837
1988516345,cal,1,0,0.07693952322006226,0.9230604767799377
1301908623,test,0,0,0.1050337627530098,0.8949662446975708
1980331289,test,0,0,0.14304977655410767,0.8569502234458923
17295967,test,0,0,0.4623124897480011,0.5376875400543213
1736003713,test,0,0,0.1865726262331009,0.8134273886680603
113638875,cal,1,0,0.41184505820274353,0.5881549119949341
480649552,cal,1,0,0.30406060814857483,0.6959394216537476
865261967,cal,1,0,0.11274177581071854,0.8872582316398621
438261045,cal,1,0,0.14981351792812347,0.8501864671707153
767947043,cal,1,0,0.20336338877677917,0.7966365814208984
491376111,test,0,0,0.14524617791175842,0.854753851890564
1270463880,test,0,1,0.5090168714523315,0.5090168714523315
277594034,test,0,0,0.09450501948595047,0.9054949879646301
1763174994,test,0,0,0.4298895597457886,0.5701104402542114
892289164,cal,1,0,0.271965354681015,0.7280346155166626
1350576272,cal,1,0,0.4663362205028534,0.5336637496948242
1378580532,cal,1,0,0.30266690254211426,0.6973330974578857
526928038,cal,1,0,0.23944702744483948,0.7605530023574829
1637595664,cal,1,1,0.5302649140357971,0.5302649140357971
1929798815,cal,1,1,0.5466005206108093,0.5466005206108093
539754241,test,0,0,0.09318133443593979,0.906818687915802
1223336781,test,0,0,0.007456229534000158,0.9925437569618225
163780115,test,0,1,0.863808810710907,0.863808810710907
276204234,test,0,0,0.05052633583545685,0.9494736790657043
1039510902,cal,1,1,0.7903218269348145,0.7903218269348145
1472418962,cal,1,1,0.8888277411460876,0.8888277411460876
533515088,cal,1,1,0.8224902153015137,0.8224902153015137
790632379,cal,1,0,0.496726393699646,0.503273606300354
73762179,test,0,0,0.032044604420661926,0.9679554104804993
1121126860,test,0,0,0.10541454702615738,0.8945854306221008
2032071860,test,0,0,0.06634869426488876,0.933651328086853
2032488254,test,0,0,0.059235766530036926,0.9407642483711243
317123912,test,0,0,0.04006141051650047,0.9599385857582092
769225021,test,0,0,0.04145076498389244,0.9585492610931396
953025289,test,0,0,0.06162538751959801,0.9383746385574341
1092470420,test,0,0,0.06778816133737564,0.9322118163108826
1547178571,cal,1,0,0.3097817897796631,0.6902182102203369
1593395169,cal,1,1,0.588445246219635,0.588445246219635
1311288076,cal,1,1,0.627936840057373,0.627936840057373
1560636778,cal,1,0,0.1565895974636078,0.8434103727340698
466111338,cal,1,0,0.005927112884819508,0.9940729141235352
2054095153,cal,1,0,0.002418835647404194,0.9975811839103699
1250164903,cal,1,0,0.2631438672542572,0.7368561029434204
1285903613,cal,1,0,0.12004789710044861,0.879952073097229
2011905059,cal,1,0,0.3289828598499298,0.6710171699523926
2072472746,cal,1,0,0.38792893290519714,0.6120710372924805
189228751,cal,1,0,0.4891088902950287,0.5108910799026489
354941283,cal,1,1,0.699300229549408,0.699300229549408
295020628,test,0,0,0.04170095920562744,0.9582990407943726
1076345188,test,0,0,0.10841865837574005,0.8915813565254211
360426531,test,0,0,0.06449609249830246,0.9355039000511169
1789209859,test,0,0,0.13107359409332275,0.8689264059066772
717323131,cal,1,0,0.2542690336704254,0.745730996131897
2090582978,cal,1,0,0.03286118060350418,0.9671388268470764
970576175,cal,1,0,0.06887003779411316,0.9311299324035645
1456249103,cal,1,0,0.0938592478632927,0.9061407446861267
821244155,cal,1,1,0.5604410171508789,0.5604410171508789
1623725480,cal,1,1,0.6964483857154846,0.6964483857154846
1683247080,cal,1,0,0.4373033344745636,0.5626966953277588
73126526,cal,1,1,0.6442834138870239,0.6442834138870239
227949310,cal,1,1,0.5755112171173096,0.5755112171173096
1518547963,cal,1,1,0.5303221940994263,0.5303221940994263
454718135,cal,0,1,0.6447566747665405,0.6447566747665405
1668421796,cal,0,0,0.06698064506053925,0.9330193400382996
2080001420,cal,0,1,0.6258195638656616,0.6258195638656616
110927770,cal,0,0,0.21333645284175873,0.7866635322570801
1376295034,cal,0,1,0.703701376914978,0.703701376914978
1533564009,cal,0,0,0.0872100293636322,0.9127899408340454
508695309,cal,1,1,0.9571171402931213,0.9571171402931213
550605400,cal,1,1,0.8316629528999329,0.8316629528999329
1936220038,cal,1,1,0.9573562145233154,0.9573562145233154
238336071,cal,1,1,0.9014779925346375,0.9014779925346375
558979719,cal,1,1,0.9724623560905457,0.9724623560905457
110294434,cal,0,0,0.14623111486434937,0.8537688851356506
929850976,cal,0,0,0.19446437060832977,0.805535614490509
958709522,cal,0,0,0.1788809597492218,0.8211190700531006
1605966752,cal,0,0,0.23148152232170105,0.7685184478759766
2109443656,cal,0,0,0.17581643164157867,0.8241835832595825
914335113,cal,0,0,0.2789584994316101,0.7210415005683899
1643553680,cal,0,0,0.18307380378246307,0.8169261813163757
1693905545,cal,0,0,0.04727741703391075,0.9527226090431213
1713974456,cal,0,0,0.07319758087396622,0.926802396774292
1533488417,cal,1,0,0.11917123198509216,0.8808287382125854
2110467604,cal,1,0,0.14262156188488007,0.8573784232139587
1203800386,cal,1,0,0.48889514803886414,0.5111048221588135
2052145521,cal,1,0,0.3638005554676056,0.6361994743347168
156475979,cal,1,1,0.8199975490570068,0.8199975490570068
962405425,cal,1,1,0.9193192720413208,0.9193192720413208
223941345,cal,1,1,0.7233515381813049,0.7233515381813049
795558910,cal,1,1,0.583874523639679,0.583874523639679
1052949452,cal,0,0,0.4317995607852936,0.5682004690170288
1767721828,cal,0,0,0.17540636658668518,0.8245936632156372
2021414832,cal,0,0,0.28786319494247437,0.7121368050575256
164274989,cal,0,0,0.06943854689598083,0.9305614233016968
667248816,cal,0,0,0.029965175315737724,0.9700348377227783
1075818994,cal,0,0,0.03148438781499863,0.9685156345367432
1675141151,cal,0,0,0.0057553923688828945,0.9942446351051331
2055046452,cal,0,0,0.0682782307267189,0.9317217469215393
110990132,cal,1,1,0.966390073299408,0.966390073299408
1756206654,cal,1,1,0.9813477993011475,0.9813477993011475
317645050,cal,1,1,0.9573858380317688,0.9573858380317688
1003918495,cal,1,1,0.9095828533172607,0.9095828533172607
596325899,cal,0,0,0.001479079481214285,0.9985209107398987
940166294,cal,0,0,0.0018684248207136989,0.9981315732002258
358181377,cal,0,0,0.0001618892711121589,0.99983811378479
1100193755,cal,0,0,0.001704324851743877,0.9982956647872925
867784405,cal,0,1,0.8267297744750977,0.8267297744750977
970226926,cal,0,1,0.9352661371231079,0.9352661371231079
1093399568,cal,0,1,0.6371079683303833,0.6371079683303833
1636089777,cal,0,1,0.6785354614257812,0.6785354614257812
28051321,cal,0,1,0.5502194762229919,0.5502194762229919
331723521,cal,0,1,0.614971399307251,0.614971399307251
412820627,cal,0,0,0.08504701405763626,0.9149529933929443
1104188363,cal,0,0,0.1935807764530182,0.8064192533493042
586234559,cal,0,0,0.0529036745429039,0.9470963478088379
1282223070,cal,0,0,0.05913960933685303,0.940860390663147
718697179,cal,0,0,0.3546774387359619,0.6453225612640381
1331559770,cal,0,0,0.24876508116722107,0.7512348890304565
196635163,cal,0,0,0.26959228515625,0.73040771484375
1413450908,cal,0,1,0.5220711827278137,0.5220711827278137
1113060686,test,1,1,0.9962182641029358,0.9962182641029358
1337534167,test,1,1,0.8579447269439697,0.8579447269439697
1347673116,test,1,1,0.8536432385444641,0.8536432385444641
137755250,test,1,1,0.9465546011924744,0.9465546011924744
1249877771,test,1,1,0.9582228660583496,0.9582228660583496
1568618766,test,1,1,0.9156201481819153,0.9156201481819153
629442874,test,0,0,0.11001338064670563,0.8899866342544556
1710172729,test,0,0,0.1342909187078476,0.8657090663909912
990081077,test,0,0,0.09798228740692139,0.9020177125930786
1511703496,test,0,0,0.06991304457187653,0.9300869703292847
1006557848,test,0,0,0.07720974832773209,0.9227902293205261
1170138299,test,0,0,0.06615442782640457,0.933845579624176
1636430409,test,0,0,0.11216548830270767,0.8878344893455505
761750475,test,0,0,0.08864443004131317,0.9113555550575256
1550683008,test,0,0,0.10620420426130295,0.8937957882881165
1719795127,test,0,0,0.041505225002765656,0.9584947824478149
384865398,cal,1,0,0.3817751109600067,0.6182248592376709
1075977573,cal,1,0,0.4959533214569092,0.5040466785430908
77053176,cal,1,1,0.6198853254318237,0.6198853254318237
206383720,cal,1,1,0.8666085600852966,0.8666085600852966
160423677,cal,1,1,0.9678866863250732,0.9678866863250732
2121694675,cal,1,1,0.9905582666397095,0.9905582666397095
364955200,cal,1,1,0.9892772436141968,0.9892772436141968
686767287,cal,1,1,0.9646397829055786,0.9646397829055786
276647364,cal,1,0,0.4370419383049011,0.5629580616950989
1089140238,cal,1,1,0.9197719693183899,0.9197719693183899
2111087855,cal,1,1,0.9472644925117493,0.9472644925117493
709200770,cal,1,1,0.9128012657165527,0.9128012657165527
958581788,cal,1,0,0.4515252113342285,0.5484747886657715
1046039057,cal,1,1,0.9328027963638306,0.9328027963638306
2136873215,cal,1,0,0.04446030780673027,0.9555397033691406
29776948,cal,0,0,0.07267558574676514,0.9273244142532349
347571585,cal,0,0,0.10461866855621338,0.8953813314437866
616332235,cal,0,0,0.05604613572359085,0.9439538717269897
1558889158,cal,0,0,0.1939651072025299,0.8060349225997925
920888106,cal,0,0,0.059183280915021896,0.9408167004585266
2128596875,cal,0,0,0.010472327470779419,0.989527702331543
127554333,cal,0,0,0.0034880605526268482,0.9965119361877441
1471518240,cal,0,0,0.046718157827854156,0.953281819820404
390614965,test,0,1,0.5607308149337769,0.5607308149337769
490153474,test,0,1,0.5360647439956665,0.5360647439956665
802190853,test,0,1,0.6276270151138306,0.6276270151138306
924533584,test,0,0,0.33695727586746216,0.6630427241325378
1246187877,test,0,0,0.4329509437084198,0.5670490264892578
1998227809,test,0,0,0.4820634722709656,0.5179365277290344
100022049,test,0,0,0.4302348792552948,0.5697650909423828
776661004,test,0,0,0.316238135099411,0.6837618350982666
921366354,test,0,0,0.4353077709674835,0.5646922588348389
1126783567,test,0,1,0.5841631889343262,0.5841631889343262
2038993283,test,0,0,0.48318836092948914,0.5168116092681885
2069714608,test,0,0,0.31351813673973083,0.6864818334579468
1684293788,cal,0,1,0.6962290406227112,0.6962290406227112
2103071659,cal,0,1,0.5127311944961548,0.5127311944961548
805718714,cal,0,0,0.23756010830402374,0.7624399065971375
968012634,cal,0,0,0.2397036850452423,0.7602963447570801
947382743,cal,1,1,0.7134105563163757,0.7134105563163757
1072085703,cal,1,1,0.9030956625938416,0.9030956625938416
545901570,cal,1,1,0.7632434368133545,0.7632434368133545
1576591939,cal,1,1,0.8529194593429565,0.8529194593429565
346592584,cal,0,0,2.6920612071990035e-05,0.9999730587005615
815322288,cal,0,0,0.002337586833164096,0.9976624250411987
913554226,cal,0,0,0.002983012003824115,0.997016966342926
1652786431,cal,0,0,0.01658656820654869,0.9834134578704834
1772580395,cal,0,0,0.0005176026024855673,0.9994823932647705
222835190,cal,0,0,0.0006492027314379811,0.9993507862091064
305723519,cal,0,0,1.3428599459075485e-06,0.9999986290931702
346547614,cal,0,0,0.00028678958187811077,0.9997131824493408
918109906,cal,0,0,0.005078576970845461,0.9949214458465576
1262426307,cal,0,0,0.005052592605352402,0.9949474334716797
2121614268,cal,0,0,0.08038109540939331,0.9196189045906067
122732887,cal,0,0,0.0002463068231008947,0.9997537136077881
727994715,cal,0,0,0.029500240460038185,0.9704997539520264
1221496210,cal,0,0,0.004438082687556744,0.9955618977546692
1578133854,cal,0,0,0.00021473005472216755,0.9997852444648743
53715700,cal,0,0,0.0035724644549191,0.9964275360107422
111016803,cal,0,0,0.008248201571404934,0.9917517900466919
1179344485,cal,0,0,0.0015193974832072854,0.9984806180000305
2064791494,cal,0,0,0.00013177638174965978,0.9998682141304016
480882746,cal,0,0,0.07486828416585922,0.9251317381858826
899723978,cal,0,0,0.0781947523355484,0.9218052625656128
225907939,cal,0,0,0.33648940920829773,0.6635105609893799
1615891373,cal,0,0,0.24934040009975433,0.7506595849990845
95934556,cal,0,0,0.009446804411709309,0.9905532002449036
681546408,cal,0,0,7.536324847023934e-05,0.9999246597290039
738936187,cal,0,0,0.030975421890616417,0.9690245985984802
995072313,cal,0,0,0.003599164541810751,0.9964008331298828
1360842400,cal,0,0,0.009084174409508705,0.990915834903717
1906953729,cal,0,0,0.011298444122076035,0.988701581954956
17400580,cal,0,0,0.0015002096770331264,0.9984998106956482
378928624,cal,0,0,0.006725473795086145,0.9932745099067688
1281683145,cal,0,0,0.0025068989489227533,0.9974930882453918
1856697966,cal,0,0,0.009267796762287617,0.9907321929931641
1956122416,cal,0,0,0.0034196041524410248,0.9965804219245911
2099231071,cal,0,0,0.0065155900083482265,0.9934844374656677
691175928,cal,0,0,0.027380773797631264,0.9726192355155945
744251181,cal,0,0,0.02417099103331566,0.975829005241394
1161715028,cal,0,0,0.02702147327363491,0.9729785323143005
1832130859,cal,0,0,0.08099467307329178,0.9190053343772888
648237272,cal,0,1,0.7031859755516052,0.7031859755516052
687648578,cal,0,1,0.6697190403938293,0.6697190403938293
995786985,cal,0,1,0.6864091753959656,0.6864091753959656
537209551,cal,0,0,0.11846645176410675,0.8815335631370544
1619360925,cal,0,1,0.6532745957374573,0.6532745957374573
2095193412,cal,0,1,0.5089161992073059,0.5089161992073059
445277300,cal,0,0,0.37889599800109863,0.6211040019989014
1373452607,cal,0,1,0.6378056406974792,0.6378056406974792
1177157773,cal,0,1,0.6120141744613647,0.6120141744613647
1452324158,cal,0,1,0.6136431097984314,0.6136431097984314
2062872596,cal,0,0,0.1749042123556137,0.8250957727432251
751814376,cal,0,1,0.5318065881729126,0.5318065881729126
781306082,cal,0,1,0.6611935496330261,0.6611935496330261
917127356,cal,0,0,0.40839841961860657,0.5916016101837158
1931743347,cal,0,1,0.5600174069404602,0.5600174069404602
498913939,cal,1,1,0.6952545046806335,0.6952545046806335
1244533608,cal,1,1,0.8422883152961731,0.8422883152961731
1576104321,cal,1,1,0.7494218945503235,0.7494218945503235
549963955,cal,1,1,0.6981050372123718,0.6981050372123718
1266483244,cal,1,1,0.8274039626121521,0.8274039626121521
1883252969,cal,1,1,0.8552803993225098,0.8552803993225098
561840634,cal,1,1,0.7809698581695557,0.7809698581695557
915770651,cal,1,1,0.8536481857299805,0.8536481857299805
1048582420,cal,1,1,0.9296387434005737,0.9296387434005737
1336927901,cal,1,1,0.85223788022995,0.85223788022995
124965120,cal,1,1,0.8743378520011902,0.8743378520011902
949053057,cal,1,1,0.8951968550682068,0.8951968550682068
1552671419,cal,1,1,0.8303619623184204,0.8303619623184204
1893058199,cal,1,1,0.968192458152771,0.968192458152771
267419488,cal,1,1,0.690804660320282,0.690804660320282
835388772,cal,1,1,0.8365971446037292,0.8365971446037292
1481049405,cal,1,1,0.8090019226074219,0.8090019226074219
960889337,cal,1,1,0.8522561192512512,0.8522561192512512
1013689133,cal,1,1,0.8458240628242493,0.8458240628242493
1804673444,cal,1,1,0.7634133696556091,0.7634133696556091
719185337,cal,0,0,0.051430828869342804,0.9485691785812378
1555808219,cal,0,0,0.07326772063970566,0.9267323017120361
592313451,cal,0,0,0.07327967137098312,0.9267203211784363
1537527660,cal,0,0,0.1516338437795639,0.8483661413192749
966979495,cal,0,0,0.16709572076797485,0.8329042792320251
1839265642,cal,0,0,0.29219919443130493,0.7078008055686951
83720539,cal,0,0,0.29462647438049316,0.7053735256195068
1023641646,cal,0,0,0.31413546204566956,0.6858645677566528
520403143,cal,0,0,0.25192445516586304,0.748075544834137
1491484866,cal,0,0,0.057031963020563126,0.9429680109024048
2102825454,cal,0,0,0.023224644362926483,0.9767753481864929
88710137,cal,0,0,0.10862499475479126,0.8913750052452087
400752214,cal,0,0,0.0320107638835907,0.9679892063140869
476723525,cal,0,0,0.011167452670633793,0.9888325333595276
1878879697,cal,0,0,0.0008052550256252289,0.9991947412490845
1635162744,cal,0,0,0.010442175902426243,0.9895578026771545
1645277711,cal,0,0,0.055346596986055374,0.9446533918380737
874455571,cal,0,0,0.026957161724567413,0.9730428457260132
1636508932,cal,0,0,0.003626885823905468,0.9963731169700623
898413753,cal,0,1,0.5655854940414429,0.5655854940414429
1579500268,cal,0,1,0.7292471528053284,0.7292471528053284
1589781600,cal,0,1,0.5329552888870239,0.5329552888870239
1773905106,cal,0,0,0.03638138622045517,0.9636186361312866
510274515,cal,1,1,0.5231825709342957,0.5231825709342957
1434039658,cal,1,1,0.9730000495910645,0.9730000495910645
140553751,cal,1,1,0.6321161389350891,0.6321161389350891
1691544007,cal,1,1,0.7014460563659668,0.7014460563659668
168282797,cal,1,1,0.6157910823822021,0.6157910823822021
236907246,cal,1,1,0.9055538177490234,0.9055538177490234
562266253,cal,1,1,0.6283010840415955,0.6283010840415955
1650577718,cal,1,1,0.553626298904419,0.553626298904419
1934143942,cal,1,1,0.6867899298667908,0.6867899298667908
360024949,cal,1,1,0.9708677530288696,0.9708677530288696
1729225013,cal,1,1,0.7216954231262207,0.7216954231262207
1873036918,cal,1,1,0.6633462905883789,0.6633462905883789
2122327268,cal,1,1,0.6240168809890747,0.6240168809890747
106693537,test,0,0,0.005200662650167942,0.9947993159294128
391487946,test,0,0,0.001948862336575985,0.9980511665344238
971927188,test,0,0,0.12539808452129364,0.8746019005775452
1939855848,test,0,0,0.07837318629026413,0.9216268062591553
312067845,test,1,1,0.6518951654434204,0.6518951654434204
1287196502,test,1,1,0.8309186100959778,0.8309186100959778
118903240,test,1,1,0.6444607377052307,0.6444607377052307
1713941648,test,1,1,0.9762320518493652,0.9762320518493652
381617475,test,1,0,0.047888584434986115,0.9521114230155945
764608668,test,1,0,0.3974981904029846,0.6025018095970154
1440633005,test,1,1,0.522300660610199,0.522300660610199
1891265957,test,1,0,0.3176577091217041,0.6823422908782959
2009929186,test,1,0,0.0038824123330414295,0.9961175918579102
451319954,cal,1,1,0.9645901918411255,0.9645901918411255
1662691198,cal,1,1,0.9395806789398193,0.9395806789398193
216425125,cal,1,1,0.8685784935951233,0.8685784935951233
352289466,cal,1,1,0.8867897391319275,0.8867897391319275
887231928,cal,0,0,0.47760581970214844,0.5223941802978516
1151546187,cal,0,0,0.2625577747821808,0.7374422550201416
623916336,cal,0,1,0.7813887000083923,0.7813887000083923
1606776730,cal,0,0,0.2570510506629944,0.7429489493370056
191973146,cal,0,0,0.22064101696014404,0.779358983039856
300167648,cal,0,0,0.22891689836978912,0.7710831165313721
493992791,cal,0,0,0.46786218881607056,0.5321378111839294
624651677,cal,0,0,0.20424464344978333,0.7957553863525391
1151334492,cal,0,0,0.30685120820999146,0.6931487917900085
1800930670,cal,0,0,0.45094388723373413,0.5490561127662659
1845254356,cal,0,0,0.17454974353313446,0.8254502415657043
894812318,cal,0,0,0.42255401611328125,0.5774459838867188
1341469282,cal,0,0,0.3045969307422638,0.6954030990600586
1371729737,cal,0,0,0.21562470495700836,0.7843753099441528
1527312265,cal,0,0,0.42735061049461365,0.572649359703064
1666694097,cal,0,0,0.1949174404144287,0.8050825595855713
811880360,cal,0,0,0.39527714252471924,0.6047228574752808
1117129245,cal,0,0,0.0071771652437746525,0.9928228259086609
222215502,cal,0,0,0.2785473167896271,0.7214527130126953
938134441,cal,0,0,0.07502765953540802,0.9249723553657532
656562167,cal,0,0,0.001537731965072453,0.9984622597694397
1886884214,cal,0,0,0.0020660622976720333,0.9979339241981506
2128022045,cal,0,0,0.003146834671497345,0.9968531727790833
534424516,cal,0,0,0.007227085530757904,0.9927729368209839
639363121,cal,0,0,0.0015487283235415816,0.998451292514801
1996747001,cal,0,0,0.00807340070605278,0.9919266104698181
6645208,cal,0,0,0.33630824089050293,0.6636917591094971
328432000,cal,0,0,0.08080969750881195,0.9191902875900269
1359985570,cal,0,0,0.12107396870851517,0.8789260387420654
2062708102,cal,0,0,0.21707366406917572,0.7829263210296631
517183711,cal,1,0,0.4747908413410187,0.5252091884613037
866280834,cal,1,1,0.5886293649673462,0.5886293649673462
1771716648,cal,1,1,0.6540582776069641,0.6540582776069641
625307993,cal,1,1,0.900794267654419,0.900794267654419
868643145,cal,1,1,0.7035354971885681,0.7035354971885681
1308416367,cal,1,1,0.5406687259674072,0.5406687259674072
227398217,cal,0,0,0.08615634590387344,0.9138436317443848
1071510217,cal,0,0,0.1796988695859909,0.8203011155128479
1651361506,cal,0,0,0.06146520748734474,0.9385347962379456
192415761,cal,0,0,0.013425272889435291,0.9865747094154358
295341643,cal,0,0,0.03268417716026306,0.9673157930374146
914306111,cal,0,0,0.0448337085545063,0.9551662802696228
737022947,cal,0,0,0.002830565208569169,0.9971694350242615
1272497552,cal,0,0,0.0017505318392068148,0.9982494711875916
1283525723,cal,0,0,0.0009342391276732087,0.9990657567977905
1366021533,cal,0,0,0.00021592697885353118,0.9997840523719788
349959508,cal,0,0,0.004811110906302929,0.9951888918876648
808535627,cal,0,0,0.00030861239065416157,0.999691367149353
1031758847,cal,0,0,0.002398794051259756,0.9976012110710144
179963050,test,0,1,0.5317376255989075,0.5317376255989075
768121306,test,0,1,0.605206310749054,0.605206310749054
169899804,test,0,0,0.2573279142379761,0.7426720857620239
1368966320,test,0,0,0.03947773575782776,0.9605222940444946
2019758722,test,0,0,0.06376858800649643,0.9362314343452454
335980543,cal,0,0,0.2300628274679184,0.7699371576309204
1473529363,cal,0,0,0.4103800356388092,0.5896199941635132
236507304,cal,0,0,0.3085605502128601,0.6914394497871399
1594381527,cal,0,0,0.09671146422624588,0.9032885432243347
1709631362,cal,0,1,0.5254020690917969,0.5254020690917969
1973964276,cal,0,0,0.2950567603111267,0.7049432396888733
1999736519,cal,0,0,0.16037490963935852,0.8396251201629639
810457461,cal,0,1,0.5959010124206543,0.5959010124206543
2016437426,cal,0,0,0.4335997402667999,0.5664002895355225
1043645125,test,1,1,0.6002402901649475,0.6002402901649475
1663816179,test,1,0,0.18387745320796967,0.8161225318908691
669777713,test,1,1,0.5507673621177673,0.5507673621177673
820241453,test,1,0,0.08416464924812317,0.9158353805541992
736214843,cal,1,1,0.5003416538238525,0.5003416538238525
1104374505,cal,1,1,0.5472935438156128,0.5472935438156128
491983842,cal,1,1,0.8385549783706665,0.8385549783706665
2103397352,cal,1,1,0.5602527260780334,0.5602527260780334
926101650,cal,1,0,0.38731497526168823,0.6126850247383118
1044871990,cal,1,0,0.21994473040103912,0.7800552845001221
2139308217,cal,1,0,0.29671213030815125,0.7032878398895264
824185829,cal,1,1,0.5042445659637451,0.5042445659637451
1832784685,cal,1,0,0.38878461718559265,0.611215353012085
217693305,cal,0,1,0.6809377670288086,0.6809377670288086
613910921,cal,0,1,0.6427505612373352,0.6427505612373352
1461766409,cal,0,1,0.688934326171875,0.688934326171875
1780915358,cal,0,1,0.6920992732048035,0.6920992732048035
297814407,cal,0,0,0.09039684385061264,0.9096031785011292
590839970,cal,0,1,0.7856677770614624,0.7856677770614624
842964845,cal,0,1,0.6348790526390076,0.6348790526390076
2109389564,cal,0,0,0.026055557653307915,0.9739444255828857
918531711,cal,0,0,0.30484479665756226,0.6951552033424377
2006464395,cal,0,0,0.05088682472705841,0.9491131901741028
536511312,cal,0,0,0.2925824522972107,0.7074175477027893
1032568612,cal,0,1,0.5639249086380005,0.5639249086380005
1934586090,cal,0,0,0.2307024896144867,0.7692974805831909
229489132,cal,0,0,0.09073390811681747,0.9092661142349243
758955460,cal,0,0,0.0007149367011152208,0.9992850422859192
1373895939,cal,0,0,1.042271833284758e-05,0.9999895691871643
1513048316,cal,0,0,0.13934475183486938,0.8606552481651306
571786411,cal,0,0,0.022732704877853394,0.9772672653198242
771501722,cal,0,0,7.696515240240842e-05,0.999923050403595
1590936858,cal,0,0,0.00014001646195538342,0.9998599886894226
1938845520,cal,0,0,0.0035130768083035946,0.9964869022369385
2117514003,cal,0,0,0.046106576919555664,0.9538934230804443
196417033,cal,1,1,0.9729565978050232,0.9729565978050232
1551992551,cal,1,1,0.9695889353752136,0.9695889353752136
563634941,cal,1,1,0.9364556670188904,0.9364556670188904
1680608323,cal,1,1,0.9681904315948486,0.9681904315948486
2084229602,cal,1,1,0.9803203344345093,0.9803203344345093
356802725,cal,0,0,0.014178475365042686,0.985821545124054
421709323,cal,0,0,0.1123989000916481,0.8876010775566101
975757612,cal,0,0,0.09252268075942993,0.9074773192405701
1653696624,cal,0,0,0.0006985381478443742,0.9993014335632324
1691979419,cal,0,0,0.04237997531890869,0.9576200246810913
76478386,cal,0,0,0.054796572774648666,0.945203423500061
853598581,cal,0,0,0.10537887364625931,0.8946211338043213
1177849922,cal,0,0,0.15168124437332153,0.8483187556266785
176844654,cal,0,0,0.015315400436520576,0.9846845865249634
522172629,cal,0,0,0.17268581688404083,0.8273141980171204
1109777519,cal,0,0,0.09550288319587708,0.9044971466064453
1382883345,test,0,0,0.004638216458261013,0.9953618049621582
1482344826,test,0,0,0.00756847346201539,0.9924315214157104
1356169998,test,0,0,0.030047308653593063,0.9699527025222778
1732220544,test,0,0,0.0029665129259228706,0.9970334768295288
419872989,test,1,1,0.8683191537857056,0.8683191537857056
619067762,test,1,1,0.9837163686752319,0.9837163686752319
1937566536,test,1,1,0.7263805866241455,0.7263805866241455
1989162372,test,1,1,0.9503553509712219,0.9503553509712219
80394543,test,1,1,0.7299214601516724,0.7299214601516724
643852361,test,1,1,0.9873981475830078,0.9873981475830078
1158361848,test,1,1,0.9492992162704468,0.9492992162704468
1542349961,test,1,1,0.9745965600013733,0.9745965600013733
517865221,cal,0,0,0.020682847127318382,0.9793171286582947
734827335,cal,0,0,0.0036516792606562376,0.9963483214378357
2140958581,cal,0,0,0.019865496084094048,0.9801344871520996
1476780261,cal,0,0,0.012536812573671341,0.9874631762504578
1958745012,cal,0,0,0.005208606366068125,0.9947913885116577
1663203017,cal,0,0,0.0445953793823719,0.9554046392440796
1741720639,cal,0,0,0.03151197358965874,0.9684880375862122
2066297229,cal,0,0,0.016187245026230812,0.9838127493858337
704012074,cal,0,0,0.06741583347320557,0.9325841665267944
997948242,cal,0,0,0.31948837637901306,0.6805115938186646
1548307932,cal,0,0,0.0866670086979866,0.913332998752594
557376738,cal,1,1,0.9170666933059692,0.9170666933059692
1727690160,cal,1,1,0.8586595058441162,0.8586595058441162
1079472287,cal,1,1,0.8952214121818542,0.8952214121818542
1273637931,cal,1,1,0.8801281452178955,0.8801281452178955
8492762,cal,0,0,0.16066381335258484,0.8393361568450928
682602673,cal,0,0,0.14389091730117798,0.856109082698822
741144898,cal,0,0,0.17841492593288422,0.8215850591659546
891948574,cal,0,0,0.19879060983657837,0.8012093901634216
627690153,cal,0,0,0.00545984972268343,0.9945401549339294
914766396,cal,0,0,0.009959702380001545,0.9900403022766113
1613344301,cal,0,0,0.0031750055495649576,0.9968249797821045
804941903,cal,0,0,0.016085313633084297,0.9839146733283997
820505318,cal,0,0,0.007680937182158232,0.9923190474510193
871528943,cal,0,0,0.0066986046731472015,0.9933013916015625
1392019691,cal,0,0,0.01026999857276678,0.9897300004959106
1564350780,cal,0,0,0.026953689754009247,0.9730463027954102
166586882,cal,0,0,5.9387399232946336e-05,0.9999406337738037
781524556,cal,0,0,0.018573008477687836,0.981427013874054
2017924690,cal,0,0,0.004171609878540039,0.99582839012146
13617842,cal,0,0,0.00920327752828598,0.9907967448234558
566928744,cal,0,0,0.0001084799223463051,0.9998915195465088
381389823,test,0,0,0.33276811242103577,0.6672319173812866
1450740505,test,0,0,0.21827617287635803,0.7817238569259644
581940083,test,0,0,0.2326652705669403,0.7673346996307373
866798262,test,0,0,0.39355626702308655,0.6064437627792358
1201092065,test,1,1,0.601323664188385,0.601323664188385
1984076434,test,1,1,0.8495045900344849,0.8495045900344849
188395592,test,1,1,0.7666921615600586,0.7666921615600586
364372906,test,1,1,0.7318965792655945,0.7318965792655945
1067814578,cal,1,1,0.8725528717041016,0.8725528717041016
2114271127,cal,1,1,0.9565967321395874,0.9565967321395874
171926709,cal,1,1,0.7332850694656372,0.7332850694656372
1343504247,cal,1,1,0.956287145614624,0.956287145614624
506782353,cal,0,0,0.002819751389324665,0.9971802234649658
1420005483,cal,0,0,0.001129599753767252,0.9988703727722168
1911540432,cal,0,0,0.01266438141465187,0.9873356223106384
2082627699,cal,0,0,0.03786644712090492,0.962133526802063
67496037,test,0,0,0.36791008710861206,0.6320899128913879
348030774,test,0,0,0.46514472365379333,0.5348552465438843
372701702,test,0,0,0.2134999781847,0.7865000367164612
2088655834,test,0,0,0.46967610716819763,0.53032386302948
339934947,test,0,0,0.40993139147758484,0.5900685787200928
1104994408,test,0,1,0.6405398845672607,0.6405398845672607
1440736542,test,0,1,0.6746649146080017,0.6746649146080017
27239529,test,0,0,0.4846216142177582,0.5153783559799194
158189326,test,0,1,0.6598937511444092,0.6598937511444092
1734470216,test,0,1,0.7541603446006775,0.7541603446006775
2082227290,test,0,1,0.8407629132270813,0.8407629132270813
2085740004,test,0,1,0.5810616612434387,0.5810616612434387
146580689,test,0,1,0.6306144595146179,0.6306144595146179
290289537,test,0,1,0.6676828265190125,0.6676828265190125
655590854,test,0,1,0.5062259435653687,0.5062259435653687
1992007340,test,0,1,0.6702746748924255,0.6702746748924255
979234200,cal,0,0,0.1826760470867157,0.8173239231109619
1254665194,cal,0,0,0.060687288641929626,0.9393126964569092
994443548,cal,0,0,0.3996289372444153,0.6003710627555847
2005117804,cal,0,0,0.08404089510440826,0.9159591197967529
1894503705,cal,1,1,0.8414356708526611,0.8414356708526611
2086996141,cal,1,1,0.9037598967552185,0.9037598967552185
331637040,cal,1,1,0.959121823310852,0.959121823310852
564652979,cal,1,1,0.9803838133811951,0.9803838133811951
1687032392,cal,1,1,0.9841414093971252,0.9841414093971252
462779595,test,1,1,0.7959446310997009,0.7959446310997009
1433083031,test,1,0,0.29112619161605835,0.7088738083839417
88349755,test,1,1,0.9137029647827148,0.9137029647827148
2120863613,test,1,0,0.3694203794002533,0.6305795907974243
1874431442,cal,1,0,0.20803546905517578,0.7919645309448242
2003827541,cal,1,0,0.23752361536026,0.76247638463974
351967402,cal,1,0,0.3677089214324951,0.6322910785675049
492387472,cal,1,1,0.6173539757728577,0.6173539757728577
875410151,cal,1,0,0.4442589581012726,0.5557410717010498
877606663,cal,1,0,0.4910597503185272,0.5089402198791504
92831455,cal,1,1,0.750698447227478,0.750698447227478
348394819,cal,1,1,0.5777637362480164,0.5777637362480164
618135060,cal,1,0,0.16838786005973816,0.8316121101379395
798530688,cal,1,1,0.6030673384666443,0.6030673384666443
155484222,cal,1,0,0.09051907807588577,0.9094809293746948
431822660,cal,1,0,0.17731057107448578,0.822689414024353
1214081517,cal,1,0,0.15790976583957672,0.8420902490615845
734412886,cal,1,1,0.9059485793113708,0.9059485793113708
1498922524,cal,1,1,0.9824873805046082,0.9824873805046082
1559911596,cal,1,1,0.9432148933410645,0.9432148933410645
744810247,cal,1,1,0.8137436509132385,0.8137436509132385
746671778,cal,1,1,0.8750563859939575,0.8750563859939575
1289981492,cal,1,1,0.9212238192558289,0.9212238192558289
928587335,cal,0,1,0.6780659556388855,0.6780659556388855
1908436680,cal,0,0,0.4592389464378357,0.5407610535621643
1110300867,cal,0,1,0.5202531814575195,0.5202531814575195
1117566323,cal,0,1,0.6353164911270142,0.6353164911270142
2031372552,cal,0,0,0.39398831129074097,0.606011688709259
1073133672,cal,0,0,0.04396143928170204,0.9560385346412659
1231059707,cal,0,0,0.07207465916872025,0.9279253482818604
1881727069,cal,0,0,0.05942096188664436,0.9405790567398071
1957710235,cal,0,0,0.05351851508021355,0.946481466293335
111957592,cal,0,0,0.1307271420955658,0.8692728281021118
2064909108,cal,0,0,0.15799978375434875,0.8420002460479736
1500501689,test,0,0,0.3205697238445282,0.6794302463531494
1647258776,test,0,0,0.3878202736377716,0.6121797561645508
104362628,test,0,1,0.761910617351532,0.761910617351532
126158948,test,0,1,0.7738487720489502,0.7738487720489502
1003971672,cal,1,0,0.41342777013778687,0.5865722298622131
2094234844,cal,1,1,0.692614734172821,0.692614734172821
302099222,cal,1,1,0.7248674035072327,0.7248674035072327
1511273042,cal,1,1,0.7453770041465759,0.7453770041465759
487890328,cal,0,0,0.06889405846595764,0.9311059713363647
2095534993,cal,0,0,0.4293743073940277,0.5706256628036499
13141452,cal,0,0,0.3525036573410034,0.6474963426589966
849939516,cal,0,1,0.537821888923645,0.537821888923645
3739134,test,0,0,3.628389094956219e-05,0.9999637007713318
176730321,test,0,0,0.002633823547512293,0.997366189956665
312871412,test,0,0,3.845207902486436e-05,0.9999615550041199
818016715,test,0,0,0.012190920300781727,0.9878090620040894
46952334,test,0,0,0.009832645766437054,0.9901673793792725
482356104,test,0,0,6.552266859216616e-05,0.9999344944953918
986864165,test,0,0,5.426300049293786e-05,0.9999457597732544
2108330259,test,0,0,0.0019891115371137857,0.9980108737945557
601039966,cal,1,1,0.6764646768569946,0.6764646768569946
1843772797,cal,1,1,0.8624188303947449,0.8624188303947449
1864610382,cal,1,1,0.7474098801612854,0.7474098801612854
1906006394,cal,1,1,0.8622132539749146,0.8622132539749146
43125632,cal,1,1,0.8973063826560974,0.8973063826560974
685491600,cal,1,1,0.8724502325057983,0.8724502325057983
1338072637,cal,1,1,0.6883407831192017,0.6883407831192017
1688592460,cal,1,1,0.6593420505523682,0.6593420505523682
598973621,cal,0,0,0.004659010097384453,0.9953410029411316
660603973,cal,0,0,0.33702564239501953,0.6629743576049805
727784450,cal,0,0,0.0009773354977369308,0.9990226626396179
900539670,cal,0,0,0.009954908862709999,0.9900450706481934
1959460979,cal,0,0,0.10311943292617798,0.896880567073822
1969595520,cal,0,0,0.11715103685855865,0.8828489780426025
370592841,cal,0,0,0.05340487137436867,0.9465951323509216
1454731216,cal,0,0,0.028122151270508766,0.9718778729438782
642218257,cal,0,1,0.6580045819282532,0.6580045819282532
1025290280,cal,0,1,0.5547979474067688,0.5547979474067688
270758026,cal,0,0,0.07247395813465118,0.92752605676651
1746137441,cal,0,0,0.33710306882858276,0.6628969311714172
523691670,cal,1,1,0.6138262748718262,0.6138262748718262
873229805,cal,1,1,0.5699408650398254,0.5699408650398254
1849460253,cal,1,1,0.5815474390983582,0.5815474390983582
1826847034,cal,1,1,0.9810057878494263,0.9810057878494263
2016396111,cal,1,1,0.9723657369613647,0.9723657369613647
650927775,test,0,0,0.0001435329468222335,0.9998564720153809
1887098710,test,0,0,0.002335274824872613,0.997664749622345
675250468,test,0,0,0.001329598599113524,0.9986703991889954
1529781434,test,0,0,0.0002653326955623925,0.99973464012146
1055319105,cal,1,1,0.845970869064331,0.845970869064331
1457715671,cal,1,0,0.0004060877545271069,0.9995939135551453
1682518940,cal,1,1,0.8273329734802246,0.8273329734802246
103461181,cal,1,0,0.20677240192890167,0.7932276129722595
1280544598,cal,1,0,0.443131685256958,0.556868314743042
40459985,cal,1,1,0.8920321464538574,0.8920321464538574
899999352,cal,1,1,0.7769442200660706,0.7769442200660706
1525555420,cal,1,1,0.8654360771179199,0.8654360771179199
1809726894,cal,1,1,0.6857225894927979,0.6857225894927979
1146901517,cal,1,1,0.9324210286140442,0.9324210286140442
1227042633,cal,1,1,0.92497718334198,0.92497718334198
1353549560,cal,1,1,0.8849717378616333,0.8849717378616333
1670208938,cal,1,1,0.895222008228302,0.895222008228302
1962335177,cal,1,1,0.730337917804718,0.730337917804718
1103575247,cal,0,0,0.0022231335751712322,0.9977768659591675
1312699589,cal,0,0,0.010108470916748047,0.989891529083252
1588576165,cal,0,0,0.0022208644077181816,0.997779130935669
466876721,cal,0,0,0.37273988127708435,0.6272600889205933
1672097872,cal,0,0,0.40393689274787903,0.5960631370544434
2057264782,cal,0,1,0.5098873376846313,0.5098873376846313
2113560913,cal,0,0,0.3327356278896332,0.6672643423080444
415061047,cal,0,1,0.5886833071708679,0.5886833071708679
1104676943,cal,0,0,0.26711130142211914,0.7328886985778809
445359742,cal,0,1,0.5799241662025452,0.5799241662025452
1238170226,cal,0,1,0.6931835412979126,0.6931835412979126
1903785958,cal,0,0,0.3732754588127136,0.6267245411872864
589169255,cal,0,0,0.04022155702114105,0.9597784280776978
1289634793,cal,0,0,0.03789373114705086,0.9621062874794006
681123470,cal,0,0,0.027437999844551086,0.9725620150566101
1089721398,cal,0,0,0.022957872599363327,0.9770421385765076
1481766531,cal,1,1,0.6203770637512207,0.6203770637512207
1938505294,cal,1,0,0.3821331560611725,0.6178668737411499
207495802,cal,1,0,0.44767335057258606,0.5523266792297363
1661167822,cal,1,1,0.5045269131660461,0.5045269131660461
2060786840,cal,1,1,0.5000900626182556,0.5000900626182556
468654680,cal,1,1,0.6923619508743286,0.6923619508743286
1809244261,cal,1,1,0.7436570525169373,0.7436570525169373
2127589667,cal,1,1,0.6958567500114441,0.6958567500114441
644663090,cal,1,1,0.7941462993621826,0.7941462993621826
1584080456,cal,1,1,0.7505878210067749,0.7505878210067749
2067966841,cal,1,1,0.8279340863227844,0.8279340863227844
819482823,test,0,0,0.060843076556921005,0.9391569495201111
1123715997,test,0,0,0.030595261603593826,0.9694047570228577
1629524166,test,0,0,0.01740177534520626,0.9825982451438904
618265123,test,0,0,0.030691301450133324,0.9693086743354797
1219273011,test,0,0,0.05831651762127876,0.9416834712028503
1956776027,test,0,0,0.028796706348657608,0.9712032675743103
1003371454,cal,0,0,2.555491664679721e-05,0.9999744296073914
1964453812,cal,0,0,2.1553638362092897e-05,0.9999784231185913
1313041189,cal,0,0,0.0007143617258407176,0.9992856383323669
1795359059,cal,0,0,0.001666483236476779,0.9983335137367249
861980452,cal,1,0,0.09203973412513733,0.9079602956771851
1888323688,cal,1,0,0.1832214593887329,0.8167785406112671
304090560,cal,1,0,0.17600350081920624,0.8239964842796326
1054483668,cal,1,0,0.2798452079296112,0.7201547622680664
1762126191,test,0,0,0.22930888831615448,0.7706910967826843
1956741949,test,0,0,0.18053701519966125,0.8194630146026611
407288580,test,0,0,0.09211951494216919,0.9078804850578308
1672696958,test,0,0,0.31911730766296387,0.6808826923370361
354088534,cal,0,0,0.1377701461315155,0.8622298240661621
1907337677,cal,0,0,0.2704063951969147,0.7295936346054077
340799722,cal,0,0,0.15800096094608307,0.8419990539550781
409704040,cal,0,0,0.1687845140695572,0.831215500831604
1728177872,cal,0,0,0.2908979654312134,0.7091020345687866
344392941,test,1,1,0.7999069094657898,0.7999069094657898
1154819623,test,1,1,0.5664222240447998,0.5664222240447998
1441486221,test,1,1,0.6095353364944458,0.6095353364944458
1581308545,test,1,1,0.679231584072113,0.679231584072113
185832595,test,1,1,0.7599543333053589,0.7599543333053589
840366964,test,1,1,0.7087323665618896,0.7087323665618896
1795856359,cal,1,1,0.8214532732963562,0.8214532732963562
2009980052,cal,1,1,0.9304109811782837,0.9304109811782837
675799646,cal,1,1,0.7421007752418518,0.7421007752418518
1110652091,cal,1,1,0.8664897680282593,0.8664897680282593
1246826758,cal,1,1,0.8410148024559021,0.8410148024559021
1410976970,cal,1,1,0.617468535900116,0.617468535900116
1428643243,cal,1,0,0.4906145930290222,0.5093854069709778
679978449,cal,1,0,0.35392695665359497,0.646073043346405
1253355490,cal,1,0,0.4508554935455322,0.5491445064544678
379779574,cal,1,0,0.41099125146865845,0.5890087485313416
1359638449,cal,1,0,0.3388388454914093,0.6611611843109131
1715366306,cal,1,0,0.2768154442310333,0.7231845855712891
2020424489,cal,1,0,0.49817875027656555,0.5018212795257568
830214263,cal,1,0,0.32675355672836304,0.673246443271637
1061672375,cal,1,1,0.5986262559890747,0.5986262559890747
1627140172,cal,1,0,0.26946958899497986,0.7305303812026978
237429591,cal,0,0,0.000534587656147778,0.9994654059410095
912745439,cal,0,0,0.00768690649420023,0.9923130869865417
1451735035,cal,0,0,0.006355393677949905,0.9936445951461792
2045776633,cal,0,0,0.0001698687265161425,0.9998301267623901
317765026,cal,0,0,0.046056315302848816,0.95394366979599
603420703,cal,0,0,0.006654650438576937,0.993345320224762
1036387733,cal,0,0,0.003053092397749424,0.9969469308853149
1315007908,cal,0,0,0.06049617752432823,0.9395038485527039
1668884653,cal,0,0,0.019903013482689857,0.9800969958305359
1084555092,test,0,0,0.035773735493421555,0.964226245880127
1554766666,test,0,0,0.023894064128398895,0.9761059284210205
1905840641,test,0,0,0.0687679722905159,0.9312320351600647
1165380538,test,0,0,0.026487795636057854,0.9735122323036194
2028758891,test,0,0,0.033085644245147705,0.9669143557548523
122147820,cal,1,1,0.9939377307891846,0.9939377307891846
851915015,cal,1,1,0.9783182144165039,0.9783182144165039
1348587667,cal,1,1,0.9891178011894226,0.9891178011894226
1375249032,cal,1,1,0.9811341762542725,0.9811341762542725
2106791330,cal,1,1,0.9958076477050781,0.9958076477050781
798075637,cal,0,0,1.5113548215595074e-05,0.999984860420227
1807509198,cal,0,0,0.00010153432958759367,0.9998984932899475
2076955800,cal,0,0,0.017813844606280327,0.9821861386299133
231651176,cal,0,0,1.1143909794952833e-08,1.0
839296540,cal,0,0,1.0197368993658529e-07,0.9999998807907104
1342129845,cal,0,0,7.858961907913908e-06,0.9999921321868896
295088085,cal,1,1,0.8842496871948242,0.8842496871948242
918357888,cal,1,1,0.9324324727058411,0.9324324727058411
1109250922,cal,1,1,0.9557628035545349,0.9557628035545349
379899235,cal,1,1,0.8977978825569153,0.8977978825569153
918407048,cal,1,1,0.9266414642333984,0.9266414642333984
873575526,cal,1,0,0.012142861261963844,0.9878571629524231
1501967742,cal,1,0,0.08190266788005829,0.9180973172187805
1976229482,cal,1,0,0.01747053861618042,0.9825294613838196
669679792,cal,1,0,0.4029967188835144,0.5970032811164856
1433410612,cal,1,0,0.3740631937980652,0.6259368062019348
1630718481,cal,1,0,0.044342685490846634,0.9556573033332825
1667153766,cal,0,0,0.05335120111703873,0.9466487765312195
1839051334,cal,0,0,0.047845885157585144,0.9521540999412537
382590654,cal,0,0,0.022478116676211357,0.9775218963623047
2012131100,cal,0,0,0.02343994751572609,0.9765600562095642
518465176,cal,1,1,0.5820523500442505,0.5820523500442505
1603478848,cal,1,1,0.7261307835578918,0.7261307835578918
620245866,cal,1,1,0.6944767832756042,0.6944767832756042
1641825899,cal,1,1,0.6448341608047485,0.6448341608047485
567345877,cal,0,0,0.0009785083821043372,0.9990214705467224
1450369342,cal,0,0,0.013727137818932533,0.9862728714942932
2031232279,cal,0,0,0.01555872242897749,0.9844412803649902
643866328,cal,0,0,0.0023238316643983126,0.9976761937141418
817052819,cal,0,0,0.0011110252235084772,0.9988889694213867
1253455970,cal,0,0,0.0008856265922077,0.9991143941879272
100498077,cal,0,0,0.2995269298553467,0.7004730701446533
2088589142,cal,0,0,0.4017280340194702,0.5982719659805298
628616986,cal,0,0,0.23878833651542664,0.761211633682251
1505707643,cal,0,0,0.29684633016586304,0.703153669834137
1950090736,cal,0,0,0.4449220895767212,0.5550779104232788
893761479,test,1,0,0.2243848443031311,0.7756151556968689
1371707583,test,1,1,0.5400488376617432,0.5400488376617432
1678974652,test,1,0,0.4593174457550049,0.5406825542449951
1837474071,test,1,1,0.521095335483551,0.521095335483551
772696266,test,1,1,0.5633449554443359,0.5633449554443359
948563917,test,1,1,0.7265943288803101,0.7265943288803101
1027706607,test,1,1,0.5191048383712769,0.5191048383712769
1981568161,test,1,0,0.4308595359325409,0.5691404342651367
437343084,cal,1,1,0.9871786832809448,0.9871786832809448
1918895691,cal,1,1,0.9762168526649475,0.9762168526649475
1578791959,cal,1,1,0.991872251033783,0.991872251033783
2091139179,cal,1,1,0.9686084389686584,0.9686084389686584
842023366,cal,0,0,0.05992046371102333,0.9400795102119446
1534316890,cal,0,0,0.0009564568754285574,0.9990435242652893
1108355727,cal,0,0,0.15881159901618958,0.8411884307861328
2131798343,cal,0,0,0.04960048198699951,0.9503995180130005
361975937,cal,1,0,0.2634872794151306,0.7365127205848694
1022769106,cal,1,0,0.3459354639053345,0.6540645360946655
1937791967,cal,1,0,0.4903446137905121,0.5096553564071655
1458179758,cal,1,1,0.6371883153915405,0.6371883153915405
1960112124,cal,1,0,0.4203290045261383,0.5796710252761841
2005157407,cal,1,1,0.5077863335609436,0.5077863335609436
18877836,test,1,0,0.27792251110076904,0.722077488899231
900974638,test,1,0,0.23899759352207184,0.7610024213790894
1503643277,test,1,0,0.3127221465110779,0.6872778534889221
357969173,test,1,0,0.3084336221218109,0.6915663480758667
874510727,test,1,0,0.28087204694747925,0.7191279530525208
888477540,test,1,0,0.444939523935318,0.5550605058670044
181594869,cal,0,0,0.15249642729759216,0.8475035429000854
1177795735,cal,0,0,0.34154418110847473,0.6584558486938477
197569416,cal,0,0,0.35282161831855774,0.6471784114837646
319370153,cal,0,0,0.2779659330844879,0.7220340967178345
705722323,cal,0,1,0.6831995844841003,0.6831995844841003
1727950990,cal,0,1,0.5348430871963501,0.5348430871963501
291906677,test,1,0,0.40042397379875183,0.5995759963989258
1527428874,test,1,1,0.8184630870819092,0.8184630870819092
189300287,test,1,1,0.8544171452522278,0.8544171452522278
376778810,test,1,1,0.8207692503929138,0.8207692503929138
1931486367,cal,1,0,0.29609566926956177,0.7039043307304382
2124136657,cal,1,1,0.5887404084205627,0.5887404084205627
564888627,cal,1,1,0.7864803671836853,0.7864803671836853
1465874438,cal,1,1,0.835143506526947,0.835143506526947
676565770,test,0,0,0.3954349756240845,0.6045650243759155
915039532,test,0,0,0.18624070286750793,0.8137593269348145
966460611,test,0,0,0.24133668839931488,0.7586632966995239
1286333595,test,0,0,0.29204291105270386,0.7079570889472961
1622844952,test,0,0,0.47892025113105774,0.5210797786712646
1669882842,test,0,1,0.5825405120849609,0.5825405120849609
2043278350,test,0,0,0.4161088168621063,0.5838911533355713
716622073,test,0,0,0.08788900077342987,0.9121109843254089
907185380,test,0,0,0.11414027959108353,0.8858597278594971
187234383,test,0,0,0.019397543743252754,0.9806024432182312
1769382655,test,0,0,0.01206841878592968,0.9879316091537476
1733668485,test,1,0,6.346276495605707e-05,0.9999365210533142
1896532688,test,1,0,0.005862262565642595,0.9941377639770508
430749815,test,1,0,7.928084232844412e-05,0.9999207258224487
1669202339,test,1,0,0.12057631462812424,0.8794236779212952
491213538,cal,0,0,0.38281580805778503,0.6171841621398926
657871902,cal,0,0,0.45039141178131104,0.549608588218689
1921655071,cal,0,0,0.2616770565509796,0.7383229732513428
60026386,cal,0,0,0.38307440280914307,0.6169255971908569
197404159,cal,0,0,0.323665589094162,0.6763343811035156
341575460,cal,0,0,0.3328092098236084,0.6671907901763916
158131945,test,0,0,0.07715585827827454,0.9228441715240479
1092814677,test,0,0,0.0735716000199318,0.9264283776283264
676996612,test,0,0,0.21149663627147675,0.7885033488273621
1886887437,test,0,0,0.2317933887243271,0.7682065963745117
198661502,cal,1,1,0.6438740491867065,0.6438740491867065
798830149,cal,1,1,0.6413572430610657,0.6413572430610657
1723471355,cal,1,1,0.9061700105667114,0.9061700105667114
2011187454,cal,1,0,0.12603430449962616,0.8739656805992126
2080897129,cal,1,0,0.08144105970859528,0.9185589551925659
830917739,cal,0,0,0.002838066080585122,0.9971619248390198
1590129491,cal,0,0,0.006636791862547398,0.9933632016181946
382880426,cal,0,0,0.049444567412137985,0.9505554437637329
500193901,cal,0,0,0.019325174391269684,0.9806748032569885
710610965,cal,1,0,0.3671032786369324,0.6328967213630676
1961435809,cal,1,1,0.6581133604049683,0.6581133604049683
1293581932,cal,1,0,0.4117032587528229,0.5882967710494995
2140013996,cal,1,1,0.5240249037742615,0.5240249037742615
439827880,cal,1,1,0.6211400032043457,0.6211400032043457
1537245757,cal,1,1,0.6600424647331238,0.6600424647331238
185626365,cal,1,1,0.6973630785942078,0.6973630785942078
543834406,cal,1,1,0.7471773028373718,0.7471773028373718
1451684128,cal,1,1,0.8691614866256714,0.8691614866256714
1021822781,cal,0,0,0.14760108292102814,0.8523989319801331
1933955326,cal,0,0,0.041201818734407425,0.9587981700897217
155246462,cal,0,1,0.6843131184577942,0.6843131184577942
619706859,cal,0,0,0.29781344532966614,0.7021865844726562
749565562,test,0,0,0.07797950506210327,0.9220204949378967
1601716069,test,0,0,0.04622648283839226,0.9537734985351562
1792760482,test,0,0,0.08012747764587402,0.919872522354126
1875420317,test,0,0,0.1018047109246254,0.8981952667236328
748736135,test,0,0,0.12143275141716003,0.8785672187805176
1247892167,test,0,0,0.07398764789104462,0.9260123372077942
1498478215,test,0,0,0.03690851852297783,0.9630914926528931
1414295413,test,0,0,0.054305363446474075,0.945694625377655
1933488108,test,0,0,0.0022374624386429787,0.9977625608444214
1014362199,test,0,0,0.004111840855330229,0.9958881735801697
1747146979,test,0,0,0.02352573350071907,0.9764742851257324
1835121469,test,0,0,0.025898747146129608,0.9741012454032898
2000591890,test,0,0,0.002267209580168128,0.9977328181266785
238805128,test,0,0,0.020170006901025772,0.9798299670219421
487225384,test,0,0,0.004887275397777557,0.9951127171516418
648724921,test,0,0,0.0018886422039940953,0.998111367225647
942937022,test,0,0,0.027017487213015556,0.9729825258255005
38566253,test,1,1,0.7033084034919739,0.7033084034919739
1104257184,test,1,1,0.8139325976371765,0.8139325976371765
1833521248,test,1,1,0.5888652205467224,0.5888652205467224
564729418,test,1,1,0.8822686076164246,0.8822686076164246
843702346,test,1,1,0.9429306387901306,0.9429306387901306
1577685325,test,1,1,0.9297279715538025,0.9297279715538025
554694383,test,1,1,0.7353863716125488,0.7353863716125488
636792767,test,1,0,0.30181482434272766,0.6981852054595947
25190362,test,1,1,0.7373828887939453,0.7373828887939453
1736208803,test,1,1,0.9411826729774475,0.9411826729774475
663557161,cal,0,0,0.18455010652542114,0.8154498934745789
690291973,cal,0,0,0.45605623722076416,0.5439437627792358
1416475348,cal,0,0,0.4772886633872986,0.5227113366127014
892512227,cal,0,1,0.532630443572998,0.532630443572998
907220117,cal,0,0,0.34781694412231445,0.6521830558776855
304859990,cal,0,0,0.0007285707979463041,0.9992714524269104
501979017,cal,0,0,7.664558324904647e-06,0.999992311000824
1531953632,cal,0,0,0.03360011801123619,0.9663999080657959
370886916,cal,0,0,0.015994010493159294,0.9840059876441956
1321196902,cal,0,0,0.0067093330435454845,0.9932906627655029
1433109354,cal,0,0,0.00020337835303507745,0.9997966289520264
78046473,cal,0,0,0.00841482449322939,0.9915851950645447
1654229092,cal,0,0,0.07005243003368378,0.929947555065155
1784673507,cal,0,0,0.03302741050720215,0.9669725894927979
992230766,cal,0,0,0.12423688918352127,0.8757631182670593
1676652407,cal,0,0,0.08882607519626617,0.911173939704895
1715774453,cal,0,0,0.0745387077331543,0.9254612922668457
176859678,cal,0,0,0.31720203161239624,0.6827979683876038
2045216615,cal,0,0,0.3093007802963257,0.6906992197036743
647254933,cal,0,0,0.25757738947868347,0.7424225807189941
1365270904,cal,0,0,0.3071623742580414,0.6928375959396362
1962061164,cal,0,0,0.2788076400756836,0.7211923599243164
718382238,cal,0,0,0.21423707902431488,0.7857629060745239
913629274,cal,0,0,0.2361413836479187,0.7638586163520813
345019299,cal,0,0,0.0720546543598175,0.9279453754425049
501627905,cal,0,0,0.10382916778326035,0.8961708545684814
1269823269,cal,1,1,0.9873714447021484,0.9873714447021484
1340288902,cal,1,1,0.8451284170150757,0.8451284170150757
890231744,cal,1,1,0.8855316638946533,0.8855316638946533
1189402005,cal,1,0,0.010572892613708973,0.9894270896911621
407188710,cal,0,0,0.044420309364795685,0.9555796980857849
1408033691,cal,0,0,0.06388520449399948,0.9361147880554199
2067092051,cal,0,0,0.07277222722768784,0.927227795124054
176701781,cal,0,0,0.050913628190755844,0.9490863680839539
1730926632,cal,0,0,0.07977157831192017,0.9202284216880798
1810313952,cal,0,0,0.3298203945159912,0.6701796054840088
571524766,test,0,0,0.0003473399847280234,0.9996526837348938
1902259190,test,0,0,0.0006184889352880418,0.9993814826011658
605563852,test,0,0,3.966095027863048e-05,0.9999603629112244
1681685902,test,0,0,0.00013966429105494171,0.9998603463172913
1015802267,cal,1,1,0.945300281047821,0.945300281047821
1713356556,cal,1,1,0.5184506773948669,0.5184506773948669
324075908,cal,1,1,0.8214071989059448,0.8214071989059448
1502783459,cal,1,1,0.9036214351654053,0.9036214351654053
182436520,cal,0,1,0.6263567209243774,0.6263567209243774
320065135,cal,0,1,0.8103234171867371,0.8103234171867371
668321072,cal,0,1,0.6315974593162537,0.6315974593162537
672346964,cal,0,1,0.6979204416275024,0.6979204416275024
451194057,cal,0,0,0.14796169102191925,0.8520383238792419
503584788,cal,0,0,0.11116506904363632,0.8888349533081055
1057307150,cal,0,0,0.2623562514781952,0.7376437187194824
1665887450,cal,0,0,0.19602195918560028,0.8039780259132385
988453346,cal,1,0,0.4417775273323059,0.5582224726676941
1911221518,cal,1,1,0.5146944522857666,0.5146944522857666
234287133,cal,1,1,0.7567402124404907,0.7567402124404907
1382814496,cal,1,1,0.5888875126838684,0.5888875126838684
1312473004,cal,1,1,0.9692497849464417,0.9692497849464417
1491060686,cal,1,1,0.6694966554641724,0.6694966554641724
222966937,cal,1,1,0.9553231000900269,0.9553231000900269
1845993877,cal,1,1,0.9739369750022888,0.9739369750022888
347937820,cal,0,0,0.0009614317677915096,0.999038577079773
2066233963,cal,0,0,0.002577070612460375,0.9974229335784912
446942003,cal,0,0,1.886831523734145e-05,0.9999811053276062
1480302617,cal,0,0,0.0005933896172791719,0.999406635761261
1605481077,cal,0,0,0.002658234676346183,0.9973417520523071
1445365999,cal,0,0,0.15513722598552704,0.8448627591133118
1882395075,cal,0,0,0.015564590692520142,0.9844354391098022
381596496,cal,0,0,0.0071222297847270966,0.9928777813911438
1603878621,cal,0,0,0.07566341757774353,0.9243365526199341
124777991,cal,1,1,0.9066675901412964,0.9066675901412964
293218038,cal,1,1,0.949320912361145,0.949320912361145
1840378673,cal,1,1,0.9401094317436218,0.9401094317436218
1479675188,cal,1,1,0.860719621181488,0.860719621181488
1954515997,cal,1,1,0.929946780204773,0.929946780204773
553521223,cal,1,1,0.9798558950424194,0.9798558950424194
588158577,cal,1,1,0.9816253185272217,0.9816253185272217
440061999,cal,1,1,0.9687449932098389,0.9687449932098389
1353000667,cal,1,1,0.9584317803382874,0.9584317803382874
113870021,cal,1,1,0.8406962752342224,0.8406962752342224
516699168,cal,1,1,0.8736944794654846,0.8736944794654846
1566978535,cal,1,1,0.9717236161231995,0.9717236161231995
1609415645,cal,1,1,0.9774388670921326,0.9774388670921326
1894064785,cal,1,1,0.9573721885681152,0.9573721885681152
1223771520,cal,1,0,0.45915159583091736,0.5408483743667603
1532982826,cal,1,0,0.3698461353778839,0.6301538944244385
116023725,cal,1,0,0.10513519495725632,0.8948647975921631
602155609,cal,1,0,0.42670735716819763,0.57329261302948
895501186,cal,1,0,0.30202606320381165,0.6979739665985107
1620160334,cal,1,1,0.7760999798774719,0.7760999798774719
51195587,cal,1,1,0.7118815183639526,0.7118815183639526
1248557190,cal,1,1,0.6692448854446411,0.6692448854446411
710734224,test,1,0,0.13465824723243713,0.8653417825698853
1832286921,test,1,0,0.020682629197835922,0.9793173670768738
1997539775,test,1,0,0.09581857919692993,0.9041814208030701
307854208,test,1,0,0.40874022245407104,0.591259777545929
1243036147,test,1,1,0.5523557662963867,0.5523557662963867
1944116703,test,1,0,0.2690655291080475,0.7309345006942749
2039551584,test,1,0,0.3750428259372711,0.6249572038650513
971594840,test,1,1,0.8578222990036011,0.8578222990036011
1357694739,test,1,1,0.8006917238235474,0.8006917238235474
19542040,test,1,1,0.9006574153900146,0.9006574153900146
2019930622,test,1,1,0.8701410889625549,0.8701410889625549
1453405134,cal,0,0,0.07676921784877777,0.923230767250061
1475835639,cal,0,0,0.06445098668336868,0.9355490207672119
899505330,cal,0,0,0.02236984856426716,0.9776301383972168
1175552103,cal,0,0,0.0023285280913114548,0.9976714849472046
902517748,cal,1,1,0.9159067869186401,0.9159067869186401
1466906292,cal,1,1,0.8588278889656067,0.8588278889656067
1559292995,cal,1,1,0.9892796874046326,0.9892796874046326
194838598,cal,1,1,0.911687970161438,0.911687970161438
357516501,cal,1,1,0.9684475064277649,0.9684475064277649
801703425,cal,1,1,0.9809087514877319,0.9809087514877319
946544372,test,1,1,0.5673245191574097,0.5673245191574097
1387575435,test,1,1,0.551432192325592,0.551432192325592
320644968,test,1,1,0.8557174205780029,0.8557174205780029
1545216016,test,1,1,0.6252123713493347,0.6252123713493347
1684384771,test,1,1,0.654236376285553,0.654236376285553
1995089065,test,1,1,0.5255857110023499,0.5255857110023499
1517455619,cal,0,0,0.4835100769996643,0.5164899230003357
1602758114,cal,0,0,0.431314080953598,0.5686858892440796
677540989,cal,0,1,0.5293036103248596,0.5293036103248596
777326227,cal,0,1,0.6835945248603821,0.6835945248603821
1021339783,cal,0,0,0.21291233599185944,0.7870876789093018
1345154394,cal,0,0,0.0014423244865611196,0.9985576868057251
397584476,cal,0,0,0.004655534867197275,0.9953444600105286
486901586,cal,0,0,0.0006227928097359836,0.9993771910667419
1745634441,cal,0,0,0.004228877369314432,0.9957711100578308
1146643337,cal,0,0,0.0019278260879218578,0.9980721473693848
1904722471,cal,0,0,0.03199511393904686,0.9680048823356628
530488345,cal,0,0,3.5773678064288106e-07,0.9999996423721313
1331598879,cal,0,0,0.14644241333007812,0.8535575866699219
1908004188,cal,0,0,0.0018326470162719488,0.9981673359870911
2132405402,cal,0,0,3.974504943471402e-05,0.9999602437019348
1606557674,test,0,0,0.24369822442531586,0.756301760673523
2046141420,test,0,0,0.19138751924037933,0.8086124658584595
890274387,test,0,0,0.047504618763923645,0.9524953961372375
1383325168,test,0,0,0.3292286694049835,0.6707713603973389
1179596040,cal,0,0,0.0012636568862944841,0.9987363219261169
1181339971,cal,0,1,0.6869819760322571,0.6869819760322571
484840727,cal,0,0,0.020582789555191994,0.9794172048568726
1804504682,cal,0,0,0.3808833062648773,0.6191166639328003
825270681,test,0,0,0.19947509467601776,0.800524890422821
1113093954,test,0,0,0.1083095371723175,0.8916904926300049
145056531,test,0,0,0.31145527958869934,0.688544750213623
2108025467,test,0,1,0.5388157963752747,0.5388157963752747
233866181,test,0,0,0.012461970560252666,0.9875380396842957
641316920,test,0,0,0.15479673445224762,0.8452032804489136
410046636,test,0,0,0.2735372483730316,0.726462721824646
735548302,test,0,0,0.4288977086544037,0.5711022615432739
105958462,cal,1,0,0.10481651872396469,0.8951835036277771
1438524595,cal,1,0,0.12340693920850754,0.8765930533409119
1641267743,cal,1,1,0.7836265563964844,0.7836265563964844
280832044,cal,1,0,0.3453209102153778,0.6546790599822998
1701718777,cal,1,0,0.0026202283333986998,0.9973797798156738
1666334909,test,1,1,0.7660746574401855,0.7660746574401855
1911736265,test,1,1,0.6301303505897522,0.6301303505897522
851479978,test,1,1,0.8575173020362854,0.8575173020362854
1440330611,test,1,1,0.923488438129425,0.923488438129425
391040684,test,0,0,0.4279501736164093,0.5720498561859131
937649993,test,0,0,0.3172551095485687,0.6827448606491089
2001574189,test,0,0,0.37301793694496155,0.6269820928573608
1960739226,test,0,0,0.4767597019672394,0.523240327835083
2139390499,test,0,0,0.38302552700042725,0.6169744729995728
449782913,cal,1,1,0.7901910543441772,0.7901910543441772
1574179907,cal,1,1,0.8288463354110718,0.8288463354110718
132198536,cal,1,0,0.36936554312705994,0.6306344270706177
764924611,cal,1,1,0.5862816572189331,0.5862816572189331
72206775,cal,0,0,0.05381440743803978,0.9461855888366699
891734084,cal,0,0,0.0001498847850598395,0.9998500943183899
1534271742,cal,0,0,0.03614033758640289,0.9638596773147583
537108157,cal,0,0,0.0006154035800136626,0.9993845820426941
646293469,cal,0,0,0.0038178020622581244,0.9961822032928467
1689082764,cal,0,0,0.04301882162690163,0.9569811820983887
2071536425,cal,0,0,0.001981334062293172,0.9980186820030212
297471146,cal,0,0,0.0043062069453299046,0.9956938028335571
1456940701,cal,0,0,0.0066797989420592785,0.9933202266693115
420825824,cal,0,0,0.035271670669317245,0.9647283554077148
489674195,cal,0,0,0.00012644541857298464,0.9998735785484314
1178398323,cal,0,0,0.014811292290687561,0.9851887226104736
711008580,cal,1,1,0.9216285943984985,0.9216285943984985
2098929898,cal,1,1,0.9647761583328247,0.9647761583328247
1203353822,cal,1,1,0.9741775989532471,0.9741775989532471
1649112959,cal,1,1,0.9586181044578552,0.9586181044578552
1492331792,cal,1,1,0.8955487012863159,0.8955487012863159
1640747372,cal,1,1,0.7904701828956604,0.7904701828956604
1035593328,cal,1,1,0.5095210075378418,0.5095210075378418
1571542936,cal,1,0,0.35424885153770447,0.6457511186599731
2132574913,cal,1,1,0.5059877634048462,0.5059877634048462
118770993,test,0,0,0.005947436206042767,0.9940525889396667
239968975,test,0,0,0.0005676944274455309,0.9994323253631592
992242569,test,0,0,0.01133918110281229,0.9886608123779297
1855714017,test,0,0,0.0005082723801024258,0.9994917511940002
1953246790,test,0,0,0.0020544982980936766,0.9979454874992371
2028810446,test,0,0,0.011912530288100243,0.9880874752998352
25325183,test,0,0,0.00856884103268385,0.9914311766624451
598157306,test,0,0,0.004019312560558319,0.9959806799888611
1181948538,test,0,0,0.012682382017374039,0.9873176217079163
1486023638,test,0,0,0.018846241757273674,0.9811537861824036
1775227547,test,0,0,0.010910391807556152,0.9890896081924438
139636140,cal,0,0,0.01125245075672865,0.9887475371360779
896781958,cal,0,0,0.013590398244559765,0.986409604549408
1203645886,cal,0,0,0.047565605491399765,0.9524344205856323
1027898986,cal,0,0,0.01048985868692398,0.9895101189613342
2127200998,cal,0,0,0.012772643007338047,0.9872273802757263
330351991,test,0,0,1.0241625204798765e-05,0.9999897480010986
617021833,test,0,0,4.574393642542418e-06,0.9999954104423523
1263282248,test,0,0,1.657575194258243e-05,0.9999834299087524
1473433796,test,0,0,0.000714787922333926,0.9992852210998535
394779002,test,0,0,0.01064259186387062,0.9893574118614197
522811556,test,0,0,0.0018353943014517426,0.9981645941734314
1448225467,test,0,0,0.0023476858623325825,0.9976522922515869
1979326920,test,0,0,0.007812472525984049,0.9921875
1024509064,cal,1,1,0.9486135840415955,0.9486135840415955
1147537695,cal,1,1,0.9226930141448975,0.9226930141448975
1466873633,cal,1,1,0.9605912566184998,0.9605912566184998
906878958,cal,1,1,0.9751274585723877,0.9751274585723877
1620967604,cal,1,1,0.955811083316803,0.955811083316803
61496615,cal,0,0,0.0010711003560572863,0.9989289045333862
1067738707,cal,0,0,0.0003740789252333343,0.9996259212493896
1170687624,cal,0,0,0.001911926083266735,0.9980880618095398
1713171263,cal,0,0,0.007136877626180649,0.992863118648529
1751805873,cal,0,0,0.0022047420497983694,0.9977952837944031
87065139,cal,0,0,0.003702127607539296,0.9962978959083557
838370499,cal,0,0,0.0008392604067921638,0.9991607666015625
2083676894,cal,0,0,0.0047019729390740395,0.9952980279922485
2115320828,cal,0,0,0.010847490280866623,0.9891524910926819
831452456,cal,0,0,0.09132284671068192,0.9086771607398987
1602052513,cal,0,0,0.2101314812898636,0.7898685336112976
237103385,cal,0,0,0.15822067856788635,0.841779351234436
1324050703,cal,0,0,0.06097351387143135,0.9390264749526978
525277600,test,1,0,0.49118104577064514,0.5088189840316772
894607583,test,1,0,0.48290956020355225,0.5170904397964478
1247957281,test,1,0,0.3920137882232666,0.6079862117767334
1541445450,test,1,1,0.5166532397270203,0.5166532397270203
1222543220,cal,0,0,0.16080667078495026,0.8391933441162109
1890050572,cal,0,0,0.02631182037293911,0.9736881852149963
1060008647,cal,0,0,0.05667777732014656,0.9433222413063049
1971482084,cal,0,0,0.028003262355923653,0.9719967246055603
260819064,cal,0,0,0.08660858869552612,0.9133914113044739
822746775,cal,0,0,0.06834109872579575,0.931658923625946
1642666959,cal,0,0,0.02657853439450264,0.9734214544296265
1936568436,cal,0,0,0.1504368633031845,0.8495631217956543
411759528,cal,0,0,0.17170029878616333,0.8282997012138367
898541273,cal,0,0,0.3997873365879059,0.6002126932144165
1100842475,cal,0,0,0.3085530400276184,0.6914469599723816
1229226078,cal,0,0,0.3373645544052124,0.6626354455947876
30312092,cal,0,0,0.057897865772247314,0.9421021342277527
420015311,cal,0,0,0.037329304963350296,0.9626706838607788
1521047732,cal,0,0,0.17270122468471527,0.8272987604141235
357648183,cal,0,0,0.11924263089895248,0.8807573914527893
1607163343,cal,0,0,0.07246261090040207,0.9275373816490173
1818145913,cal,1,0,0.23270449042320251,0.7672954797744751
2010592840,cal,1,0,0.25372767448425293,0.7462723255157471
878753255,cal,1,0,0.36544737219810486,0.6345525979995728
1313850781,cal,1,0,0.27974674105644226,0.7202532291412354
1738462332,cal,1,0,0.2886430323123932,0.7113569974899292
1163118403,cal,0,0,0.03431134670972824,0.9656886458396912
1812975094,cal,0,0,0.028674742206931114,0.9713252782821655
1884451754,cal,0,0,0.1851494163274765,0.8148505687713623
1764070224,cal,0,0,0.07571438699960709,0.9242855906486511
1887371952,cal,0,0,0.01768813282251358,0.9823118448257446
837445011,cal,0,0,0.08903180062770844,0.9109681844711304
1182685006,cal,0,0,0.034781862050294876,0.9652181267738342
1488169873,cal,0,0,0.08653930574655533,0.9134606719017029
218316397,cal,0,0,0.08735485374927521,0.912645161151886
307719234,cal,0,0,0.19397829473018646,0.8060216903686523
732610350,cal,0,0,0.10367022454738617,0.8963297605514526
1065680659,cal,0,0,0.06579863280057907,0.9342013597488403
664102561,cal,0,0,0.0005699506145901978,0.9994300603866577
1054374870,cal,0,0,0.0014170793583616614,0.9985828995704651
1927936995,cal,0,0,0.004582088440656662,0.9954178929328918
2098865599,cal,0,0,3.739938165381318e-06,0.9999962449073792
617440973,cal,0,0,0.00501186354085803,0.9949881434440613
1017004497,cal,0,0,0.01161559484899044,0.9883844256401062
2101136419,cal,0,0,6.242337985895574e-05,0.9999375939369202
820433520,cal,0,1,0.8581406474113464,0.8581406474113464
1329945541,cal,0,1,0.9500586986541748,0.9500586986541748
494034978,cal,0,0,0.43445470929145813,0.5655453205108643
850182403,cal,0,1,0.5878093242645264,0.5878093242645264
13642179,cal,1,1,0.6413516998291016,0.6413516998291016
732285063,cal,1,1,0.9648195505142212,0.9648195505142212
1048720297,cal,1,1,0.770384669303894,0.770384669303894
1097647146,cal,1,1,0.627549946308136,0.627549946308136
421198716,cal,1,1,0.9566290974617004,0.9566290974617004
847899986,cal,1,1,0.8000274896621704,0.8000274896621704
1437099010,cal,1,1,0.863632082939148,0.863632082939148
2034374592,cal,1,1,0.85353684425354,0.85353684425354
1503454512,test,0,0,0.07172032445669174,0.92827969789505
1567117896,test,0,0,0.036543719470500946,0.9634562730789185
312864851,test,0,0,0.04121268168091774,0.9587873220443726
424616393,test,0,0,0.04670458287000656,0.9532954096794128
1898111248,test,0,0,0.016660457476973534,0.9833395481109619
498811830,cal,0,0,0.178916335105896,0.821083664894104
1777288142,cal,0,0,0.306307315826416,0.693692684173584
2057058813,cal,0,0,0.23794107139110565,0.7620589137077332
1286144658,cal,0,0,0.05008448660373688,0.9499155282974243
1744381616,cal,0,0,0.28053900599479675,0.7194609642028809
1902509628,cal,0,0,0.17346785962581635,0.8265321254730225
279197134,cal,1,1,0.7736876010894775,0.7736876010894775
1122467481,cal,1,1,0.8164734244346619,0.8164734244346619
1213669512,cal,1,1,0.8541074991226196,0.8541074991226196
105316769,cal,1,1,0.8733815550804138,0.8733815550804138
1102887170,cal,1,1,0.8148661851882935,0.8148661851882935
1460798959,cal,1,1,0.9744864106178284,0.9744864106178284
1619317945,cal,1,1,0.8942742347717285,0.8942742347717285
887909059,cal,1,1,0.5061930418014526,0.5061930418014526
1100485106,cal,1,1,0.9194746613502502,0.9194746613502502
1347485144,cal,1,0,0.10112638026475906,0.8988736271858215
1368571682,cal,1,0,0.2734936475753784,0.7265063524246216
15252124,cal,1,0,0.09506940841674805,0.904930591583252
125246884,cal,1,1,0.639461100101471,0.639461100101471
148049337,cal,0,1,0.931469738483429,0.931469738483429
186216737,cal,0,1,0.9881039261817932,0.9881039261817932
830723707,cal,0,1,0.9275234341621399,0.9275234341621399
156995672,cal,0,1,0.940735399723053,0.940735399723053
739728353,cal,0,1,0.9988738894462585,0.9988738894462585
1828025337,cal,0,1,0.9538007378578186,0.9538007378578186
496101627,cal,1,1,0.5887279510498047,0.5887279510498047
780979770,cal,1,1,0.6310232877731323,0.6310232877731323
1912628949,cal,1,1,0.8142560720443726,0.8142560720443726
1016966074,cal,1,1,0.8064689636230469,0.8064689636230469
1713671168,cal,1,1,0.7748095393180847,0.7748095393180847
2018358564,cal,1,1,0.5777018070220947,0.5777018070220947
1674479129,cal,0,0,0.09635095298290253,0.9036490321159363
1768773007,cal,0,1,0.5562425851821899,0.5562425851821899
774466555,cal,0,0,0.21723899245262146,0.7827609777450562
840692125,cal,0,0,0.46964311599731445,0.5303568840026855
369665621,cal,0,0,1.5143416931095999e-05,0.999984860420227
570924467,cal,0,0,0.005551212467253208,0.9944487810134888
818775152,cal,0,0,0.015546046197414398,0.9844539761543274
903962852,cal,0,0,0.015645770356059074,0.9843542575836182
940827563,cal,0,0,3.851105066132732e-05,0.9999614953994751
1326595343,cal,0,0,0.00011606474436121061,0.9998839497566223
683431424,cal,0,0,0.28865426778793335,0.7113457322120667
1330944319,cal,0,0,0.4276214838027954,0.5723785161972046
179935944,cal,0,0,0.4506600499153137,0.5493399500846863
443036616,cal,0,1,0.5145812034606934,0.5145812034606934
1372132287,cal,0,0,0.4578962028026581,0.5421037673950195
1940528865,cal,0,0,0.24445882439613342,0.755541205406189
2037343606,cal,0,0,0.3292064368724823,0.6707935333251953
1175294552,cal,0,1,0.6077528595924377,0.6077528595924377
1892243251,cal,0,0,0.34017324447631836,0.6598267555236816
159022158,cal,1,0,0.46493157744407654,0.5350683927536011
352997847,cal,1,1,0.5443272590637207,0.5443272590637207
527124710,cal,1,0,0.3149879276752472,0.6850121021270752
764926586,cal,1,0,0.10097315162420273,0.8990268707275391
1054666500,cal,1,0,0.4616018831729889,0.5383981466293335
1758973815,cal,1,1,0.812648355960846,0.812648355960846
413206924,cal,1,1,0.7967923283576965,0.7967923283576965
1120894682,cal,1,1,0.8634410500526428,0.8634410500526428
463333816,cal,1,1,0.8817678689956665,0.8817678689956665
946816946,cal,1,1,0.7172651886940002,0.7172651886940002
1879245978,cal,0,0,0.11230900883674622,0.8876910209655762
2111247597,cal,0,0,0.10138414800167084,0.898615837097168
1367041914,cal,0,0,0.2980273365974426,0.7019726634025574
1751752442,cal,0,1,0.5611718893051147,0.5611718893051147
2119501516,cal,0,1,0.5018259286880493,0.5018259286880493
2216561,cal,1,1,0.9119279384613037,0.9119279384613037
772061157,cal,1,1,0.8883269429206848,0.8883269429206848
1356484055,cal,1,1,0.9333464503288269,0.9333464503288269
354241054,cal,1,0,0.19136632978916168,0.8086336851119995
829934522,cal,1,0,0.3941291570663452,0.6058708429336548
1949088348,cal,1,0,0.4933778643608093,0.5066221356391907
1773817889,test,1,0,0.2366902381181717,0.7633097767829895
1943983416,test,1,0,0.2997931241989136,0.7002068758010864
289529639,test,1,1,0.7624185085296631,0.7624185085296631
915003869,test,1,0,0.47533896565437317,0.5246610641479492
2049106096,test,0,1,0.8495479226112366,0.8495479226112366
2076678466,test,0,1,0.7610456347465515,0.7610456347465515
170258909,test,0,1,0.7916755080223083,0.7916755080223083
578140088,test,0,1,0.6820240020751953,0.6820240020751953
144040357,test,0,0,0.022610383108258247,0.9773896336555481
1746593996,test,0,0,0.005170207936316729,0.9948297739028931
1855702583,test,0,0,6.083695188863203e-05,0.9999391436576843
501641277,test,0,0,0.028603196144104004,0.971396803855896
712480593,test,0,0,5.558967313845642e-05,0.9999443888664246
1464522508,test,0,0,0.09220898151397705,0.907791018486023
1512422537,test,0,0,0.008325481787323952,0.991674542427063
979387990,test,0,0,0.00028305736486800015,0.9997169375419617
1084587585,test,0,0,0.00037470649112947285,0.9996252655982971
1289214502,test,0,0,0.0001593386841705069,0.9998406767845154
1653001337,test,0,0,0.00013398478040471673,0.9998660087585449
404747639,cal,1,1,0.8964974284172058,0.8964974284172058
1398920938,cal,1,1,0.9121355414390564,0.9121355414390564
539712135,cal,1,1,0.8632637858390808,0.8632637858390808
2070433798,cal,1,1,0.9402543306350708,0.9402543306350708
2081416938,cal,1,1,0.8847616314888,0.8847616314888
185306406,cal,1,1,0.7131931185722351,0.7131931185722351
2003193603,cal,1,1,0.6457761526107788,0.6457761526107788
485658143,cal,1,1,0.6951259970664978,0.6951259970664978
864589006,cal,1,1,0.6884222626686096,0.6884222626686096
605336672,cal,0,0,8.613271347712725e-05,0.9999138712882996
837008714,cal,0,0,0.00014169719361234456,0.9998583197593689
1157373660,cal,0,0,0.00018037208064924926,0.9998196363449097
594137569,cal,0,0,4.5238411985337734e-05,0.9999547600746155
895465555,cal,0,0,5.059206387159065e-07,0.9999995231628418
940927443,cal,0,0,0.0005977094988338649,0.9994022846221924
1204520054,cal,0,0,0.13567286729812622,0.8643271327018738
1961228533,cal,0,0,0.12141305953264236,0.8785869479179382
734764646,cal,0,0,0.07252299785614014,0.9274770021438599
2048753738,cal,0,0,0.028670232743024826,0.9713297486305237
560624869,cal,0,0,0.041412074118852615,0.9585879445075989
1133393891,cal,0,0,0.02832587994635105,0.9716741442680359
1774816212,cal,0,0,5.545841850107536e-05,0.9999445676803589
2004222452,cal,0,0,1.5266121408785693e-05,0.9999847412109375
654528578,cal,0,0,0.01769639179110527,0.9823036193847656
1273878351,cal,0,0,0.0004967025597579777,0.9995033144950867
1817810397,cal,0,0,0.00959711242467165,0.99040287733078
1874362560,cal,0,0,0.000415333837736398,0.9995846748352051
1933459456,cal,0,0,0.015354308299720287,0.984645664691925
601752984,test,1,1,0.6505001187324524,0.6505001187324524
879230812,test,1,1,0.8434097170829773,0.8434097170829773
1148724333,test,1,1,0.8191662430763245,0.8191662430763245
2097686547,test,1,1,0.6778062582015991,0.6778062582015991
669333419,test,1,1,0.845965564250946,0.845965564250946
710230833,test,1,1,0.6501772403717041,0.6501772403717041
736586842,test,1,0,0.3143743574619293,0.6856256723403931
994268462,test,1,0,0.43055808544158936,0.5694419145584106
2075197249,test,1,1,0.5498648285865784,0.5498648285865784
144276590,test,0,0,1.9585939298849553e-05,0.9999803900718689
872502855,test,0,0,0.0018827320309355855,0.9981172680854797
2140128268,test,0,0,0.003297089133411646,0.9967029094696045
530901435,test,0,0,7.434565532093984e-07,0.9999992847442627
836547393,test,0,0,0.010877089574933052,0.9891229271888733
1157787612,test,0,0,6.395753007382154e-05,0.999936044216156
970669287,test,0,0,0.006697972770780325,0.993302047252655
1785063121,test,0,0,0.0016736418474465609,0.9983263611793518
223518962,test,0,0,0.007913913577795029,0.9920861124992371
921434133,test,0,0,0.0006066762725822628,0.9993933439254761
529097043,test,0,0,0.10051485151052475,0.899485170841217
909970520,test,0,0,0.11716984212398529,0.8828301429748535
427559566,test,0,0,0.13082239031791687,0.8691775798797607
1866053795,test,0,0,0.32985442876815796,0.670145571231842
798506642,cal,0,0,0.0002901348634622991,0.9997098445892334
896356073,cal,0,0,0.006517943926155567,0.9934820532798767
754202234,cal,0,0,0.026274625211954117,0.9737253785133362
1266287964,cal,0,0,0.0018613903084769845,0.9981386065483093
437676778,cal,0,0,0.09079573303461075,0.9092042446136475
1388980178,cal,0,0,0.1363781988620758,0.8636218309402466
361755997,cal,0,0,0.2215077131986618,0.778492271900177
469817229,cal,0,0,0.19184108078479767,0.8081589341163635
1643689027,cal,0,0,0.2756722569465637,0.7243277430534363
98628848,cal,1,0,0.12366063892841339,0.8763393759727478
1079344130,cal,1,0,0.3097416162490845,0.6902583837509155
1135646421,cal,1,0,0.17630165815353394,0.8236983418464661
1688920169,cal,1,0,0.4721863269805908,0.5278136730194092
697585938,test,1,0,0.05693844333291054,0.9430615305900574
892117237,test,1,0,0.37996023893356323,0.6200397610664368
943731268,test,1,0,0.20094533264636993,0.7990546822547913
714707817,test,1,0,0.22139722108840942,0.7786027789115906
716357282,test,1,0,0.19504083693027496,0.8049591779708862
1167888675,test,1,0,0.07990533113479614,0.9200946688652039
318479814,cal,1,1,0.9470720291137695,0.9470720291137695
563722487,cal,1,1,0.9844356775283813,0.9844356775283813
1506400572,cal,1,1,0.9865526556968689,0.9865526556968689
1578272518,cal,1,1,0.9245516657829285,0.9245516657829285
943452515,cal,0,1,0.6356490254402161,0.6356490254402161
1978408099,cal,0,1,0.8683882355690002,0.8683882355690002
357870043,cal,0,1,0.790702223777771,0.790702223777771
719213197,cal,0,1,0.7726529240608215,0.7726529240608215
485727662,cal,0,0,0.020886199548840523,0.9791138172149658
544311047,cal,0,0,8.39607382658869e-05,0.9999160170555115
889783240,cal,0,0,0.020324010401964188,0.9796760082244873
1749818761,cal,0,0,0.04475463181734085,0.9552453756332397
2118051377,test,0,0,0.012656438164412975,0.9873435497283936
2141609070,test,0,0,0.024320773780345917,0.9756792187690735
86045152,test,0,0,0.002595297759398818,0.9974046945571899
945258418,test,0,0,0.03127891942858696,0.9687210917472839
1247403166,cal,0,0,0.49721017479896545,0.5027898550033569
1662968027,cal,0,0,0.21172867715358734,0.7882713079452515
1681887696,cal,0,0,0.12341044098138809,0.8765895366668701
748784243,cal,0,0,0.33769744634628296,0.662302553653717
1211077172,cal,0,0,0.15869715809822083,0.8413028717041016
505557225,cal,1,0,0.10058146715164185,0.8994185328483582
2066478383,cal,1,0,0.19365791976451874,0.8063420653343201
2100503069,cal,1,0,0.41398975253105164,0.586010217666626
1337973567,cal,1,0,0.14474216103553772,0.8552578687667847
1407486626,cal,1,0,0.2404693067073822,0.7595306634902954
1544824062,cal,1,1,0.6134462952613831,0.6134462952613831
1202143045,test,0,0,0.34791573882102966,0.652084231376648
1430544484,test,0,0,0.03440023958683014,0.965599775314331
1711348630,test,0,0,0.03358572721481323,0.9664142727851868
226371029,test,0,1,0.7039650082588196,0.7039650082588196
328043237,test,0,0,0.40199872851371765,0.59800124168396
2111136786,test,0,0,0.018289823085069656,0.9817101955413818
1311446294,cal,0,1,0.7586354613304138,0.7586354613304138
1798308450,cal,0,1,0.6377474665641785,0.6377474665641785
474614192,cal,0,1,0.7383549809455872,0.7383549809455872
892386007,cal,0,1,0.8277958035469055,0.8277958035469055
166083945,cal,0,0,0.008220394141972065,0.991779625415802
1161059674,cal,0,0,0.31863775849342346,0.6813622713088989
1214544632,cal,0,0,0.01983407698571682,0.9801658987998962
1674982060,cal,0,0,0.27460891008377075,0.7253910899162292
533340295,cal,0,0,0.004180497489869595,0.9958195090293884
643762951,cal,0,0,0.3275022506713867,0.6724977493286133
1260722849,cal,0,0,0.16982485353946686,0.8301751613616943
1494555739,cal,0,0,0.017817307263612747,0.9821826815605164
1581911438,cal,1,1,0.8859137296676636,0.8859137296676636
2038616100,cal,1,1,0.7117156386375427,0.7117156386375427
198309131,cal,1,0,0.2781161665916443,0.7218838334083557
1708629804,cal,1,1,0.5345398187637329,0.5345398187637329
786599298,test,0,0,0.008404380641877651,0.9915956258773804
1136731809,test,0,0,0.045631978660821915,0.954367995262146
1952865991,test,0,0,0.02729140780866146,0.9727085828781128
188909909,test,0,0,0.042074304074048996,0.9579256772994995
1747436445,test,0,0,0.0664617046713829,0.9335383176803589
1957547920,test,0,0,0.07759296894073486,0.9224070310592651
392546507,cal,0,0,0.0017532691126689315,0.9982467293739319
819467577,cal,0,0,0.0035785112995654345,0.9964215159416199
1429651554,cal,0,0,0.0011629104847088456,0.9988371133804321
1349648990,cal,0,0,0.0003799451806116849,0.9996200799942017
1980100178,cal,0,0,0.0003504389605950564,0.9996495842933655
678515696,cal,1,1,0.9768900871276855,0.9768900871276855
851591267,cal,1,1,0.9804145097732544,0.9804145097732544
669303826,cal,1,1,0.9851090908050537,0.9851090908050537
685239979,cal,1,1,0.933205783367157,0.933205783367157
1030603813,cal,1,1,0.9870441555976868,0.9870441555976868
383735720,test,1,0,0.4804494380950928,0.5195505619049072
867622313,test,1,0,0.44049105048179626,0.5595089197158813
2118502275,test,1,1,0.6476797461509705,0.6476797461509705
2122889573,test,1,0,0.3577304780483246,0.642269492149353
142177734,cal,0,0,0.006784525234252214,0.9932155013084412
1323315715,cal,0,0,0.0007200141553767025,0.9992799758911133
1562558660,cal,0,0,0.014666613191366196,0.9853333830833435
1961468653,cal,0,0,0.005484061315655708,0.9945159554481506
1494956649,test,0,0,0.2624378204345703,0.7375621795654297
2094643305,test,0,0,0.455201655626297,0.5447983741760254
95915920,test,0,0,0.4586382210254669,0.5413618087768555
901398975,test,0,0,0.23583605885505676,0.7641639709472656
1552319921,test,0,0,0.12095508724451065,0.8790448904037476
359860079,cal,0,0,0.02102399803698063,0.9789760112762451
440013779,cal,0,0,0.025960182771086693,0.9740397930145264
778199307,cal,0,0,0.0025534536689519882,0.9974465370178223
458684637,cal,0,0,0.028248058632016182,0.9717519283294678
2012479752,cal,0,0,0.0006247846176847816,0.9993752241134644
691198916,test,0,0,0.27413803339004517,0.7258619666099548
825155955,test,0,0,0.13478904962539673,0.8652109503746033
2123521632,test,0,0,0.09060307592153549,0.9093969464302063
587787792,test,0,0,0.04108932614326477,0.9589107036590576
1816338366,test,0,0,0.1412375420331955,0.8587624430656433
2017848536,test,0,0,0.02332491986453533,0.9766750931739807
275794964,test,0,0,0.10160156339406967,0.8983984589576721
486193217,test,0,0,0.017962222918868065,0.9820377826690674
1121031318,test,0,0,0.02619505673646927,0.9738049507141113
2036565035,test,0,0,0.06343040615320206,0.9365695714950562
372135844,test,0,0,0.05474776029586792,0.9452522397041321
761662350,test,0,0,0.008058426901698112,0.9919415712356567
313222584,test,0,0,0.13507325947284698,0.8649267554283142
1946821776,test,0,0,0.007623743731528521,0.9923762679100037
777695925,cal,0,0,0.00034461342147551477,0.9996553659439087
1191007510,cal,0,0,0.0012655090540647507,0.9987344741821289
522717203,cal,0,0,2.1666932298103347e-05,0.9999783039093018
591145944,cal,0,0,0.00011909017484867945,0.9998809099197388
793792303,cal,1,0,0.12427400797605515,0.8757259845733643
887488999,cal,1,0,0.20134221017360687,0.7986577749252319
997927812,cal,1,0,0.035691406577825546,0.9643086194992065
2040824832,cal,1,0,0.037062641233205795,0.9629373550415039
1371699572,cal,1,0,0.03206440806388855,0.9679355621337891
1528340918,cal,1,0,0.20334379374980927,0.7966561913490295
2146077464,cal,1,0,0.114109568297863,0.8858904242515564
1520837143,cal,0,0,0.023735491558909416,0.9762645363807678
2144184086,cal,0,0,0.016617747023701668,0.9833822250366211
168061729,cal,0,0,0.012450327165424824,0.9875496625900269
659042280,cal,0,0,0.06550828367471695,0.9344916939735413
992732659,cal,0,0,0.03493150323629379,0.965068519115448
702373410,cal,0,0,8.455687202513218e-05,0.9999154210090637
1172986672,cal,0,0,0.0003381307178642601,0.9996618628501892
1636637055,cal,0,0,6.600232154596597e-06,0.9999933838844299
759183805,cal,0,0,0.00016100310313049704,0.9998390078544617
1097076486,cal,0,0,8.733517461223528e-05,0.999912679195404
194282382,cal,1,1,0.7064248919487,0.7064248919487
1136374606,cal,1,1,0.7953284382820129,0.7953284382820129
244264276,cal,1,1,0.7867297530174255,0.7867297530174255
972772984,cal,1,1,0.7326105237007141,0.7326105237007141
532877611,test,0,0,5.831658563693054e-05,0.9999417066574097
1894196464,test,0,0,3.6820259992964566e-05,0.9999631643295288
2097607057,test,0,0,6.856393156340346e-06,0.9999931454658508
630508639,test,0,0,0.21229887008666992,0.7877011299133301
1750369306,test,0,0,0.0004370114183984697,0.9995629787445068
2143211553,test,0,0,0.0004053698212374002,0.9995946288108826
522068206,cal,1,1,0.7804796695709229,0.7804796695709229
793084266,cal,1,1,0.8559861779212952,0.8559861779212952
769263345,cal,1,1,0.9705467224121094,0.9705467224121094
1535223756,cal,1,1,0.8503576517105103,0.8503576517105103
1993703493,cal,1,1,0.9666236042976379,0.9666236042976379
285721109,cal,0,0,0.2951425313949585,0.7048574686050415
650006359,cal,0,0,0.2842386066913605,0.7157614231109619
1026238054,cal,0,1,0.5379289984703064,0.5379289984703064
2075658562,cal,0,0,0.2981974482536316,0.7018025517463684
229952117,cal,0,0,0.3113354742527008,0.6886645555496216
469381934,cal,0,0,0.08163947612047195,0.9183605313301086
706095203,cal,0,0,0.19379329681396484,0.8062067031860352
1081944961,cal,0,0,0.12412577122449875,0.8758742213249207
1978711368,cal,0,0,0.2071869969367981,0.7928130030632019
695308176,cal,1,0,0.4721934497356415,0.5278065204620361
743466894,cal,1,0,0.32062846422195435,0.6793715357780457
994588926,cal,1,0,0.058498259633779526,0.9415017366409302
1007683306,cal,1,0,0.1589439958333969,0.8410559892654419
1356385118,cal,0,0,0.0728645995259285,0.9271354079246521
1731652406,cal,0,0,0.1462864875793457,0.8537135124206543
43526028,cal,0,0,0.16369511187076569,0.8363049030303955
775111178,cal,0,0,0.1825471818447113,0.8174527883529663
971561028,cal,0,0,0.10682503879070282,0.893174946308136
92569374,test,1,1,0.6414040327072144,0.6414040327072144
731650119,test,1,1,0.7535941004753113,0.7535941004753113
1006815222,test,1,1,0.7117962837219238,0.7117962837219238
1692155747,test,1,1,0.6763720512390137,0.6763720512390137
511760206,test,1,1,0.7192447185516357,0.7192447185516357
876124692,test,1,1,0.6535367369651794,0.6535367369651794
998290222,test,1,1,0.6591951251029968,0.6591951251029968
2067382961,test,1,1,0.7975032329559326,0.7975032329559326
116759476,cal,0,0,0.49386608600616455,0.5061339139938354
971247598,cal,0,0,0.32707738876342773,0.6729226112365723
1333097936,cal,0,0,0.431293249130249,0.568706750869751
946035961,cal,0,0,0.20182348787784576,0.7981765270233154
1060916157,cal,0,0,0.48726707696914673,0.5127329230308533
2077551195,cal,0,0,0.413415789604187,0.586584210395813
643502901,cal,1,0,0.4431810677051544,0.556818962097168
675434543,cal,1,0,0.16170205175876617,0.838297963142395
685680891,cal,1,0,0.07304449379444122,0.92695552110672
770796094,cal,1,0,0.20856374502182007,0.7914362549781799
530433380,cal,1,0,0.4279748201370239,0.5720251798629761
1412061279,cal,1,1,0.6268925070762634,0.6268925070762634
1430679529,cal,1,0,0.2984876036643982,0.7015123963356018
52731467,cal,0,0,0.026191197335720062,0.9738088250160217
216760793,cal,0,0,0.07458962500095367,0.9254103899002075
827818239,cal,0,0,0.06037774309515953,0.9396222829818726
481979273,cal,0,0,0.02017664909362793,0.9798233509063721
2055441269,cal,0,0,0.015782391652464867,0.9842175841331482
1376236757,cal,1,1,0.5964632034301758,0.5964632034301758
1695141844,cal,1,1,0.6152960062026978,0.6152960062026978
578615980,cal,1,0,0.4340776801109314,0.5659223198890686
1705459167,cal,1,1,0.5410374999046326,0.5410374999046326
799675392,cal,0,0,0.007065905258059502,0.9929341077804565
1690916635,cal,0,1,0.6166828870773315,0.6166828870773315
307523548,cal,0,1,0.5483998656272888,0.5483998656272888
1022623046,cal,0,0,0.10183696448802948,0.8981630206108093
116830755,test,0,0,0.007782655768096447,0.9922173619270325
447687980,test,0,0,0.011362375691533089,0.9886376261711121
1369850751,test,0,0,0.006648290436714888,0.9933516979217529
1335349892,test,0,0,0.002256304258480668,0.9977436661720276
1538569455,test,0,0,0.00725499028339982,0.9927449822425842
178091922,cal,0,0,0.00022321805590763688,0.9997767806053162
779792926,cal,0,0,0.00024139588640537113,0.9997586011886597
204401957,cal,0,0,0.0007933627348393202,0.9992066621780396
885151891,cal,0,0,0.0002275795122841373,0.9997724294662476
2073820183,cal,0,0,0.00041794509161263704,0.999582052230835
131185681,test,0,0,0.00903231929987669,0.9909676909446716
540008632,test,0,0,0.01698143593966961,0.9830185770988464
542002835,test,0,0,0.006950851995497942,0.993049144744873
1672038644,test,0,0,0.02555783838033676,0.974442183971405
2110246796,test,0,0,0.05742093175649643,0.9425790905952454
247965241,test,1,1,0.7405791878700256,0.7405791878700256
468938105,test,1,1,0.6865075826644897,0.6865075826644897
1130109164,test,1,0,0.36099544167518616,0.6390045881271362
726652269,test,1,1,0.6897251605987549,0.6897251605987549
990049412,test,1,1,0.7972177863121033,0.7972177863121033
1422320362,test,1,1,0.6038429141044617,0.6038429141044617
408871991,cal,0,1,0.9096207618713379,0.9096207618713379
903360252,cal,0,1,0.6608114838600159,0.6608114838600159
1310756692,cal,0,0,0.43379688262939453,0.5662031173706055
1443841670,cal,0,1,0.9855880737304688,0.9855880737304688
766198947,cal,0,0,0.008123660460114479,0.9918763637542725
1704677433,cal,0,0,0.017221886664628983,0.9827781319618225
856203332,cal,0,0,0.008861411362886429,0.9911385774612427
1373469787,cal,0,0,0.0002654789132066071,0.9997345209121704
223607244,cal,0,0,0.21560679376125336,0.7843931913375854
866757261,cal,0,0,0.2710837125778198,0.7289162874221802
1220817050,cal,0,0,0.13920879364013672,0.8607912063598633
979974007,cal,0,0,0.3413538932800293,0.6586461067199707
1369214105,cal,0,0,0.1873699277639389,0.8126300573348999
1466744386,cal,0,0,0.09381279349327087,0.9061871767044067
75284271,cal,0,0,0.05071142688393593,0.949288547039032
1333970351,cal,0,1,0.536640465259552,0.536640465259552
72084576,cal,0,0,0.07661740481853485,0.923382580280304
1904337181,cal,0,0,0.16248159110546112,0.8375183939933777
104616814,test,0,0,0.0013523524394258857,0.9986476302146912
294218626,test,0,0,0.00021563209884334356,0.9997843503952026
340043727,test,0,0,0.004195373505353928,0.9958046078681946
1080307280,test,0,0,0.04336226359009743,0.9566377401351929
569767194,cal,0,0,0.28095218539237976,0.7190477848052979
1175232250,cal,0,0,0.22159221768379211,0.7784078121185303
1094355847,cal,0,0,0.17606209218502045,0.8239378929138184
2087599778,cal,0,0,0.24709376692771912,0.7529062032699585
1002876313,cal,0,0,0.26649120450019836,0.733508825302124
1333352934,cal,0,0,0.2023169845342636,0.7976830005645752
293344794,cal,0,1,0.7434337735176086,0.7434337735176086
586541748,cal,0,1,0.648990273475647,0.648990273475647
1981134602,cal,0,0,0.3484220504760742,0.6515779495239258
218134651,cal,1,1,0.8567714095115662,0.8567714095115662
1362919630,cal,1,1,0.9400823712348938,0.9400823712348938
981173277,cal,1,1,0.8144943118095398,0.8144943118095398
1826938798,cal,1,1,0.9121352434158325,0.9121352434158325
539783609,cal,0,0,0.20462560653686523,0.7953743934631348
1888901970,cal,0,0,0.08688006550073624,0.913119912147522
1249850962,cal,0,0,0.17091894149780273,0.8290810585021973
1676925990,cal,0,0,0.06187950074672699,0.9381204843521118
465760049,cal,1,1,0.8339107632637024,0.8339107632637024
2076006999,cal,1,1,0.8800888061523438,0.8800888061523438
1002333746,cal,1,1,0.7371386885643005,0.7371386885643005
1087166625,cal,1,0,0.33863720297813416,0.6613627672195435
625875765,cal,0,0,0.0030551108065992594,0.9969449043273926
1217044913,cal,0,0,0.00040466079371981323,0.9995953440666199
1786596024,cal,0,0,5.922811760683544e-05,0.9999407529830933
407797154,cal,0,0,0.0003022408636752516,0.999697744846344
1769275123,cal,0,0,0.00017897452926263213,0.9998210072517395
1774988590,cal,0,0,0.000774204614572227,0.9992257952690125
1092668869,cal,0,0,0.22823697328567505,0.771763026714325
1311746521,cal,0,0,0.2495335191488266,0.7504664659500122
1607044831,cal,0,0,0.15082037448883057,0.8491796255111694
1760222227,cal,0,0,0.13295282423496246,0.8670471906661987
556005449,test,0,0,0.19063928723335266,0.8093607425689697
974047320,test,0,0,0.2285700887441635,0.7714298963546753
1543966021,test,0,0,0.0336470790207386,0.9663529396057129
151528704,test,0,0,0.1109243631362915,0.8890756368637085
692606566,test,0,0,0.1480531394481659,0.8519468307495117
2113389089,test,0,0,0.1889772117137909,0.8110227584838867
114529190,cal,0,0,0.1361023485660553,0.8638976812362671
1611074443,cal,0,0,0.07412829250097275,0.925871729850769
463798612,cal,0,0,0.25015315413475037,0.7498468160629272
630769850,cal,0,0,0.08738084137439728,0.9126191735267639
863544058,test,1,0,0.45620059967041016,0.5437994003295898
1009483269,test,1,0,0.449430376291275,0.5505696535110474
2015312477,test,1,1,0.5408651232719421,0.5408651232719421
382116832,test,1,0,0.026355130597949028,0.9736448526382446
506550282,test,1,0,0.04760657250881195,0.9523934125900269
1223569992,test,1,0,0.028527945280075073,0.9714720249176025
1880776532,test,1,0,0.14340001344680786,0.8565999865531921
1754676272,test,1,1,0.7587971091270447,0.7587971091270447
1875612009,test,1,1,0.6859440803527832,0.6859440803527832
764426739,test,1,1,0.6513283252716064,0.6513283252716064
1188808049,test,1,1,0.7928850650787354,0.7928850650787354
184040635,test,1,1,0.8070536851882935,0.8070536851882935
551580648,test,1,1,0.5289242267608643,0.5289242267608643
1111464932,test,1,0,0.3410501182079315,0.6589498519897461
1248674660,test,1,1,0.5899196267127991,0.5899196267127991
523695617,cal,1,0,0.180032417178154,0.8199675679206848
2093257006,cal,1,1,0.9471397995948792,0.9471397995948792
635405524,cal,1,1,0.8686671853065491,0.8686671853065491
755593875,cal,1,0,0.3682083189487457,0.6317917108535767
1039513167,cal,1,1,0.5502687692642212,0.5502687692642212
9094382,cal,1,0,0.22420264780521393,0.7757973670959473
917367329,cal,1,0,0.04632577672600746,0.9536741971969604
178902939,cal,1,1,0.8810789585113525,0.8810789585113525
1008138497,cal,1,1,0.9577909708023071,0.9577909708023071
1796267664,test,0,0,0.08118907362222672,0.9188109040260315
2005925393,test,0,0,0.04212411493062973,0.9578759074211121
769986770,test,0,0,0.4614308476448059,0.5385691523551941
2092377380,test,0,0,0.2979465425014496,0.702053427696228
792033861,cal,1,0,0.3458409011363983,0.6541590690612793
1689694563,cal,1,0,0.4867016077041626,0.5132983922958374
436926151,cal,1,0,0.20823487639427185,0.7917650938034058
2086187496,cal,1,0,0.17047613859176636,0.8295238614082336
1705412282,cal,0,0,0.003078003181144595,0.9969220161437988
1933996817,cal,0,0,0.011998872272670269,0.9880011081695557
194199480,cal,0,0,0.05077633634209633,0.9492236375808716
2106303742,cal,0,0,0.014404162764549255,0.9855958223342896
127386492,cal,0,0,0.17066197097301483,0.829338014125824
1400464385,cal,0,0,0.10090198367834091,0.8990980386734009
384397855,cal,0,0,0.19626803696155548,0.8037319779396057
1250780790,cal,0,0,0.13946588337421417,0.860534131526947
1503336994,test,1,1,0.8274162411689758,0.8274162411689758
1651228840,test,1,1,0.7795329689979553,0.7795329689979553
2142158743,test,1,1,0.840263307094574,0.840263307094574
1664386744,test,1,1,0.9048119783401489,0.9048119783401489
1728007689,test,1,1,0.6737785339355469,0.6737785339355469
595654859,cal,1,1,0.6176925301551819,0.6176925301551819
1013293922,cal,1,1,0.5128405690193176,0.5128405690193176
1180557171,cal,1,0,0.2955879271030426,0.7044121026992798
379849300,cal,1,1,0.7839879989624023,0.7839879989624023
839320714,cal,1,1,0.8901896476745605,0.8901896476745605
1675783716,cal,1,1,0.8765873908996582,0.8765873908996582
35706124,test,0,0,0.028408583253622055,0.9715914130210876
679031381,test,0,0,0.0014675176935270429,0.9985324740409851
1224249698,test,0,0,0.05435467138886452,0.9456453323364258
1665540274,test,0,0,0.02477172575891018,0.9752282500267029
1167243208,cal,0,0,0.0031481755431741476,0.9968518018722534
1282710597,cal,0,0,2.4178232706617564e-05,0.9999758005142212
903711045,cal,0,0,0.01977335847914219,0.9802266359329224
2039099930,cal,0,0,0.00017814923194237053,0.9998218417167664
495295193,test,0,0,7.783534783811774e-06,0.9999921917915344
852750970,test,0,0,3.221463703084737e-05,0.9999678134918213
910299347,test,0,0,0.00018104023183695972,0.9998189806938171
945341926,test,0,0,2.0755951481987722e-06,0.9999979138374329
1467163177,test,0,0,4.690408786700573e-06,0.9999952912330627
445415718,test,0,0,9.172491263598204e-05,0.9999082684516907
469682347,test,0,0,0.00023462434182874858,0.9997653961181641
1070965208,test,0,0,0.006432669702917337,0.9935673475265503
1243654017,test,0,0,1.7281498003285378e-05,0.9999827146530151
33129177,cal,1,1,0.5385966897010803,0.5385966897010803
987814768,cal,1,0,0.33238890767097473,0.6676111221313477
1084664784,cal,1,0,0.03242510184645653,0.9675748944282532
1303578144,cal,1,0,0.16254357993602753,0.8374564051628113
862446968,cal,0,1,0.8914769291877747,0.8914769291877747
1713065880,cal,0,0,0.05269426107406616,0.9473057389259338
790239420,cal,0,1,0.8949401378631592,0.8949401378631592
1022878191,cal,0,1,0.7974527478218079,0.7974527478218079
466868011,cal,1,0,0.37529656291007996,0.6247034072875977
2052220587,cal,1,0,0.2416955679655075,0.7583044171333313
233203633,cal,1,1,0.6386919021606445,0.6386919021606445
426708887,cal,1,1,0.6566504836082458,0.6566504836082458
1880105848,test,1,0,0.23492112755775452,0.7650789022445679
1909882270,test,1,0,0.17840133607387543,0.8215986490249634
492635806,test,1,0,0.2837415337562561,0.7162584662437439
1219501838,test,1,0,0.22440850734710693,0.7755914926528931
1862867803,test,1,0,0.44739723205566406,0.5526027679443359
779922386,cal,1,1,0.6976608633995056,0.6976608633995056
925325342,cal,1,0,0.2190413773059845,0.7809586524963379
1567569834,cal,1,0,0.2137909233570099,0.7862091064453125
739707856,cal,1,1,0.7419614791870117,0.7419614791870117
1381451290,cal,1,0,0.28848883509635925,0.7115111351013184
901381390,cal,0,0,0.012263786047697067,0.9877362251281738
1740694629,cal,0,0,0.02451527677476406,0.9754847288131714
414590840,cal,0,0,0.020114045590162277,0.9798859357833862
472810175,cal,0,0,0.015528536401689053,0.9844714403152466
1615141335,cal,0,0,0.024485556408762932,0.9755144715309143
29059879,cal,0,0,0.014993958175182343,0.9850060343742371
585961964,cal,0,0,0.008465522900223732,0.9915344715118408
1825695609,cal,0,0,5.974992745905183e-05,0.9999402761459351
2131442739,cal,0,0,0.008245385251939297,0.9917545914649963
268581411,cal,0,0,0.007601133547723293,0.9923988580703735
538070186,cal,0,0,4.0488062950316817e-05,0.9999595284461975
1117489632,cal,0,0,0.0008569576893933117,0.9991430640220642
891664732,cal,1,0,0.14413590729236603,0.8558641076087952
1434494645,cal,1,0,0.17211751639842987,0.8278824687004089
1799518934,cal,1,0,0.34029069542884827,0.6597093343734741
5002218,cal,1,0,0.35393762588500977,0.6460623741149902
1094259585,cal,1,0,0.15675941109657288,0.8432406187057495
1818973308,cal,1,0,0.24747751653194427,0.7525224685668945
38154743,cal,1,0,0.08521714806556702,0.9147828817367554
299589511,cal,1,0,0.3036937713623047,0.6963062286376953
1957875814,cal,1,0,0.3724144399166107,0.6275855302810669
108051053,cal,1,0,0.14796634018421173,0.8520336747169495
1573200094,cal,1,0,0.0934295803308487,0.9065704345703125
453124081,cal,0,0,0.002088767709210515,0.9979112148284912
1220450077,cal,0,0,0.005140431225299835,0.9948595762252808
1847613305,cal,0,0,0.018346698954701424,0.9816532731056213
1898753940,cal,0,0,0.0006313753547146916,0.9993686079978943
194049996,cal,0,0,0.042844582349061966,0.9571554064750671
335016374,cal,0,0,0.013247917406260967,0.9867520928382874
497946051,cal,0,0,0.00010593733168207109,0.9998940825462341
794417411,cal,0,0,0.023578742519021034,0.9764212369918823
1733937107,cal,0,0,0.002646057168021798,0.9973539710044861
1757617402,cal,0,0,0.00018005052697844803,0.9998199343681335
997382777,cal,0,0,0.00024120399029925466,0.999758780002594
1966479153,cal,0,0,6.498191214632243e-05,0.9999350309371948
42492788,test,1,1,0.6661532521247864,0.6661532521247864
489382262,test,1,1,0.6727732419967651,0.6727732419967651
1241393605,test,1,1,0.744458019733429,0.744458019733429
2021379435,test,1,0,0.49680835008621216,0.5031916499137878
5576040,test,0,0,0.0068652150221168995,0.9931347966194153
1561209997,test,0,0,0.030274085700511932,0.9697259068489075
609097651,test,0,0,0.02776620164513588,0.972233772277832
724225181,test,0,0,0.027035119011998177,0.972964882850647
185886586,test,1,1,0.5095722079277039,0.5095722079277039
225508700,test,1,0,0.04022796452045441,0.9597720503807068
665212164,test,1,1,0.8121958374977112,0.8121958374977112
1712396740,test,1,0,0.11075855046510696,0.8892414569854736
1914401586,test,1,1,0.7303125858306885,0.7303125858306885
370141925,cal,1,1,0.7205396294593811,0.7205396294593811
1607840657,cal,1,0,0.1413077861070633,0.8586922287940979
909374161,cal,1,1,0.6550546884536743,0.6550546884536743
1354054125,cal,1,1,0.6040152907371521,0.6040152907371521
332081165,cal,0,0,0.16094577312469482,0.8390542268753052
928499565,cal,0,0,0.18427535891532898,0.8157246112823486
976834772,cal,0,0,0.3274048864841461,0.6725951433181763
82396292,cal,0,0,0.055006299167871475,0.9449936747550964
484765345,cal,0,0,0.025819765403866768,0.9741802215576172
224435633,cal,1,1,0.7063717246055603,0.7063717246055603
407947827,cal,1,1,0.850938081741333,0.850938081741333
562388167,cal,1,1,0.8456073999404907,0.8456073999404907
945548941,cal,1,1,0.8660066723823547,0.8660066723823547
8499002,cal,1,1,0.8366117477416992,0.8366117477416992
2090555582,cal,1,1,0.8347821235656738,0.8347821235656738
397844551,test,1,1,0.9815735220909119,0.9815735220909119
2131134231,test,1,1,0.855743408203125,0.855743408203125
620165740,test,1,1,0.9636653661727905,0.9636653661727905
1335458719,test,1,1,0.9879949688911438,0.9879949688911438
891091752,test,0,0,0.13681958615779877,0.86318039894104
916288197,test,0,0,0.08420582860708237,0.9157941937446594
1732575664,test,0,0,0.2591745853424072,0.7408254146575928
16670985,test,0,0,0.35727688670158386,0.6427230834960938
404270717,test,0,0,0.18399767577648163,0.8160023093223572
1199920352,test,0,0,0.23903070390224457,0.7609692811965942
1012190710,cal,0,1,0.9488916397094727,0.9488916397094727
1194095884,cal,0,1,0.6853280067443848,0.6853280067443848
1713214584,cal,0,1,0.8570847511291504,0.8570847511291504
473674756,cal,0,1,0.7497885823249817,0.7497885823249817
511195816,cal,0,1,0.8357133269309998,0.8357133269309998
1797685171,cal,0,1,0.7859064340591431,0.7859064340591431
406978011,cal,1,1,0.7439783811569214,0.7439783811569214
1045807217,cal,1,0,0.3021911382675171,0.6978088617324829
64054131,cal,1,1,0.861924409866333,0.861924409866333
198593196,cal,1,1,0.8915448784828186,0.8915448784828186
1935242393,cal,1,1,0.6993520259857178,0.6993520259857178
38086424,cal,0,1,0.5293855667114258,0.5293855667114258
1192269369,cal,0,1,0.7025795578956604,0.7025795578956604
911833085,cal,0,0,0.43694040179252625,0.5630595684051514
1070038319,cal,0,1,0.8095729351043701,0.8095729351043701
1830572577,cal,0,1,0.8008237481117249,0.8008237481117249
330470271,test,0,0,0.09224693477153778,0.907753050327301
1808279506,test,0,0,0.04199420288205147,0.9580057859420776
710070966,test,0,0,0.11534573882818222,0.8846542835235596
1043848088,test,0,0,0.1655077189207077,0.8344922661781311
1940687460,test,0,0,0.07967480272054672,0.9203252196311951
247535701,cal,0,0,0.006632194854319096,0.9933677911758423
872443919,cal,0,0,0.024744493886828423,0.9752554893493652
552852714,cal,0,0,0.009654941037297249,0.9903450608253479
651292882,cal,0,0,0.014320600777864456,0.9856793880462646
1232971547,cal,0,0,0.004898646380752325,0.9951013326644897
140307630,cal,0,0,0.18606047332286835,0.8139395117759705
1246843119,cal,0,0,0.13549935817718506,0.8645006418228149
1660256909,cal,0,0,0.050459086894989014,0.949540913105011
401074257,cal,0,0,0.10411131381988525,0.8958886861801147
428555631,cal,0,0,0.09151195734739304,0.9084880352020264
908963933,cal,0,0,0.020874420180916786,0.9791255593299866
1313053426,cal,0,0,0.005078963469713926,0.9949210286140442
1319100141,cal,0,0,0.02839694730937481,0.9716030359268188
414938297,cal,0,0,0.0011554887751117349,0.9988445043563843
1745176218,cal,0,0,0.019069917500019073,0.9809300899505615
1333367377,cal,1,0,0.29068121314048767,0.7093187570571899
1836948422,cal,1,0,0.4099472165107727,0.5900527834892273
286984988,cal,1,0,0.37708792090415955,0.6229120492935181
2037175716,cal,1,0,0.14696581661701202,0.8530341982841492
124830510,cal,0,0,0.030193312093615532,0.9698066711425781
1232505180,cal,0,0,0.048401929438114166,0.951598048210144
91552357,cal,0,0,0.01760765351355076,0.9823923707008362
413769565,cal,0,0,0.028405549004673958,0.9715944528579712
1472896625,cal,0,0,0.026184849441051483,0.9738151431083679
710662530,cal,0,0,0.0215061716735363,0.9784938097000122
1173619714,cal,0,0,0.03124321810901165,0.9687567949295044
1642617990,cal,0,0,0.010963414795696735,0.9890365600585938
2062975412,cal,0,0,0.007968677207827568,0.9920313358306885
472273357,test,0,1,0.8136759996414185,0.8136759996414185
762909887,test,0,0,0.3007543385028839,0.6992456912994385
620213939,test,0,1,0.8707951903343201,0.8707951903343201
1883939835,test,0,0,0.4624101519584656,0.5375898480415344
1313633075,cal,1,1,0.9551828503608704,0.9551828503608704
1895834793,cal,1,1,0.925061047077179,0.925061047077179
1326232078,cal,1,1,0.8459523916244507,0.8459523916244507
1511965363,cal,1,1,0.9196199774742126,0.9196199774742126
1608730868,cal,1,1,0.8736794590950012,0.8736794590950012
475678351,cal,0,0,0.04856982082128525,0.9514302015304565
566661824,cal,0,1,0.6607273817062378,0.6607273817062378
860684581,cal,0,1,0.5068004131317139,0.5068004131317139
1503724119,cal,0,0,0.16232101619243622,0.8376789689064026
1565740402,cal,0,0,0.20864978432655334,0.791350245475769
170926494,cal,0,0,0.45003843307495117,0.5499615669250488
925570271,cal,0,0,0.2559158504009247,0.7440841197967529
1681459003,cal,0,0,0.4693174362182617,0.5306825637817383
1746682885,cal,0,0,0.438235342502594,0.561764657497406
1093403037,cal,0,0,0.25810936093330383,0.7418906688690186
1168255038,cal,0,0,0.4141233265399933,0.5858767032623291
1863099083,cal,0,0,0.4140152335166931,0.5859847664833069
359917515,cal,0,0,0.00037264078855514526,0.9996273517608643
398240859,cal,0,0,0.0026278302539139986,0.9973721504211426
401065812,test,0,0,0.03778909519314766,0.9622108936309814
1799575827,test,0,0,0.06507763266563416,0.9349223375320435
1001171569,test,0,0,0.0829031839966774,0.9170967936515808
1599194598,test,0,0,0.2633339464664459,0.7366660833358765
1738860016,cal,0,0,0.02716173231601715,0.972838282585144
1871020950,cal,0,0,0.0008960880804806948,0.9991039037704468
60977990,cal,0,1,0.8756744265556335,0.8756744265556335
458783852,cal,0,1,0.9633586406707764,0.9633586406707764
79554116,cal,1,1,0.8345710039138794,0.8345710039138794
1538630253,cal,1,1,0.8250791430473328,0.8250791430473328
869590695,cal,1,1,0.9758225679397583,0.9758225679397583
1137260294,cal,1,1,0.8476147055625916,0.8476147055625916
349765868,cal,1,0,0.12563775479793549,0.8743622303009033
871053270,cal,1,0,0.35043230652809143,0.649567723274231
1411480553,cal,1,0,0.4353620111942291,0.5646380186080933
2041621349,cal,1,1,0.5063182711601257,0.5063182711601257
181698506,cal,1,1,0.736463725566864,0.736463725566864
994971273,cal,1,0,0.48996177315711975,0.5100382566452026
1746289213,cal,1,1,0.7247545719146729,0.7247545719146729
387006708,test,1,0,0.2675563097000122,0.7324436902999878
1712768155,test,1,0,0.25326642394065857,0.746733546257019
1935361867,test,1,1,0.5605828762054443,0.5605828762054443
2125478859,test,1,0,0.4569755792617798,0.5430244207382202
1053337709,cal,0,0,0.0768420621752739,0.9231579303741455
1589597272,cal,0,0,0.3600979447364807,0.6399020552635193
32103557,cal,0,0,0.49531516432762146,0.5046848058700562
1670844246,cal,0,0,0.24907074868679047,0.7509292364120483
1358047396,cal,1,0,0.18443989753723145,0.8155601024627686
1362288007,cal,1,0,0.33882489800453186,0.6611751317977905
1662010857,cal,1,0,0.1895059496164322,0.810494065284729
178887959,cal,1,0,0.03774771839380264,0.9622522592544556
266459485,cal,1,0,0.10270369052886963,0.8972963094711304
555368902,cal,1,0,0.0800899863243103,0.9199100136756897
629141050,cal,0,0,0.03414903208613396,0.9658509492874146
870878104,cal,0,0,0.043980907648801804,0.9560191035270691
378480143,cal,0,0,0.20051048696041107,0.7994894981384277
841294424,cal,0,0,0.25229525566101074,0.7477047443389893
1298841383,cal,0,0,0.03469621762633324,0.9653037786483765
243098654,cal,0,0,0.0009394456865265965,0.9990605711936951
1687450637,cal,0,0,3.6704934700537706e-06,0.9999963045120239
1727184438,cal,0,0,2.1017106632825744e-07,0.9999997615814209
746831554,cal,0,0,0.0017866974230855703,0.9982132911682129
807771716,cal,0,0,0.00047303905012086034,0.9995269775390625
1611393616,cal,0,0,2.9173515940783545e-05,0.9999708533287048
322502122,cal,0,0,0.3772900402545929,0.6227099895477295
560652622,cal,0,0,0.4618377685546875,0.5381622314453125
894238447,cal,0,0,0.12612801790237427,0.8738719820976257
980034173,cal,0,0,0.07769676297903061,0.9223032593727112
1607944853,cal,0,0,0.13780760765075684,0.8621923923492432
301558578,cal,1,1,0.8664835095405579,0.8664835095405579
1081282359,cal,1,1,0.8769886493682861,0.8769886493682861
1268634694,cal,1,1,0.9258363842964172,0.9258363842964172
1351550814,cal,1,1,0.9119126796722412,0.9119126796722412
1818492442,cal,1,0,0.05384044349193573,0.9461595416069031
2057437207,cal,1,1,0.6137030124664307,0.6137030124664307
771276953,cal,0,1,0.8599162101745605,0.8599162101745605
1250707892,cal,0,0,0.42965513467788696,0.570344865322113
1053974923,cal,0,1,0.6509529948234558,0.6509529948234558
1743624353,cal,0,0,0.33991575241088867,0.6600842475891113
1849675642,cal,0,1,0.6595550179481506,0.6595550179481506
128341490,cal,0,0,1.569766754982993e-05,0.9999843239784241
716995354,cal,0,0,0.000517816748470068,0.9994821548461914
427117589,cal,0,0,0.004512115381658077,0.9954878687858582
708504665,cal,0,0,0.017423609271645546,0.9825763702392578
350357933,cal,1,1,0.9098623394966125,0.9098623394966125
1007476861,cal,1,1,0.9440738558769226,0.9440738558769226
1984994348,cal,1,1,0.9203518629074097,0.9203518629074097
2128603347,cal,1,1,0.985528290271759,0.985528290271759
116073416,cal,0,0,0.30562081933021545,0.6943792104721069
204546379,cal,0,0,0.28695592284202576,0.7130440473556519
933587745,cal,0,0,0.2961547374725342,0.7038452625274658
1649320455,cal,0,0,0.3219050168991089,0.6780949831008911
1708836992,cal,0,0,0.3197396695613861,0.6802603006362915
1653166853,cal,1,1,0.5406427979469299,0.5406427979469299
1713405182,cal,1,0,0.43428370356559753,0.5657162666320801
1347996831,cal,1,0,0.4895400106906891,0.5104600191116333
1483858200,cal,1,1,0.9457922577857971,0.9457922577857971
927776833,cal,1,0,0.3277178406715393,0.6722821593284607
1069263449,cal,1,0,0.2545250356197357,0.7454749345779419
295432434,cal,1,0,0.3709165155887604,0.629083514213562
1303866241,cal,1,0,0.24635426700115204,0.7536457180976868
2086674517,cal,1,0,0.2787483334541321,0.7212516665458679
934403314,cal,1,1,0.5051295757293701,0.5051295757293701
946331737,cal,1,1,0.6447636485099792,0.6447636485099792
1335641216,cal,1,0,0.4353466331958771,0.5646533966064453
1607080612,cal,1,0,0.4999525547027588,0.5000474452972412
1804974919,cal,1,1,0.583664059638977,0.583664059638977
778880048,cal,1,0,0.45785245299339294,0.5421475172042847
799438815,cal,1,0,0.4228050112724304,0.5771949887275696
1131843363,cal,1,0,0.48181238770484924,0.5181876420974731
1142087419,cal,1,0,0.48574206233024597,0.5142579078674316
1540473012,cal,1,0,0.30652132630348206,0.6934787034988403
138001323,test,0,0,0.047003306448459625,0.9529966711997986
1345649952,test,0,0,0.11370515823364258,0.8862948417663574
1360921728,test,0,0,0.07290536910295486,0.9270946383476257
1448500732,test,0,0,0.11825983226299286,0.881740152835846
369906792,test,0,0,0.3249070644378662,0.6750929355621338
1250024161,test,0,0,0.10590385645627975,0.8940961360931396
1414382599,test,0,0,0.08879999816417694,0.9111999869346619
1540647430,test,0,0,0.1204579770565033,0.8795419931411743
1003207625,cal,0,0,0.16423562169075012,0.8357644081115723
1961719302,cal,0,0,0.16982868313789368,0.8301713466644287
724982989,cal,0,0,0.18086937069892883,0.8191306591033936
814567985,cal,0,0,0.12858857214450836,0.8714114427566528
1141740279,cal,1,0,0.18006335198879242,0.8199366331100464
1712652661,cal,1,0,0.022084824740886688,0.9779151678085327
1774238574,cal,1,0,0.31162703037261963,0.6883729696273804
259946490,cal,1,0,0.07632164657115936,0.9236783385276794
851402678,cal,1,1,0.7044805884361267,0.7044805884361267
1402635085,cal,1,0,0.3558978736400604,0.6441020965576172
1650253937,cal,0,0,0.03744971752166748,0.9625502824783325
1883439248,cal,0,0,0.0004661618731915951,0.9995338320732117
56305122,cal,0,0,0.0007687162724323571,0.9992312788963318
1666450069,cal,0,0,0.0003350859915371984,0.9996649026870728
227013663,cal,1,1,0.8532401919364929,0.8532401919364929
1682763726,cal,1,1,0.6567314267158508,0.6567314267158508
689494103,cal,1,0,0.40175366401672363,0.5982463359832764
885556143,cal,1,1,0.7969692945480347,0.7969692945480347
1267474512,cal,1,1,0.665876030921936,0.665876030921936
200718159,cal,0,0,1.5469524441868998e-05,0.9999845027923584
1248172803,cal,0,0,0.004675091709941626,0.9953249096870422
1016790821,cal,0,0,0.007017158903181553,0.9929828643798828
1062689869,cal,0,0,1.2788098047167296e-07,0.9999998807907104
1329477169,test,0,0,1.3449724974634591e-05,0.9999865293502808
1664253916,test,0,0,0.00029580670525319874,0.9997041821479797
1873014666,test,0,0,0.00011294304567854851,0.9998870491981506
1115339402,test,0,0,3.403930122658494e-06,0.9999966025352478
1553039196,test,0,0,3.987866875831969e-06,0.9999960064888
1616828395,test,0,0,1.0836313776962925e-05,0.9999891519546509
94980815,test,0,0,0.007252187002450228,0.9927477836608887
1460513750,test,0,0,0.07444136589765549,0.9255586266517639
2065570847,test,0,0,0.002769345184788108,0.9972306489944458
611499025,test,0,0,0.013165843673050404,0.9868341684341431
1140119705,test,0,0,0.0012994228163734078,0.9987005591392517
1883838453,test,0,0,0.017780354246497154,0.9822196364402771
1985788092,test,0,0,0.12447531521320343,0.8755246996879578
1460503281,cal,1,0,0.11651955544948578,0.883480429649353
1948913569,cal,1,0,0.24159669876098633,0.7584033012390137
301878489,cal,1,0,0.4455195665359497,0.5544804334640503
1486895749,cal,1,0,0.39118194580078125,0.6088180541992188
310750418,cal,0,0,0.3936440348625183,0.6063559651374817
2089194353,cal,0,0,0.3288712501525879,0.6711287498474121
891153636,cal,0,0,0.2610275149345398,0.7389724850654602
1052881794,cal,0,0,0.2436058670282364,0.7563941478729248
2039612198,cal,0,0,0.24048590660095215,0.7595140933990479
664386283,cal,1,1,0.6061243414878845,0.6061243414878845
670346444,cal,1,0,0.4017508327960968,0.5982491970062256
718462925,cal,1,1,0.5872663855552673,0.5872663855552673
1729428460,cal,1,0,0.4724815785884857,0.5275183916091919
1882945473,cal,1,0,0.05354778468608856,0.9464522004127502
1888618557,cal,1,1,0.8328801989555359,0.8328801989555359
1209370177,cal,1,0,0.0805150493979454,0.9194849729537964
1683523668,cal,1,0,0.028855975717306137,0.9711440205574036
1143959557,cal,1,0,0.34536996483802795,0.6546300649642944
2131278360,cal,1,0,0.33813855051994324,0.6618614196777344
295590530,cal,1,0,0.36162906885147095,0.638370931148529
964104142,cal,1,0,0.07588625699281693,0.9241137504577637
869251006,cal,1,1,0.8868229389190674,0.8868229389190674
1072605629,cal,1,1,0.9628966450691223,0.9628966450691223
1395906421,cal,1,1,0.8639860153198242,0.8639860153198242
137598840,cal,1,0,0.007467898540198803,0.9925320744514465
282212399,cal,1,0,0.018358077853918076,0.981641948223114
608406262,cal,1,0,0.16291436553001404,0.8370856046676636
389613645,cal,1,1,0.9235312342643738,0.9235312342643738
624875776,cal,1,1,0.8971518874168396,0.8971518874168396
59378374,cal,1,1,0.9355969429016113,0.9355969429016113
462928251,cal,1,1,0.8750145435333252,0.8750145435333252
1360056913,cal,1,1,0.8748782277107239,0.8748782277107239
193674652,cal,1,1,0.7692153453826904,0.7692153453826904
1769307372,cal,1,1,0.9651970863342285,0.9651970863342285
1167155238,cal,1,1,0.8030455112457275,0.8030455112457275
1383960954,cal,1,1,0.8015777468681335,0.8015777468681335
1401230529,cal,1,0,0.1744365245103836,0.8255634903907776
205013928,cal,1,1,0.8423036932945251,0.8423036932945251
790084507,cal,1,1,0.9676274061203003,0.9676274061203003
167198251,cal,1,1,0.9391878247261047,0.9391878247261047
776092893,cal,1,1,0.9397653937339783,0.9397653937339783
1345249915,cal,0,0,0.005094944965094328,0.9949050545692444
1770697870,cal,0,0,0.01271535363048315,0.9872846603393555
416630477,cal,0,0,0.0034552430734038353,0.9965447783470154
1907876397,cal,0,0,0.021229688078165054,0.9787703156471252
440161628,test,1,0,0.36201587319374084,0.6379841566085815
524184701,test,1,0,0.1508442610502243,0.8491557240486145
1554271998,test,1,0,0.2368060201406479,0.7631939649581909
1567679591,test,1,0,0.18695953488349915,0.8130404949188232
1929699528,test,1,0,0.44806045293807983,0.5519395470619202
271741269,cal,0,0,0.010648220777511597,0.989351749420166
514646450,cal,0,0,0.006884200032800436,0.9931157827377319
1302254899,cal,0,0,0.06691945344209671,0.9330805540084839
406764921,cal,0,0,0.1229139119386673,0.8770861029624939
1897884654,cal,0,0,0.3212242126464844,0.6787757873535156
377106737,cal,0,0,0.0414016991853714,0.9585983157157898
787227423,cal,0,0,0.0250509362667799,0.974949061870575
167807018,cal,0,0,0.11611352860927582,0.883886456489563
965047953,cal,0,0,0.014698266051709652,0.9853017330169678
1737459479,cal,0,0,0.01853620633482933,0.9814637899398804
608100011,cal,0,0,0.012474491260945797,0.9875255227088928
1734348356,cal,0,0,0.01744130067527294,0.9825587272644043
1790748888,cal,0,0,0.0064105382189154625,0.993589460849762
703521218,cal,0,0,0.017923368141055107,0.9820766448974609
1584366642,cal,0,0,0.00810976605862379,0.9918902516365051
1674633725,cal,0,0,0.00035997561644762754,0.9996400475502014
91955294,cal,0,0,0.0002283267822349444,0.9997716546058655
587721863,cal,0,0,0.0020464893896132708,0.9979535341262817
1266227816,cal,0,0,9.27775981836021e-05,0.9999071955680847
1704426414,cal,0,0,0.003800551872700453,0.9961994290351868
200006479,cal,0,0,0.003855085000395775,0.9961448907852173
975823457,cal,0,0,0.0001396371953887865,0.9998603463172913
1575631054,cal,0,0,0.026268161833286285,0.9737318158149719
1773604645,cal,0,0,0.0006878948188386858,0.9993121027946472
605047914,test,0,0,0.027849752455949783,0.9721502661705017
983872360,test,0,0,0.01042221300303936,0.9895777702331543
842209441,test,0,0,0.11517538875341415,0.8848246335983276
948174864,test,0,0,0.002495709341019392,0.9975042939186096
734272492,test,0,0,0.04592159762978554,0.9540783762931824
1755532522,test,0,0,0.024039169773459435,0.9759608507156372
1361547019,test,0,0,0.013618474826216698,0.9863815307617188
1740532224,test,0,0,0.07380347698926926,0.9261965155601501
969599996,cal,0,0,0.041656386107206345,0.9583436250686646
2046228326,cal,0,0,0.05807943269610405,0.9419205784797668
1238146669,cal,0,0,0.034560319036245346,0.9654396772384644
1839383720,cal,0,0,0.16009356081485748,0.8399064540863037
856782041,test,1,0,0.4512420892715454,0.5487579107284546
1770855648,test,1,0,0.2961699068546295,0.7038301229476929
693829905,test,1,0,0.4067744314670563,0.5932255983352661
1169350809,test,1,1,0.5004750490188599,0.5004750490188599
805416872,test,1,1,0.8846642971038818,0.8846642971038818
1247551926,test,1,1,0.5325886607170105,0.5325886607170105
68491,test,1,1,0.7226989269256592,0.7226989269256592
249058752,test,1,1,0.5389779806137085,0.5389779806137085
1109684443,test,1,1,0.5080031752586365,0.5080031752586365
2061844028,test,1,0,0.3647446036338806,0.6352553963661194
810856727,cal,1,0,0.1674429476261139,0.8325570821762085
887513752,cal,1,0,0.32652923464775085,0.6734707355499268
1263283397,cal,1,0,0.21153560280799866,0.7884644269943237
2030075470,cal,1,0,0.4872416853904724,0.5127583146095276
267805525,cal,0,0,0.20310787856578827,0.7968921065330505
2009137259,cal,0,0,0.31911060214042664,0.680889368057251
1951553697,cal,0,0,0.386249840259552,0.613750159740448
1975097607,cal,0,0,0.31971800327301025,0.6802819967269897
1729113751,cal,1,1,0.9297820329666138,0.9297820329666138
2114157731,cal,1,1,0.8097813129425049,0.8097813129425049
585082522,cal,1,0,0.1340010166168213,0.8659989833831787
1929693760,cal,1,1,0.6272872090339661,0.6272872090339661
236118556,cal,0,0,0.15275804698467255,0.8472419381141663
269478095,cal,0,0,0.13836395740509033,0.8616360425949097
362974101,cal,0,0,0.23051822185516357,0.7694817781448364
535786162,cal,0,0,0.1156497523188591,0.8843502402305603
1496079995,cal,0,0,0.4069264531135559,0.5930735468864441
260227347,cal,0,0,0.04411207512021065,0.9558879137039185
2085161156,cal,0,0,0.04883960261940956,0.9511603713035583
181471941,cal,0,0,0.03239411488175392,0.9676058888435364
1451118698,cal,0,0,0.03187264874577522,0.9681273698806763
278384046,cal,0,0,0.037338100373744965,0.9626619219779968
1316977861,cal,0,0,0.03690389171242714,0.9630960822105408
24720934,cal,0,0,0.06033361703157425,0.9396663904190063
1936944501,cal,0,0,0.018984155729413033,0.9810158610343933
7667615,cal,0,0,0.26476067304611206,0.7352393269538879
1966960463,cal,0,0,0.42318761348724365,0.5768123865127563
754816117,cal,0,0,0.336992472410202,0.6630074977874756
1484775079,cal,0,0,0.48923465609550476,0.5107653141021729
233351266,cal,1,0,0.4525631368160248,0.5474368333816528
439532189,cal,1,0,0.4789195656776428,0.5210804343223572
1314075834,cal,1,0,0.4442092776298523,0.5557907223701477
2083920398,cal,1,1,0.5237005352973938,0.5237005352973938
272876511,cal,0,0,0.05474536120891571,0.9452546238899231
1450627962,cal,0,1,0.9615789651870728,0.9615789651870728
1530928857,cal,0,0,0.3711509108543396,0.6288490891456604
181940018,cal,0,0,0.13985002040863037,0.8601499795913696
1219418013,cal,0,0,0.06400520354509354,0.9359948039054871
1223997402,cal,0,0,0.001358216512016952,0.9986417889595032
939522923,cal,0,0,0.2727935016155243,0.7272064685821533
1275900215,cal,0,1,0.7933075428009033,0.7933075428009033
1755404065,cal,0,1,0.8138267397880554,0.8138267397880554
1158486521,cal,0,1,0.5398581027984619,0.5398581027984619
1635299142,cal,0,1,0.7214946746826172,0.7214946746826172
1723173494,cal,0,1,0.5406374931335449,0.5406374931335449
752465933,cal,1,1,0.98456871509552,0.98456871509552
1683139460,cal,1,1,0.9217708706855774,0.9217708706855774
109297675,cal,1,1,0.9527311325073242,0.9527311325073242
204333778,cal,1,1,0.9845709204673767,0.9845709204673767
796175815,cal,1,1,0.8415339589118958,0.8415339589118958
1036813417,cal,1,1,0.8999037742614746,0.8999037742614746
631144988,cal,1,1,0.9299067854881287,0.9299067854881287
937370265,cal,1,1,0.9475480914115906,0.9475480914115906
125432531,test,1,1,0.9182289242744446,0.9182289242744446
374115059,test,1,1,0.7253831624984741,0.7253831624984741
809056887,test,1,1,0.8853256106376648,0.8853256106376648
365528698,test,1,1,0.7590078115463257,0.7590078115463257
1549300533,test,1,1,0.5544241070747375,0.5544241070747375
1826229508,test,1,1,0.8489324450492859,0.8489324450492859
120089186,cal,1,1,0.8054570555686951,0.8054570555686951
1718075896,cal,1,1,0.8522172570228577,0.8522172570228577
1886755884,cal,1,1,0.5508869886398315,0.5508869886398315
1274464269,cal,1,1,0.8792347311973572,0.8792347311973572
1362869339,cal,1,1,0.9069100022315979,0.9069100022315979
1502156938,cal,1,1,0.7481712698936462,0.7481712698936462
442178426,cal,0,0,0.21257250010967255,0.7874274849891663
770296840,cal,0,0,0.0572224035859108,0.9427775740623474
351699139,cal,0,0,0.19361653923988342,0.806383490562439
1319687546,cal,0,0,0.10364334285259247,0.8963566422462463
1523948495,cal,0,0,0.22067250311374664,0.7793275117874146
185843385,cal,1,0,0.43629756569862366,0.5637024641036987
1835254694,cal,1,1,0.6739278435707092,0.6739278435707092
245522489,cal,1,1,0.8961721062660217,0.8961721062660217
1960294476,cal,1,1,0.6102754473686218,0.6102754473686218
704099210,cal,0,0,0.008760865777730942,0.9912391304969788
859227027,cal,0,0,0.0011824337998405099,0.9988175630569458
902537477,cal,0,0,0.028162021189928055,0.9718379974365234
104005142,cal,0,1,0.5313189029693604,0.5313189029693604
481655335,cal,0,0,0.17038653790950775,0.829613447189331
528995640,cal,0,0,0.016561537981033325,0.9834384918212891
1120066448,cal,0,0,0.05351731553673744,0.9464826583862305
1199721145,cal,0,0,0.020940180867910385,0.9790598154067993
1605009927,cal,0,0,0.007523476146161556,0.9924765229225159
894803199,cal,0,0,0.011582780629396439,0.9884172081947327
1352285439,cal,0,0,0.12301821261644363,0.876981794834137
2063874831,cal,0,0,0.017156731337308884,0.982843279838562
2091712060,cal,0,0,0.045238297432661057,0.9547616839408875
153908506,cal,1,1,0.5403127670288086,0.5403127670288086
329885758,cal,1,1,0.5865765810012817,0.5865765810012817
716378644,cal,1,1,0.6047279834747314,0.6047279834747314
1112036823,cal,1,1,0.8106201887130737,0.8106201887130737
1810637457,cal,1,1,0.827612578868866,0.827612578868866
191877569,test,1,1,0.7173939347267151,0.7173939347267151
1649890729,test,1,1,0.5608617067337036,0.5608617067337036
751150002,test,1,1,0.7746946215629578,0.7746946215629578
1508679282,test,1,1,0.5727981925010681,0.5727981925010681
264236358,test,1,0,0.007252861745655537,0.9927471280097961
583009655,test,1,0,0.007582946214824915,0.99241703748703
1378086953,test,1,0,0.05776839703321457,0.9422315955162048
107324965,test,1,0,0.010118100792169571,0.9898818731307983
1597169404,test,1,0,0.0015951688401401043,0.998404860496521
1777857870,test,1,0,0.0017942475387826562,0.9982057809829712
281183511,cal,1,1,0.8839923143386841,0.8839923143386841
1966293227,cal,1,1,0.8671118021011353,0.8671118021011353
1060602294,cal,1,1,0.7717871069908142,0.7717871069908142
1468516911,cal,1,1,0.7206665873527527,0.7206665873527527
94062081,cal,1,1,0.7905570268630981,0.7905570268630981
914227636,cal,1,1,0.7756728529930115,0.7756728529930115
383345639,cal,1,1,0.7870053052902222,0.7870053052902222
1298862183,cal,1,1,0.6453520655632019,0.6453520655632019
639535102,cal,0,0,0.003774423385038972,0.9962255954742432
1291981593,cal,0,0,7.996076601557434e-05,0.9999200105667114
1711539056,cal,0,0,0.0009556786972098053,0.9990442991256714
2041288507,cal,0,0,3.725876740645617e-05,0.9999627470970154
593622848,cal,0,0,0.03386199101805687,0.9661380052566528
783172791,cal,0,0,0.01373274065554142,0.9862672686576843
1105474461,cal,0,0,0.028382817283272743,0.9716171622276306
1761908250,cal,0,0,0.1622895747423172,0.837710440158844
437086982,cal,1,1,0.9766627550125122,0.9766627550125122
767757725,cal,1,1,0.956447184085846,0.956447184085846
1010086988,cal,1,1,0.9895540475845337,0.9895540475845337
384561633,cal,1,1,0.9723586440086365,0.9723586440086365
1948160150,cal,1,1,0.8084680438041687,0.8084680438041687
2117743989,cal,1,1,0.9464651942253113,0.9464651942253113
906781390,cal,1,0,0.16369590163230896,0.8363040685653687
1095761695,cal,1,0,0.1140342429280281,0.8859657645225525
1116704884,cal,1,0,0.1615348905324936,0.8384650945663452
1240829132,cal,1,0,0.198090597987175,0.8019093871116638
1530762825,cal,1,0,0.3513309955596924,0.6486690044403076
1710281828,cal,1,0,0.1259312927722931,0.8740687370300293
24673481,cal,0,0,0.00033330838778056204,0.999666690826416
1026218489,cal,0,0,0.006259433925151825,0.9937405586242676
1153495624,cal,0,0,0.01107446476817131,0.9889255166053772
1262146750,cal,0,0,0.0012453226372599602,0.9987546801567078
728367625,cal,0,0,0.001075773499906063,0.9989242553710938
1418817237,cal,0,0,0.006162458099424839,0.9938375353813171
944574364,test,1,1,0.8607698678970337,0.8607698678970337
1811402908,test,1,1,0.8514906764030457,0.8514906764030457
105998238,test,1,1,0.808247983455658,0.808247983455658
1197357735,test,1,1,0.8745407462120056,0.8745407462120056
432155985,cal,0,1,0.9652585983276367,0.9652585983276367
1978018832,cal,0,1,0.7932413816452026,0.7932413816452026
2011678683,cal,0,1,0.8123061060905457,0.8123061060905457
184314982,cal,0,1,0.8406147360801697,0.8406147360801697
331266590,cal,0,1,0.5570379495620728,0.5570379495620728
370199851,cal,1,0,0.257230281829834,0.742769718170166
582939964,cal,1,1,0.5112643837928772,0.5112643837928772
1660087027,cal,1,0,0.420818030834198,0.579181969165802
791000849,cal,1,1,0.5847349166870117,0.5847349166870117
1451709953,cal,1,1,0.5629422068595886,0.5629422068595886
1825583527,cal,1,0,0.4135177731513977,0.5864822268486023
783614224,cal,0,0,0.27431249618530273,0.7256875038146973
1269251664,cal,0,0,0.21060237288475037,0.7893975973129272
1557779805,cal,0,0,0.369118869304657,0.630881130695343
1241138585,cal,0,0,0.0363200381398201,0.9636799693107605
2121823994,cal,0,0,0.03330440819263458,0.9666956067085266
478506891,test,0,0,0.00474892184138298,0.9952510595321655
991310893,test,0,0,0.009605791419744492,0.9903942346572876
2124226318,test,0,0,0.05191797763109207,0.9480820298194885
463935658,test,0,0,2.9026683478150517e-05,0.9999709725379944
984168211,test,0,0,0.006290868856012821,0.993709146976471
2132936029,test,0,0,0.001216392614878714,0.9987835884094238
184944330,cal,1,0,0.17219074070453644,0.8278092741966248
1721323862,cal,1,0,0.14002035558223724,0.8599796295166016
2144847791,cal,1,0,0.07026266306638718,0.9297373294830322
321668466,cal,1,0,0.4007725715637207,0.5992274284362793
496073392,cal,1,1,0.593091607093811,0.593091607093811
2057913470,cal,1,1,0.5096735954284668,0.5096735954284668
275764255,cal,0,0,0.0006212625303305686,0.9993787407875061
1727524959,cal,0,0,0.0052674682810902596,0.9947325587272644
213491347,cal,0,0,0.007767425384372473,0.9922325611114502
1802733358,cal,0,0,0.00107130769174546,0.9989286661148071
359285820,cal,0,0,0.0012682105880230665,0.998731791973114
1287688434,cal,0,0,0.0021993585396558046,0.9978006482124329
1657423416,cal,0,0,0.000114510788989719,0.9998854994773865
407579397,cal,0,0,0.00038158692768774927,0.999618411064148
1527871215,cal,0,0,0.00018695251492317766,0.9998130202293396
375042885,test,0,0,0.01722978800535202,0.9827702045440674
1234718810,test,0,0,0.0404914990067482,0.95950847864151
1892884210,test,0,0,0.07933611422777176,0.9206638932228088
760816432,test,0,0,0.22291810810565948,0.7770819067955017
1464369781,test,0,0,0.11004670709371567,0.8899533152580261
1504617412,test,0,0,0.050914932042360306,0.9490850567817688
1790104347,test,0,0,0.04325060918927193,0.9567493796348572
738250629,test,1,1,0.9600239992141724,0.9600239992141724
2101177028,test,1,1,0.8449146747589111,0.8449146747589111
1480603620,test,1,1,0.8103561401367188,0.8103561401367188
1598540403,test,1,1,0.9179946184158325,0.9179946184158325
1650082122,test,1,1,0.5692043304443359,0.5692043304443359
111462924,test,0,0,0.06766919791698456,0.9323307871818542
1879847269,test,0,0,0.04885187745094299,0.9511481523513794
282752780,test,0,0,0.014164081774652004,0.9858359098434448
635854550,test,0,0,0.12113884091377258,0.8788611888885498
801763188,cal,1,1,0.9476941823959351,0.9476941823959351
825211952,cal,1,1,0.5835136771202087,0.5835136771202087
362633763,cal,1,1,0.5762090682983398,0.5762090682983398
1915453074,cal,1,1,0.9624082446098328,0.9624082446098328
82783769,cal,0,0,0.012547625228762627,0.9874523878097534
148101599,cal,0,0,0.00015045668988022953,0.9998495578765869
1519248569,cal,0,1,0.5216416120529175,0.5216416120529175
2129682054,cal,0,0,0.05425671115517616,0.9457432627677917
1100376292,cal,1,1,0.6509619355201721,0.6509619355201721
1606333582,cal,1,1,0.7316921949386597,0.7316921949386597
2090293316,cal,1,1,0.5313389897346497,0.5313389897346497
20867100,cal,1,1,0.6737444996833801,0.6737444996833801
582924582,cal,1,1,0.7320302724838257,0.7320302724838257
1896545993,cal,1,1,0.6885284185409546,0.6885284185409546
541344842,cal,0,0,0.2516588866710663,0.7483410835266113
727255549,cal,0,0,0.054267361760139465,0.9457326531410217
209431591,cal,0,0,0.019081614911556244,0.9809184074401855
1651160393,cal,0,0,0.04284587502479553,0.9571541547775269
635019069,cal,1,1,0.5167213678359985,0.5167213678359985
965876911,cal,1,1,0.5247722268104553,0.5247722268104553
270455863,cal,1,1,0.7168455719947815,0.7168455719947815
638175201,cal,1,1,0.6268488764762878,0.6268488764762878
1127499185,cal,1,1,0.8751975893974304,0.8751975893974304
1368439632,cal,0,0,0.004666424822062254,0.9953335523605347
1700123317,cal,0,0,0.0009494838886894286,0.999050498008728
1819332003,cal,0,0,0.0005600635195150971,0.9994399547576904
730911470,cal,0,0,0.005094660446047783,0.9949053525924683
1229116384,cal,0,0,0.0007603375124745071,0.9992396831512451
1244434781,cal,0,0,0.005648420192301273,0.9943515658378601
1029072430,test,0,0,8.167233318090439e-06,0.9999918341636658
1087769040,test,0,0,0.010967233218252659,0.9890327453613281
1634877223,test,0,0,0.0001551991153974086,0.9998447895050049
1649749593,test,0,0,0.0008867571013979614,0.9991132616996765
63956271,test,0,0,0.00022088995319791138,0.9997791051864624
137928966,test,0,0,0.0017361347563564777,0.9982638359069824
766498043,test,0,0,0.00015601013728883117,0.9998440146446228
1261298563,test,0,0,0.000594422803260386,0.999405562877655
43078961,cal,0,1,0.641514778137207,0.641514778137207
989146869,cal,0,1,0.6063035130500793,0.6063035130500793
1735020933,cal,0,0,0.3074616491794586,0.6925383806228638
1855017617,cal,0,1,0.6545120477676392,0.6545120477676392
277542155,cal,0,0,0.010312952101230621,0.9896870255470276
2018386611,cal,0,0,0.0053803566843271255,0.9946196675300598
542870286,cal,0,0,0.024281885474920273,0.9757181406021118
718820190,cal,0,0,0.07442094385623932,0.9255790710449219
1893255958,cal,0,0,0.03127780929207802,0.9687221646308899
1682605506,cal,0,0,0.013302959501743317,0.9866970181465149
2131359646,cal,0,0,0.001549213076941669,0.9984508156776428
1583311012,cal,0,0,0.0013612174661830068,0.9986388087272644
1655847643,cal,0,0,0.016173038631677628,0.9838269352912903
627666677,cal,0,0,0.04351207986474037,0.9564878940582275
918151422,cal,0,0,0.037603046745061874,0.9623969793319702
361636267,cal,0,0,0.006705927662551403,0.9932940602302551
1161872074,cal,0,0,0.019496776163578033,0.9805032014846802
104659225,cal,1,0,0.36039164662361145,0.6396083831787109
771732894,cal,1,0,0.3546425700187683,0.6453574299812317
1426448849,cal,1,0,0.36394017934799194,0.6360598206520081
536773058,cal,1,1,0.6376003623008728,0.6376003623008728
1363223136,cal,1,1,0.6531118750572205,0.6531118750572205
1466134461,cal,1,1,0.6573882102966309,0.6573882102966309
586074081,test,1,1,0.6056566834449768,0.6056566834449768
871289766,test,1,1,0.6541460156440735,0.6541460156440735
973682002,test,1,1,0.6492660045623779,0.6492660045623779
1184688306,test,1,1,0.8747668266296387,0.8747668266296387
1927892670,test,1,1,0.6529744863510132,0.6529744863510132
719088208,test,1,1,0.7907991409301758,0.7907991409301758
1068262657,test,1,0,0.40453338623046875,0.5954666137695312
1559191845,test,1,1,0.7148420810699463,0.7148420810699463
1716041932,test,1,1,0.7001463174819946,0.7001463174819946
597060905,test,1,1,0.7421185970306396,0.7421185970306396
1741561505,test,1,1,0.8712910413742065,0.8712910413742065
1747420894,test,1,0,0.32948538661003113,0.6705145835876465
2039566968,test,1,1,0.8380505442619324,0.8380505442619324
837315935,test,1,0,0.22396817803382874,0.7760318517684937
920628381,test,1,0,0.006253646686673164,0.9937463402748108
1107562537,test,1,1,0.7533029317855835,0.7533029317855835
1379005911,test,1,1,0.9076560735702515,0.9076560735702515
1855217199,test,1,1,0.7495692372322083,0.7495692372322083
789811613,test,0,0,0.0011305548250675201,0.9988694190979004
1035162651,test,0,0,0.005997948814183474,0.9940020442008972
1699668268,test,0,0,0.031415097415447235,0.9685848951339722
2007749711,test,0,0,0.003849165281280875,0.9961508512496948
72104961,cal,1,0,0.2464345544576645,0.7535654306411743
1182027815,cal,1,0,0.29952406883239746,0.7004759311676025
1426799875,cal,1,0,0.4921492040157318,0.5078507661819458
1605568599,cal,1,1,0.6073492169380188,0.6073492169380188
287330995,cal,0,0,0.017268914729356766,0.9827311038970947
1567710481,cal,0,0,0.036447104066610336,0.9635528922080994
691125728,cal,0,0,0.1161419004201889,0.8838580846786499
1168870957,cal,0,0,0.02731405198574066,0.9726859331130981
1641368441,cal,0,0,0.11145136505365372,0.8885486125946045
703495895,cal,1,0,0.21821539103984833,0.7817845940589905
1325277873,cal,1,0,0.30729323625564575,0.6927067637443542
1380915125,cal,1,0,0.38856443762779236,0.6114355325698853
2132304367,cal,1,0,0.4799825847148895,0.5200173854827881
388840344,cal,1,1,0.7082488536834717,0.7082488536834717
870064760,cal,1,1,0.5240128040313721,0.5240128040313721
699611457,cal,1,1,0.7365267276763916,0.7365267276763916
1953215680,cal,1,1,0.8436764478683472,0.8436764478683472
1240946987,test,0,0,0.02056736871600151,0.9794326424598694
2043824537,test,0,0,0.019750507548451424,0.9802494645118713
1157057053,test,0,0,0.02998255379498005,0.9700174331665039
2068024801,test,0,0,0.09783986955881119,0.902160108089447
66829460,cal,0,0,0.011715405620634556,0.9882845878601074
1052826706,cal,0,0,0.0029303166083991528,0.9970696568489075
1078598472,cal,0,0,0.004016834776848555,0.9959831833839417
1805964050,cal,0,0,0.010577511042356491,0.9894225001335144
1950179912,cal,0,0,0.007149050943553448,0.9928509593009949
525186729,cal,0,0,0.004793595522642136,0.9952064156532288
1510586859,cal,0,0,0.013881471939384937,0.9861185550689697
210607803,cal,0,0,0.01206468977034092,0.9879353046417236
1041262947,cal,0,0,0.011311293579638004,0.9886887073516846
1271108101,cal,1,0,0.3612285554409027,0.6387714147567749
2004177998,cal,1,0,0.49215224385261536,0.507847785949707
967149299,cal,1,0,0.4152694046497345,0.5847306251525879
1332853149,cal,1,1,0.5782560706138611,0.5782560706138611
696541362,cal,1,1,0.6147376298904419,0.6147376298904419
1386597635,cal,1,1,0.7796116471290588,0.7796116471290588
1473738349,cal,1,1,0.769097089767456,0.769097089767456
165677223,cal,1,1,0.8113682270050049,0.8113682270050049
1689836783,cal,1,0,0.4200972616672516,0.5799027681350708
2017818549,cal,1,1,0.7771371603012085,0.7771371603012085
89010109,cal,0,0,0.199569970369339,0.8004300594329834
412344270,cal,0,0,0.07004806399345398,0.9299519062042236
967815706,cal,0,0,0.1643868088722229,0.8356131911277771
1190076245,cal,0,0,0.08155202865600586,0.9184479713439941
387415475,cal,0,0,0.015981433913111687,0.9840185642242432
509682272,cal,0,0,0.013194238767027855,0.9868057370185852
1931831839,cal,0,0,0.012776755727827549,0.9872232675552368
128466356,cal,0,0,0.024249454960227013,0.9757505655288696
1023894187,cal,0,0,0.0468670092523098,0.9531329870223999
1119454492,cal,0,0,0.0823868066072464,0.9176132082939148
880310936,cal,1,1,0.9365276098251343,0.9365276098251343
1224690444,cal,1,1,0.9507310390472412,0.9507310390472412
1374160833,cal,1,1,0.9362798929214478,0.9362798929214478
1435997332,cal,1,1,0.9505343437194824,0.9505343437194824
2123302407,cal,1,1,0.9071846008300781,0.9071846008300781
468843819,cal,1,1,0.9812240600585938,0.9812240600585938
1135637437,cal,1,1,0.8755725026130676,0.8755725026130676
1582751624,cal,1,1,0.8148836493492126,0.8148836493492126
2038985451,cal,1,1,0.8528294563293457,0.8528294563293457
826434002,cal,1,1,0.8620708584785461,0.8620708584785461
913765367,cal,1,1,0.9649408459663391,0.9649408459663391
1291193350,cal,1,1,0.7318276762962341,0.7318276762962341
2057201810,cal,1,1,0.7692593932151794,0.7692593932151794
1099037590,cal,1,1,0.8144161105155945,0.8144161105155945
1211354626,cal,1,1,0.686972439289093,0.686972439289093
1519313876,cal,1,1,0.8136053681373596,0.8136053681373596
1729145157,cal,1,1,0.9698777198791504,0.9698777198791504
29691441,cal,1,0,0.33648717403411865,0.6635128259658813
871909337,cal,1,1,0.7784448266029358,0.7784448266029358
1250450982,cal,1,1,0.728460967540741,0.728460967540741
1390604852,cal,1,1,0.716400146484375,0.716400146484375
1803040547,cal,1,1,0.749554455280304,0.749554455280304
87107464,cal,0,0,0.039829738438129425,0.9601702690124512
876775768,cal,0,0,0.00015658694610465318,0.999843418598175
1540373457,cal,0,0,0.00010637502418830991,0.9998936057090759
1896739248,cal,0,0,0.0201392974704504,0.9798607230186462
865009562,cal,0,0,0.010194366797804832,0.9898056387901306
916130787,cal,0,0,0.03764889016747475,0.9623510837554932
947348236,cal,0,0,0.0020176030229777098,0.997982382774353
1868454245,cal,0,0,0.04189584031701088,0.958104133605957
1799146246,test,0,1,0.5450201034545898,0.5450201034545898
1984284178,test,0,1,0.7324033975601196,0.7324033975601196
849558309,test,0,1,0.5847898125648499,0.5847898125648499
1755377185,test,0,1,0.5846620202064514,0.5846620202064514
981003474,cal,1,1,0.9687597751617432,0.9687597751617432
1897622232,cal,1,1,0.9320595860481262,0.9320595860481262
406102950,cal,1,1,0.8627808094024658,0.8627808094024658
1767770428,cal,1,1,0.9440253376960754,0.9440253376960754
475498085,cal,0,1,0.737038791179657,0.737038791179657
906970751,cal,0,0,0.3590501546859741,0.6409498453140259
896966766,cal,0,0,0.30539047718048096,0.694609522819519
1513258953,cal,0,0,0.29636678099632263,0.703633189201355
408767321,cal,0,0,0.2164486050605774,0.7835513949394226
1023858346,cal,0,0,0.042323268949985504,0.9576767086982727
1584557233,cal,0,0,0.09115031361579895,0.9088497161865234
786997994,cal,0,0,0.48483845591545105,0.5151615142822266
1571683536,cal,0,0,0.30193084478378296,0.698069155216217
1254231932,test,1,1,0.9823262095451355,0.9823262095451355
1414666614,test,1,1,0.8935689330101013,0.8935689330101013
560252538,test,1,1,0.9841998815536499,0.9841998815536499
1483505059,test,1,1,0.9868258833885193,0.9868258833885193
598566786,cal,0,0,0.0035493390168994665,0.996450662612915
2065242261,cal,0,0,5.481108746607788e-05,0.9999451637268066
1147995898,cal,0,0,0.0043920413590967655,0.9956079721450806
1840681845,cal,0,0,0.001211313996464014,0.9987887144088745
497229597,test,0,0,0.17306865751743317,0.826931357383728
920859194,test,0,0,0.08431195467710495,0.9156880378723145
1916516690,test,0,0,0.07444457709789276,0.925555408000946
491265116,test,0,0,0.015917599201202393,0.9840824007987976
690016136,test,0,0,0.11594255268573761,0.8840574622154236
281143250,cal,0,0,0.01196245476603508,0.9880375266075134
714251521,cal,0,0,0.0545443557202816,0.9454556703567505
1177448351,cal,0,0,0.08280035108327866,0.9171996712684631
615918137,cal,0,0,0.033033497631549835,0.9669665098190308
1803637623,cal,0,0,0.008329068310558796,0.9916709065437317
56487741,cal,0,0,5.624592813546769e-05,0.999943733215332
1117699183,cal,0,0,1.0598480002954602e-05,0.99998939037323
1535897244,cal,0,0,0.004295394755899906,0.9957045912742615
561482287,cal,0,0,0.025096898898482323,0.9749031066894531
1542085304,cal,0,0,0.008092287927865982,0.9919077157974243
1830582850,cal,0,0,0.004705708008259535,0.9952942728996277
